# Blender 5.0.1
# www.blender.org
mtllib bunny_simple.mtl
o bunny
v -0.284178 0.192551 0.050780
v -0.490517 0.419950 0.373988
v 0.145898 0.194532 0.268348
v -0.093696 0.027457 0.375795
v -0.159988 0.648293 -0.008214
v -0.575282 0.168121 0.544669
v 0.236721 0.213737 0.184853
v 0.544572 -0.105985 -0.078722
v -0.733277 0.303626 0.247607
v -0.673158 -0.005156 0.268863
v 0.130207 0.171638 0.313903
v -0.638627 -0.163834 -0.074494
v -0.738365 0.114894 0.076390
v 0.575757 -0.103198 -0.021207
v -0.675396 0.053080 0.009620
v 0.390241 0.150585 0.243592
v -0.180492 0.174161 0.109831
v 0.305607 0.169271 0.294139
v 0.334375 0.122834 0.327288
v -0.238228 0.557946 0.053482
v -0.075281 0.464081 -0.029816
v -0.507601 0.373818 0.421215
v -0.531809 0.314870 0.473937
v -0.164936 0.156273 0.016826
v -0.751555 0.055562 0.408207
v 0.104532 0.140200 0.353144
v 0.449131 -0.167691 0.457408
v 0.040502 0.534155 -0.110140
v -0.272521 0.563845 0.056214
v -0.267407 0.589736 0.030926
v -0.737597 0.249965 0.225415
v 0.489285 -0.054983 0.365447
v -0.576705 0.319131 0.483014
v -0.684081 -0.003372 0.075712
v 0.043269 0.175012 0.007030
v -0.342783 0.472402 0.113943
v -0.166357 0.676853 -0.058660
v -0.754574 0.159400 0.366695
v -0.111356 0.686011 -0.047072
v -0.562160 0.115730 0.552800
v -0.573632 0.358892 0.450288
v -0.537552 0.455496 0.088905
v -0.473422 0.443900 0.318025
v -0.550883 0.444098 0.318411
v 0.371011 0.119088 0.326339
v -0.388406 -0.689153 0.482195
v -0.199390 0.173979 0.040456
v -0.193987 0.176766 0.067734
v -0.472522 0.476135 -0.113193
v -0.593583 0.537743 -0.171654
v 0.578881 -0.091368 0.247814
v 0.297337 0.037196 0.396851
v -0.655357 0.002096 0.305286
v -0.184462 0.619372 0.014464
v -0.209771 0.603576 0.028623
v -0.746762 0.356753 0.259056
v -0.055271 0.028355 0.398343
v -0.740246 0.157077 0.074644
v 0.461955 0.076243 0.287214
v 0.463779 -0.076795 -0.141516
v 0.588094 -0.073800 0.053838
v 0.161251 0.035384 0.433618
v -0.437268 0.407437 0.369871
v 0.503557 0.049517 0.251384
v 0.379005 -0.706957 0.429950
v 0.336558 -0.158856 0.498701
v 0.224041 -0.057870 -0.198777
v 0.266385 0.198940 0.242337
v 0.136635 0.210345 0.167896
v -0.548698 0.557857 -0.167171
v -0.468573 0.451166 0.089881
v -0.298535 0.230006 0.204208
v -0.231728 0.632225 -0.017884
v -0.359735 -0.666967 0.468944
v 0.126905 0.209189 0.111863
v 0.091550 0.103383 -0.116696
v -0.279818 -0.668487 0.448342
v -0.246425 -0.668334 0.438316
v -0.171358 0.152804 0.219026
v -0.643380 0.394826 0.375414
v -0.669963 -0.020393 0.035425
v 0.573653 -0.048370 0.179581
v -0.304871 0.473746 0.102888
v 0.618274 -0.218238 0.226077
v -0.039966 0.490854 -0.029098
v -0.089954 0.052118 0.352243
v -0.592708 0.042433 0.521182
v 0.159237 -0.691815 0.484939
v -0.584126 0.220351 0.538362
v -0.448299 0.458668 0.229484
v 0.462025 0.094782 0.250808
v -0.588781 0.091750 0.545514
v -0.534352 -0.138289 -0.144190
v -0.588809 -0.179444 -0.124537
v -0.096428 0.710060 -0.065103
v -0.083804 0.696639 -0.075141
v -0.421398 0.464372 0.093300
v -0.446769 0.447300 0.052164
v -0.093548 0.159223 0.136372
v -0.562195 0.542614 -0.141741
v -0.599064 -0.127153 0.385091
v 0.555897 -0.089067 -0.052397
v -0.219689 -0.673497 0.429787
v -0.137826 -0.742590 0.531345
v -0.103638 -0.655721 0.524498
v -0.068220 -0.648221 0.543340
v 0.271833 0.205625 0.204828
v 0.064025 -0.676937 0.513883
v 0.146289 -0.659842 0.482559
v 0.192361 -0.662069 0.473532
v 0.240450 -0.662546 0.469466
v 0.284229 -0.648745 0.460401
v -0.177662 0.615486 -0.129029
v -0.775185 0.115195 0.254984
v 0.619643 -0.226391 0.022187
v 0.110289 0.082818 0.401702
v -0.595408 0.032762 -0.035434
v -0.246300 0.534517 -0.097271
v -0.342813 -0.435380 0.380511
v -0.682739 0.408325 0.312373
v -0.488014 0.457340 -0.054697
v -0.544315 0.495667 -0.049413
v -0.526679 0.431173 0.353013
v -0.402527 -0.651188 0.454922
v -0.299889 -0.658380 0.443099
v -0.213149 -0.663140 0.425668
v -0.013608 0.176502 0.196432
v -0.093872 0.142977 0.012834
v -0.129811 0.150737 0.050776
v -0.104610 -0.630340 0.513489
v -0.038636 -0.644696 0.541912
v 0.011337 -0.645038 0.521191
v 0.086101 -0.646078 0.493142
v 0.111226 -0.643571 0.486626
v 0.223181 0.041834 0.420406
v -0.592515 0.386313 0.416823
v -0.287036 0.202825 0.224035
v -0.631971 0.201537 0.544539
v -0.337075 0.419264 0.134849
v 0.163879 -0.052767 -0.206057
v 0.433698 0.107317 0.272529
v -0.209604 0.568810 0.034630
v -0.564041 0.261052 0.513895
v -0.029002 -0.167639 0.544286
v 0.130507 -0.120611 0.536511
v 0.030099 0.171084 0.268185
v -0.348876 -0.640656 0.440780
v -0.264241 -0.631293 0.419902
v 0.116776 -0.103576 0.507530
v -0.752893 0.061571 0.347000
v -0.076420 -0.616630 0.514396
v 0.042398 -0.627926 0.494625
v 0.161729 -0.645486 0.484762
v 0.200723 -0.625319 0.518702
v 0.235080 -0.638208 0.503649
v 0.273098 -0.635796 0.484174
v -0.308578 0.035667 0.362198
v -0.054210 0.137522 0.253613
v -0.141945 -0.204783 -0.234885
v 0.554762 -0.048977 0.279550
v 0.253198 0.188500 0.282117
v -0.268659 0.171905 0.202548
v -0.125644 0.156034 0.132673
v -0.069433 -0.205499 0.538686
v -0.379792 -0.627871 0.427257
v -0.328494 -0.624094 0.411722
v -0.196048 -0.616358 0.408122
v -0.027349 -0.627463 0.521957
v 0.022732 -0.619329 0.494067
v 0.073200 -0.631061 0.493002
v -0.152154 0.035061 0.361132
v -0.535030 0.377457 0.428014
v -0.489086 0.367960 0.412138
v 0.504813 -0.639735 0.319489
v 0.559312 -0.633688 0.331964
v -0.313116 0.514507 0.085153
v -0.258564 0.517473 0.067624
v -0.082930 0.729344 -0.089996
v 0.045058 0.196698 0.160734
v -0.520097 0.534093 -0.132212
v -0.470177 0.419917 -0.016330
v -0.519479 0.484148 -0.045186
v -0.303173 -0.614862 0.404259
v -0.188861 -0.627601 0.414744
v -0.507541 0.513657 -0.111006
v -0.466880 0.490774 -0.154028
v -0.098120 -0.608501 0.490947
v -0.010781 -0.609238 0.488228
v 0.109605 -0.608143 0.522833
v 0.178234 -0.604528 0.534121
v 0.245891 -0.599248 0.528525
v -0.707727 0.004006 0.189180
v -0.474168 0.359192 0.402731
v -0.433184 0.367321 0.382963
v -0.725623 0.320624 0.326297
v -0.610640 0.202960 0.547474
v -0.049446 0.734122 -0.105162
v -0.560922 0.476306 -0.021716
v -0.376867 -0.610521 0.384792
v -0.341432 -0.610724 0.387931
v -0.211158 -0.574925 0.405990
v 0.098783 -0.090056 0.461188
v -0.044104 -0.600953 0.477777
v 0.003887 -0.602672 0.489567
v 0.044530 -0.592896 0.522034
v 0.085963 -0.585177 0.533452
v 0.158531 -0.586332 0.555491
v 0.215468 -0.580910 0.549797
v -0.455282 0.379023 -0.078953
v -0.453960 0.494948 -0.197603
v -0.089912 -0.176152 -0.300287
v -0.442909 0.314276 -0.037139
v 0.496848 0.058533 0.026874
v 0.488214 -0.636096 0.327153
v 0.520012 -0.598484 0.330312
v -0.230149 0.049028 0.354475
v -0.710540 0.156820 0.015767
v 0.419110 -0.072680 0.428533
v -0.705335 0.107011 0.005142
v -0.122316 0.703899 -0.108508
v -0.455780 0.389305 -0.030964
v -0.574346 -0.134377 0.410372
v 0.356275 0.174023 0.194356
v -0.333276 -0.596988 0.377113
v -0.265893 -0.597987 0.409596
v -0.160319 -0.584371 0.390354
v -0.078765 -0.588622 0.441979
v -0.051504 -0.588315 0.457104
v -0.030435 -0.589983 0.477069
v -0.547139 0.189070 0.530796
v -0.604285 0.145159 0.541042
v -0.677801 0.034055 0.480069
v -0.604740 0.251473 0.526828
v 0.586456 -0.591277 0.342886
v -0.531615 0.056264 0.535049
v -0.627248 0.303323 0.488925
v -0.260600 0.119357 0.277765
v -0.306728 -0.574305 0.385312
v -0.260012 -0.574122 0.408930
v -0.073417 -0.576186 0.429661
v 0.003197 -0.561561 0.519176
v 0.032431 -0.530357 0.530414
v 0.124268 -0.562574 0.555325
v 0.159747 -0.559679 0.565945
v 0.185444 -0.556581 0.552297
v 0.275145 -0.558090 0.539737
v 0.031053 0.134365 0.336227
v -0.644137 0.254756 0.513973
v 0.548020 -0.540464 0.328357
v -0.412130 0.430459 0.328026
v 0.463312 -0.099564 0.419677
v 0.576585 -0.042910 0.092791
v 0.301273 0.138977 0.337826
v -0.594589 0.420634 0.361646
v -0.571819 0.460919 0.161416
v -0.138958 -0.533292 0.384216
v -0.120207 -0.559654 0.376593
v -0.511907 0.453539 0.292309
v -0.049570 -0.554815 0.465912
v 0.060039 -0.532232 0.544586
v 0.105302 -0.537489 0.554081
v 0.178373 -0.521172 0.561536
v 0.240734 -0.541794 0.543918
v -0.648227 0.152872 0.536572
v -0.625545 0.167196 0.546918
v -0.656188 0.200568 0.533509
v -0.135582 0.662879 -0.026140
v -0.728138 -0.125969 0.141859
v -0.714668 -0.084064 0.102190
v -0.023783 0.178131 0.137328
v 0.097877 0.199719 0.229905
v -0.592782 0.449986 0.081682
v -0.275711 -0.521178 0.408546
v -0.260253 -0.486449 0.421844
v -0.624945 0.599521 -0.391299
v 0.138489 -0.515216 0.553243
v 0.282808 -0.537666 0.540115
v 0.574375 -0.254854 -0.098305
v 0.283842 0.205382 0.155920
v -0.195196 0.050315 0.342588
v -0.072831 0.151642 0.203040
v 0.215149 0.153063 0.337786
v 0.579997 -0.533526 0.332640
v 0.633796 -0.541322 0.337927
v -0.117425 -0.170910 -0.241308
v -0.138695 0.075990 -0.115001
v 0.355287 0.157777 0.253827
v -0.606949 0.640381 -0.405417
v 0.001430 0.180514 0.076087
v -0.220235 -0.516819 0.419101
v -0.101297 -0.533203 0.389889
v -0.080911 0.123563 0.271874
v -0.659017 0.430060 0.284672
v 0.074875 -0.505626 0.567624
v 0.238518 -0.518672 0.549386
v 0.272987 -0.498929 0.540831
v 0.001944 0.097379 0.365172
v 0.258971 0.122895 0.367102
v -0.480868 0.440489 -0.401787
v -0.355840 0.384843 0.214174
v -0.753726 0.170133 0.324758
v 0.631909 -0.513704 0.334965
v 0.277217 0.037732 0.402619
v -0.058948 0.745490 -0.108019
v -0.569398 -0.219879 0.421280
v 0.119965 0.150174 0.339812
v -0.451542 0.428473 0.353444
v -0.639530 -0.125958 -0.057984
v 0.070552 0.194863 0.061722
v -0.004083 -0.519793 0.525546
v 0.033557 -0.485214 0.558094
v 0.111663 -0.490989 0.574131
v 0.211141 -0.494456 0.575285
v 0.039615 0.092772 0.385271
v -0.012843 0.130890 0.308320
v -0.242129 0.185732 0.129568
v -0.625775 0.124146 0.526277
v -0.604182 -0.203652 0.396604
v -0.118183 0.091968 0.309249
v -0.521949 0.453142 0.039491
v -0.170415 -0.513182 0.403227
v 0.014738 -0.480649 0.548373
v 0.129871 -0.476047 0.574953
v 0.160009 -0.485526 0.580594
v 0.181898 0.082116 0.405267
v -0.023380 0.098163 0.354225
v -0.364826 0.355513 0.246150
v -0.644358 0.448821 0.171458
v -0.452701 0.441482 -0.293029
v -0.282744 0.148151 -0.074913
v -0.521253 0.270181 -0.066346
v -0.063532 0.495495 -0.007466
v -0.451880 0.607503 -0.513795
v -0.405890 -0.510184 0.229122
v -0.368288 0.404549 0.266291
v -0.077377 0.155308 0.050319
v -0.226071 -0.485267 0.428593
v -0.190899 -0.477530 0.424995
v -0.101412 -0.454305 0.402050
v 0.170174 0.210312 0.070578
v 0.257961 0.212371 0.127121
v 0.101619 0.188643 0.276705
v 0.078256 -0.477845 0.575616
v 0.201359 -0.467438 0.583861
v 0.246231 -0.463234 0.569882
v -0.353627 -0.541209 0.203865
v 0.545550 -0.013292 0.244557
v 0.582611 -0.493576 0.312012
v 0.675129 -0.500231 0.318460
v 0.583364 -0.151121 -0.032823
v 0.585206 -0.192771 -0.071723
v -0.407563 -0.508748 0.230802
v -0.406808 -0.485583 0.279146
v 0.359899 0.013717 0.395197
v 0.168820 -0.111123 0.524941
v -0.116974 -0.464505 0.393283
v 0.009902 -0.449372 0.551173
v 0.116567 -0.439102 0.577950
v 0.296460 0.086624 0.374577
v 0.140566 0.122619 0.375313
v 0.572081 -0.497803 0.315755
v 0.640635 -0.446627 0.297888
v 0.653153 -0.481316 0.319186
v 0.524364 -0.016843 -0.030335
v 0.548538 -0.003589 0.187938
v -0.358775 -0.478961 0.319801
v -0.200396 -0.436050 0.431859
v -0.133159 -0.457867 0.397310
v 0.413707 0.140928 0.206977
v 0.030983 -0.450867 0.552972
v 0.065496 -0.421451 0.566177
v 0.148907 -0.445723 0.583157
v 0.177500 -0.436484 0.578681
v -0.596057 0.456647 -0.054064
v -0.568974 0.445856 -0.243985
v -0.610161 0.658139 -0.482700
v 0.215524 0.107629 0.374187
v 0.234857 0.068515 0.401137
v -0.291597 0.110482 0.286041
v -0.328075 0.121985 -0.096940
v 0.363969 -0.030836 -0.151126
v 0.573731 -0.476518 0.314204
v 0.594722 -0.470365 0.298141
v 0.692437 -0.485330 0.309601
v 0.519011 0.010242 0.280687
v -0.755101 0.071935 0.109394
v -0.617907 0.531470 -0.256977
v -0.052288 -0.377611 0.529847
v -0.344499 -0.457027 0.359432
v -0.248904 -0.418997 0.431318
v 0.619368 -0.414784 0.261117
v 0.222212 -0.417430 0.570698
v 0.318071 0.095962 0.365009
v -0.226952 0.176537 0.015105
v 0.197341 0.216571 0.159033
v -0.073144 0.084599 0.338637
v 0.668891 -0.434542 0.290980
v 0.555309 -0.021722 0.041015
v 0.321897 0.175858 0.260286
v -0.545770 0.028122 -0.073010
v -0.158814 -0.224818 -0.237274
v -0.373277 -0.203313 -0.208502
v -0.256659 -0.208579 -0.207413
v 0.011332 -0.429813 0.559745
v 0.038307 -0.410435 0.556828
v 0.266077 -0.429381 0.561842
v -0.382636 0.432752 0.271686
v -0.323744 0.343720 0.103712
v -0.536197 -0.471669 0.209482
v -0.610487 0.470408 -0.164322
v 0.606345 -0.440357 0.280946
v 0.699675 -0.440552 0.288117
v 0.596994 -0.120628 0.023406
v 0.155987 0.205789 0.220889
v -0.262767 -0.039596 -0.189473
v -0.437388 -0.152482 -0.174518
v -0.457539 0.008516 -0.132916
v 0.125953 -0.070792 -0.216631
v -0.171708 -0.412492 0.426846
v 0.137938 -0.412852 0.583214
v 0.190105 -0.410491 0.574705
v 0.552615 -0.052840 -0.001007
v -0.586582 0.457827 -0.017331
v -0.524982 0.118368 0.548777
v 0.598507 -0.417040 0.282615
v -0.727839 0.265909 0.141060
v 0.062283 0.186059 0.255055
v -0.432743 0.114288 -0.072575
v 0.099298 -0.048311 -0.212780
v -0.187876 -0.370613 0.436436
v -0.143011 -0.338947 0.424396
v -0.112390 0.148391 0.191004
v 0.101289 -0.377308 0.598131
v 0.132217 -0.371828 0.602224
v 0.233262 -0.358383 0.583028
v 0.351107 0.055298 0.380450
v -0.610111 -0.086038 -0.080128
v -0.305289 0.066030 0.332200
v -0.717718 -0.108614 0.229690
v -0.719796 -0.078041 0.190490
v -0.715251 0.278726 0.116561
v 0.443128 -0.054401 0.398125
v -0.727903 -0.117561 0.184774
v -0.214120 -0.059535 -0.187705
v -0.032078 -0.058111 -0.213556
v -0.547769 0.055722 -0.062314
v 0.153482 -0.194578 -0.334479
v -0.272525 -0.393001 0.437031
v -0.225854 -0.368176 0.435937
v -0.124560 -0.351006 0.424646
v -0.412042 0.454318 0.162128
v 0.620183 -0.393200 0.240903
v 0.013695 -0.365899 0.570719
v 0.046979 -0.382603 0.572344
v 0.170817 -0.376248 0.590444
v 0.142124 0.062879 0.418865
v -0.307354 0.546761 0.061668
v -0.551981 0.080288 0.548107
v -0.230548 0.087938 0.322630
v 0.075163 0.580887 -0.182542
v 0.667516 -0.394862 0.251669
v -0.456215 0.565531 -0.435138
v 0.233581 -0.210771 -0.316106
v -0.311345 0.452427 -0.052742
v -0.597333 0.175164 -0.063201
v -0.606294 -0.394446 0.241997
v -0.370216 -0.403209 0.400661
v 0.066481 -0.037968 -0.211418
v -0.305799 -0.360609 0.435607
v 0.065774 -0.356446 0.583470
v -0.016845 0.039515 0.402157
v 0.004049 0.072134 0.381769
v 0.311982 0.192997 0.200817
v 0.080691 0.058874 0.414371
v -0.762039 0.078215 0.257665
v -0.673745 -0.024484 0.261462
v -0.774508 0.117185 0.174636
v 0.602287 -0.120618 0.189303
v -0.779969 0.131702 0.213364
v 0.158368 -0.098299 0.495153
v -0.582360 0.450485 0.285029
v -0.354422 -0.240978 -0.200269
v -0.412620 -0.355027 0.436958
v -0.341836 -0.361243 0.439138
v -0.288239 -0.357925 0.436972
v -0.015794 -0.337270 0.570363
v 0.040898 -0.344399 0.584774
v 0.164988 -0.334876 0.600802
v 0.193461 -0.360313 0.578719
v 0.253960 -0.345466 0.578073
v -0.107469 0.086798 0.320293
v -0.441254 0.582070 -0.589122
v -0.574874 0.335757 -0.058528
v 0.606839 -0.115042 0.124206
v 0.266858 0.156547 0.326497
v -0.188409 0.635150 0.003856
v -0.623710 -0.402708 0.160594
v -0.439613 -0.360776 0.426755
v -0.242671 -0.323652 0.448747
v -0.189119 -0.327568 0.434823
v -0.519894 0.462642 0.221476
v -0.217356 0.131868 0.279243
v 0.088232 -0.334609 0.591401
v 0.124711 -0.336505 0.603070
v -0.158289 0.068320 0.333854
v -0.476665 0.646666 -0.498522
v 0.552031 -0.202420 -0.115182
v -0.448149 -0.747009 0.453061
v -0.690738 0.293020 0.041731
v -0.324594 0.308499 0.127657
v -0.308503 0.579798 0.003166
v -0.457388 -0.327759 0.433806
v -0.353911 -0.304345 0.454968
v -0.321034 -0.325406 0.454849
v -0.139757 -0.312408 0.429468
v -0.146360 0.675206 -0.031358
v 0.024864 -0.325147 0.581599
v 0.070434 -0.304244 0.597554
v 0.212690 -0.310828 0.574365
v -0.664938 0.016411 0.029352
v -0.654476 0.004191 0.328758
v -0.526486 0.462200 -0.497143
v -0.546702 0.459411 0.259693
v -0.691858 -0.141149 0.016135
v -0.449501 0.502949 -0.349234
v 0.046804 -0.119344 0.518647
v -0.436850 -0.303386 0.445042
v -0.278516 -0.301307 0.436874
v -0.755276 0.218685 0.186867
v -0.017597 -0.291762 0.590145
v 0.007015 -0.294874 0.588223
v 0.105663 -0.305825 0.591962
v 0.193393 -0.299709 0.583295
v 0.534998 0.014683 0.056277
v -0.315191 0.271412 0.152809
v -0.483186 0.460366 0.246821
v -0.391910 0.446451 0.197560
v -0.096357 -0.208953 -0.330306
v -0.382947 -0.289542 0.466801
v -0.296283 -0.285057 0.451249
v -0.216277 -0.307618 0.444884
v -0.160297 -0.278251 0.431902
v -0.126842 -0.296259 0.452521
v 0.152509 -0.290156 0.591022
v 0.254915 -0.290700 0.566697
v 0.613905 -0.195259 0.004977
v -0.273401 0.159706 0.215769
v -0.252834 0.174291 0.181709
v -0.646496 0.060195 -0.014445
v -0.501917 -0.309544 0.428685
v -0.474193 -0.279667 0.455172
v -0.255388 -0.283785 0.436368
v -0.149509 -0.250678 0.436071
v -0.710815 0.418482 0.239342
v -0.087016 0.124149 -0.042014
v 0.017558 -0.266062 0.584979
v 0.079422 -0.251512 0.591224
v 0.106843 -0.264974 0.584181
v 0.240210 -0.257429 0.580518
v -0.588891 -0.011396 -0.064353
v -0.764532 0.117714 0.412860
v -0.607815 0.027388 0.489703
v -0.600484 0.382925 -0.054215
v -0.197883 0.159167 -0.018981
v -0.578577 0.516277 -0.314738
v -0.410927 -0.248744 0.456777
v -0.343160 -0.277298 0.459737
v -0.247397 -0.254677 0.442594
v -0.226669 -0.270052 0.452035
v -0.199225 -0.256461 0.455506
v -0.690778 -0.049208 0.061567
v -0.732525 0.054249 0.302342
v -0.697226 -0.103187 0.049423
v -0.024398 -0.259317 0.589167
v -0.007634 -0.261539 0.591918
v 0.137157 -0.259979 0.590556
v 0.188944 -0.251713 0.590882
v -0.628136 0.294637 -0.028571
v 0.081054 0.600212 -0.222435
v 0.264107 0.141928 -0.069845
v -0.259350 0.027590 0.370005
v -0.227462 0.586960 0.040859
v -0.205650 0.166633 0.200476
v -0.549644 0.455307 0.047555
v 0.131886 -0.088402 0.454041
v -0.366990 -0.239392 0.469858
v -0.296507 -0.257169 0.461643
v -0.260956 -0.248953 0.444473
v -0.135566 -0.230278 0.452279
v 0.043514 -0.247674 0.588461
v -0.676159 -0.133102 -0.014943
v -0.615835 0.430449 0.328408
v -0.616883 0.077657 0.524111
v -0.451216 -0.250675 0.459652
v -0.331163 -0.243536 0.471701
v -0.175311 -0.235154 0.442116
v -0.484453 0.662416 -0.593296
v -0.765765 0.171853 0.152265
v 0.213235 -0.234684 0.585517
v -0.664701 0.125330 0.508405
v -0.070396 0.716411 -0.085187
v -0.539543 0.470194 -0.001568
v -0.504593 -0.222384 0.455481
v -0.457075 -0.207313 0.470702
v -0.421472 -0.221034 0.464660
v -0.373680 -0.207382 0.465478
v -0.002498 -0.222760 0.580696
v 0.053110 -0.201106 0.579482
v 0.086623 -0.204243 0.586809
v 0.175552 -0.212708 0.579192
v -0.118065 0.703528 -0.057750
v 0.353789 -0.193451 0.495605
v 0.381720 -0.234676 0.508965
v -0.553260 -0.295232 0.408459
v 0.061481 0.151318 -0.056382
v -0.690595 -0.179134 0.031954
v 0.396118 0.108237 0.322046
v -0.407862 -0.217887 0.459963
v -0.321218 -0.223263 0.470936
v -0.259951 -0.216644 0.440778
v -0.214350 -0.199527 0.450426
v 0.226635 0.212712 0.084120
v 0.005889 -0.175575 0.568866
v 0.236747 -0.201003 0.564976
v 0.559011 -0.144565 -0.065399
v -0.448211 0.445218 -0.186485
v -0.500289 0.459066 0.145974
v -0.146556 -0.008121 -0.170480
v -0.542107 -0.227169 0.433004
v -0.192088 -0.204005 0.449462
v -0.171323 -0.195408 0.460191
v -0.126192 -0.183419 0.455958
v -0.107646 -0.208158 0.483645
v 0.031252 -0.189675 0.581038
v 0.119501 -0.181224 0.579352
v 0.287875 -0.185659 0.546515
v 0.392500 -0.196092 0.497965
v 0.613918 -0.135988 0.076921
v -0.502252 0.450779 -0.005631
v -0.555785 -0.166609 0.430362
v -0.704932 0.268957 0.058970
v -0.435930 -0.176272 0.468292
v -0.307203 -0.182717 0.452685
v -0.099547 -0.176762 0.470006
v 0.151820 0.103090 -0.110856
v 0.525574 -0.046923 -0.067228
v 0.073824 0.683316 -0.269450
v -0.510710 -0.173127 0.440386
v -0.454994 -0.156315 0.459631
v -0.390387 -0.182325 0.469017
v -0.337131 -0.185936 0.457362
v -0.255189 -0.187128 0.440977
v -0.198723 -0.168001 0.457685
v 0.097697 -0.154713 0.568444
v 0.190847 -0.158209 0.562832
v -0.727413 0.301411 0.320170
v -0.726329 -0.168389 0.222974
v -0.601179 0.439305 0.039396
v -0.410844 -0.155997 0.464639
v -0.364720 -0.154236 0.452978
v -0.322812 -0.149420 0.463732
v -0.288983 -0.147111 0.448763
v -0.243400 -0.161935 0.436909
v -0.161444 -0.141591 0.461197
v -0.101174 -0.161307 0.465052
v 0.018365 -0.145336 0.546194
v 0.059605 -0.151150 0.563137
v 0.260368 -0.149982 0.528197
v -0.454851 0.677408 -0.577857
v -0.417359 0.395988 0.361108
v -0.302672 -0.032380 -0.177754
v -0.531896 -0.149761 0.437374
v -0.113727 -0.152147 0.467790
v -0.481516 0.442786 0.042591
v -0.138074 0.152778 0.191117
v 0.166735 -0.138609 0.553986
v 0.221677 -0.137665 0.537369
v 0.297626 -0.125947 0.499853
v 0.357934 -0.140886 0.487821
v 0.396342 -0.145349 0.483466
v -0.699212 -0.025404 0.145847
v -0.682326 0.249373 0.018729
v -0.474630 -0.127310 0.439183
v -0.415321 -0.120769 0.445201
v -0.236361 -0.130252 0.434779
v -0.090239 -0.143387 0.452518
v 0.209533 -0.119933 0.520176
v -0.721211 0.262154 0.286969
v -0.239774 0.153593 -0.059414
v -0.292076 -0.177317 -0.201738
v -0.542671 -0.117436 0.423180
v -0.375333 -0.129734 0.448258
v -0.329652 -0.108288 0.450979
v -0.296067 -0.104416 0.439360
v -0.187382 -0.113925 0.444136
v -0.376966 0.442373 0.158212
v -0.325564 0.318892 0.105444
v 0.083710 -0.108776 0.517258
v -0.455850 0.517226 -0.427912
v 0.230821 -0.106855 0.491932
v 0.258630 -0.114924 0.499606
v -0.365697 0.499844 0.087487
v 0.186729 0.195099 0.272222
v -0.260150 0.190381 0.093164
v -0.608771 0.456951 0.207460
v -0.577750 0.411716 -0.281028
v -0.483207 -0.087168 0.433126
v -0.444950 -0.098060 0.440448
v -0.149896 -0.106998 0.453514
v -0.118179 -0.105375 0.448020
v -0.088387 -0.105178 0.459167
v -0.056901 -0.129625 0.465504
v -0.613511 0.510141 -0.210739
v 0.067851 0.621517 -0.263115
v -0.341671 0.351054 0.150419
v 0.312248 -0.078744 0.484660
v 0.377772 -0.102318 0.474209
v -0.406315 -0.456554 0.342898
v -0.338104 -0.165096 -0.201295
v -0.394444 -0.093631 0.446181
v -0.360721 -0.097319 0.438052
v -0.269073 -0.048597 0.428278
v -0.235596 -0.075122 0.420512
v -0.211620 -0.090052 0.428317
v -0.025370 -0.121118 0.463039
v -0.004782 -0.105570 0.454860
v 0.035065 -0.093834 0.454525
v 0.056071 -0.091204 0.457624
v 0.197951 -0.099225 0.479276
v 0.243825 -0.082876 0.479904
v 0.288776 -0.087416 0.492518
v -0.087608 0.604828 -0.176137
v -0.687754 0.434539 0.207860
v -0.317635 -0.068781 0.423367
v -0.123057 -0.065877 0.433920
v -0.093664 -0.078925 0.448097
v -0.050334 -0.079828 0.455557
v -0.045691 -0.047032 0.441865
v -0.004628 -0.067739 0.450574
v 0.009814 -0.062127 0.444202
v 0.090668 -0.081815 0.453533
v 0.162760 -0.087751 0.460847
v 0.199353 -0.084422 0.458607
v -0.446180 0.475066 -0.257893
v -0.205846 0.107617 0.308925
v 0.602666 -0.148752 0.249774
v -0.281952 0.519381 0.077247
v -0.562309 -0.076976 0.394346
v -0.439219 -0.047898 0.421959
v -0.406711 -0.058870 0.431568
v -0.338590 -0.055217 0.417827
v -0.174174 -0.049325 0.412018
v -0.741241 0.287341 0.202460
v 0.169465 -0.071608 0.457011
v 0.208163 -0.048362 0.438561
v 0.214538 -0.067418 0.451928
v 0.277992 -0.053833 0.462950
v -0.452922 0.448243 -0.142440
v -0.372051 -0.026357 0.412518
v -0.295878 -0.043918 0.422945
v -0.215585 -0.046981 0.401905
v 0.034025 -0.054615 0.449306
v 0.094334 -0.033691 0.455429
v 0.148877 -0.046844 0.457192
v -0.726493 0.091934 0.046589
v -0.342558 0.295082 0.032617
v -0.558445 -0.039583 0.388644
v -0.529371 -0.021743 0.386887
v -0.492849 -0.035726 0.404422
v -0.150363 -0.014517 0.400208
v 0.020357 -0.008872 0.438872
v 0.062506 -0.017842 0.446024
v 0.252644 -0.035988 0.431257
v 0.356795 -0.056724 0.454073
v 0.399796 -0.046641 0.413176
v -0.727243 0.256039 0.335200
v -0.393332 0.044127 0.372774
v -0.487170 0.545080 -0.577438
v -0.451609 0.003823 0.388211
v -0.319235 -0.003880 0.398748
v -0.244563 0.000208 0.390799
v -0.185130 -0.008937 0.389329
v -0.008123 -0.001422 0.426494
v 0.170945 -0.014625 0.444274
v 0.239391 -0.023536 0.427202
v 0.425016 -0.016168 0.396777
v -0.252836 0.438761 -0.065799
v 0.332129 -0.040801 -0.165594
v -0.502519 -0.008756 0.392691
v -0.354707 -0.008281 0.397229
v -0.207869 0.000697 0.381794
v -0.107288 -0.028312 0.415947
v 0.128482 -0.007300 0.447493
v 0.259250 -0.009855 0.416879
v 0.284686 -0.014046 0.417165
v 0.316693 -0.014180 0.422343
v 0.365620 -0.019427 0.413202
v -0.360490 0.049487 0.357267
v -0.181199 0.574333 -0.134486
v -0.486621 0.199400 -0.072935
v 0.106781 -0.008728 -0.210230
v -0.193665 0.499200 -0.114437
v -0.490121 0.070559 -0.077263
v -0.525633 -0.004469 0.397280
v -0.470088 0.014759 0.389349
v -0.383890 0.023472 0.373413
v 0.081645 0.003598 0.443597
v 0.202765 0.005451 0.438894
v -0.650723 -0.010299 0.005444
v -0.279974 -0.190901 -0.206302
v -0.690635 0.110999 -0.011544
v 0.241331 -0.022646 -0.186058
v -0.170620 0.616011 0.002453
v -0.438397 0.030098 0.377878
v -0.286019 -0.128455 -0.202191
v -0.345355 -0.135394 -0.207685
v -0.382222 -0.135187 -0.200654
v 0.423237 0.074232 0.326288
v -0.630705 0.255891 -0.026110
v -0.259316 -0.144597 -0.209256
v -0.429303 0.221433 -0.056358
v -0.454481 0.069773 0.429398
v -0.129735 -0.156642 -0.227567
v -0.640206 0.109280 -0.033893
v -0.008007 0.622238 -0.213179
v -0.400765 0.395366 -0.001208
v 0.317779 -0.726632 0.456365
v -0.565264 0.637442 -0.489579
v 0.478411 0.036090 0.316195
v -0.051470 -0.729922 0.555481
v 0.008003 -0.738620 0.531564
v 0.077819 -0.715707 0.508725
v 0.143535 -0.718042 0.489183
v -0.477632 0.091052 0.506443
v 0.258197 -0.695699 0.468311
v 0.356716 -0.670701 0.451270
v -0.350529 0.149645 0.363661
v -0.624909 0.170358 -0.045415
v -0.604781 -0.003275 0.452648
v -0.506951 0.087387 -0.073030
v -0.405713 -0.143077 -0.197356
v -0.312358 0.107790 0.304175
v -0.376380 -0.740512 0.483573
v -0.323495 -0.737642 0.476063
v -0.273054 -0.740113 0.459810
v -0.275849 0.202477 0.116972
v 0.143565 -0.137844 -0.296974
v -0.003543 -0.676756 0.538526
v 0.408000 -0.699780 0.392885
v -0.134055 0.437831 -0.024656
v -0.464418 0.574110 -0.594828
v 0.469383 0.002592 0.352101
v -0.585218 0.414285 -0.109316
v -0.384399 0.310945 0.311820
v -0.509074 0.210989 0.488820
v -0.368569 -0.712882 0.487651
v -0.276205 -0.719087 0.460306
v 0.019906 0.617573 -0.163146
v -0.383316 0.346289 0.320226
v 0.369780 0.086181 0.358382
v 0.538692 -0.234270 -0.146243
v 0.333977 -0.671566 0.458736
v 0.409923 -0.666462 0.414115
v 0.461936 -0.694677 0.307067
v -0.224626 -0.171438 -0.218009
v -0.476683 -0.159563 -0.170505
v -0.508205 -0.124557 -0.146174
v -0.510992 -0.179673 -0.151208
v -0.100961 0.481033 0.011449
v -0.235430 0.408142 0.056024
v -0.071941 0.626138 -0.110494
v 0.032638 0.659700 -0.191817
v -0.171761 0.532513 -0.014357
v -0.057036 -0.678351 0.555446
v -0.392333 0.139955 0.412342
v -0.364970 0.127763 0.384302
v 0.432685 -0.662734 0.383272
v 0.473809 -0.641157 0.341374
v -0.482176 0.021674 0.402905
v -0.146029 0.567297 -0.147885
v -0.178814 -0.164354 -0.222889
v -0.016768 0.651783 -0.153318
v -0.326725 0.105653 0.338774
v -0.314221 -0.680508 0.458906
v -0.098540 0.564081 -0.071650
v -0.263476 0.475845 0.066474
v -0.304242 0.199399 0.271683
v -0.352262 0.414054 0.157695
v -0.006433 0.758888 -0.168966
v -0.121306 0.613962 -0.069989
v 0.323434 -0.641405 0.451399
v 0.427149 -0.636771 0.397559
v -0.337949 0.204916 0.331488
v -0.462125 -0.046393 -0.153470
v -0.670204 -0.331084 0.186402
v 0.506698 -0.173215 0.418299
v -0.478421 0.157402 0.492864
v -0.496742 0.130923 0.527638
v -0.283666 0.463606 0.084224
v 0.056779 0.714184 -0.252483
v -0.380473 0.379256 0.292787
v -0.390579 0.418469 0.311379
v -0.188858 0.551708 -0.008596
v -0.238386 0.463056 0.075947
v -0.741486 0.027916 0.156065
v -0.435127 0.076532 0.413286
v -0.249496 0.446519 0.082133
v -0.083898 0.595338 -0.095357
v 0.391522 -0.618734 0.418112
v 0.648803 -0.617564 0.295430
v 0.073259 0.633777 -0.221181
v -0.282381 0.431345 0.098712
v 0.552490 -0.094360 0.311518
v 0.333503 -0.628923 0.447659
v 0.465319 -0.609584 0.377254
v -0.449109 0.159330 0.442339
v 0.511311 -0.024917 0.319480
v 0.729361 -0.595012 0.220677
v 0.326430 -0.182918 0.526664
v -0.455006 0.218745 0.409534
v 0.019310 0.540136 -0.096034
v -0.330558 0.163430 0.339678
v -0.370769 0.329063 0.285652
v -0.209634 0.463849 0.063395
v -0.517965 0.025182 0.484254
v -0.023590 0.510032 -0.038521
v -0.020069 0.713028 -0.155774
v 0.291445 -0.595695 0.502628
v 0.326307 -0.584439 0.483310
v 0.360915 -0.614226 0.437150
v 0.424119 -0.589999 0.407914
v -0.436036 0.175328 0.424808
v 0.627806 -0.586828 0.333036
v 0.610777 -0.230317 -0.014534
v -0.398941 0.190285 0.395555
v -0.124867 0.525366 -0.024402
v -0.177877 0.478009 0.051451
v -0.218071 0.494190 0.034462
v -0.116175 0.494318 0.021992
v -0.203629 0.510920 0.016763
v -0.329155 0.291581 0.064689
v 0.410092 -0.577494 0.429397
v 0.509719 -0.585750 0.342044
v 0.396321 0.034028 0.371140
v 0.692875 -0.573972 0.287469
v -0.492580 0.048057 0.489012
v -0.613586 -0.021305 0.357710
v -0.325948 0.383595 0.128134
v 0.004338 0.498055 -0.080507
v -0.063504 0.675551 -0.114483
v -0.519873 0.040076 0.514264
v -0.214124 0.529244 0.016604
v 0.029007 0.715301 -0.211423
v -0.727537 0.289169 0.261387
v 0.319654 -0.147405 -0.225555
v 0.372590 -0.571633 0.477014
v 0.451463 -0.544023 0.422341
v -0.490557 0.280085 0.439461
v -0.397383 0.080161 0.399437
v 0.666692 -0.554589 0.316191
v 0.739843 -0.559376 0.242135
v -0.321055 0.332177 0.066601
v -0.241911 0.387696 0.046038
v -0.301608 0.133909 0.292087
v -0.106216 0.454921 -0.012417
v -0.699031 -0.051186 0.089265
v -0.016733 0.691284 -0.159179
v -0.014350 0.490619 -0.085571
v -0.726367 -0.152450 0.169141
v 0.371390 -0.548808 0.492994
v 0.528082 -0.538506 0.352378
v 0.412422 -0.121236 0.464190
v 0.620176 -0.254774 0.045453
v -0.141616 0.509333 -0.001920
v -0.748217 0.081867 0.296507
v 0.053602 0.606954 -0.175646
v -0.286684 0.158057 0.254335
v -0.733759 0.291035 0.164261
v -0.142583 0.637061 -0.024890
v 0.324366 -0.532783 0.506992
v 0.413339 -0.532361 0.454860
v 0.496080 -0.532245 0.398381
v 0.451482 0.044355 0.338179
v -0.512420 0.270662 0.473210
v 0.703765 -0.544483 0.296940
v -0.214429 0.477256 0.063085
v -0.763118 0.209849 0.208828
v -0.589662 -0.425571 0.173541
v -0.464471 0.255890 0.392851
v -0.162075 0.577100 -0.034295
v -0.314363 0.182552 0.305067
v -0.588861 0.683789 -0.512168
v -0.412739 0.371860 0.343875
v -0.456818 0.281095 0.374565
v 0.363847 -0.519266 0.502870
v 0.440699 -0.506216 0.450880
v 0.539071 -0.176354 0.381069
v -0.693489 0.058661 0.489630
v -0.445638 0.129421 0.441907
v -0.235423 0.506623 0.037594
v -0.464932 0.320828 0.396275
v -0.433900 0.274698 0.358971
v -0.403850 0.276114 0.341119
v 0.501811 -0.493323 0.411168
v 0.530365 -0.504871 0.375396
v -0.158807 0.448078 0.021227
v 0.754333 -0.478892 0.246951
v 0.514842 -0.123582 0.383471
v -0.382419 0.275953 0.323551
v -0.478859 0.232937 0.424915
v -0.203730 0.405705 0.022307
v 0.290682 -0.490088 0.528180
v 0.344558 -0.488549 0.506284
v 0.384773 -0.494399 0.492810
v 0.413369 -0.484379 0.467624
v 0.471005 -0.480737 0.428352
v 0.727796 -0.484699 0.282184
v 0.762319 -0.516003 0.220253
v 0.559214 -0.154290 0.339875
v -0.424056 0.309719 0.348367
v -0.176545 0.492048 0.043316
v -0.756840 0.115493 0.305285
v -0.560201 0.446730 -0.315060
v 0.265124 -0.472926 0.561147
v 0.564972 -0.456653 0.342587
v -0.404472 0.234220 0.375710
v -0.032199 0.566101 -0.102880
v -0.447506 0.573798 -0.537363
v -0.284758 0.358944 0.059980
v 0.624532 -0.181548 0.081844
v 0.325470 -0.472036 0.521877
v 0.374506 -0.457384 0.491557
v 0.441878 -0.467680 0.454715
v -0.463943 0.043869 0.413068
v -0.282669 0.378754 0.082572
v -0.357563 0.067836 0.352278
v -0.757528 0.130358 0.102477
v 0.285464 -0.462777 0.543446
v 0.469747 -0.431912 0.433712
v 0.519734 -0.456951 0.404959
v 0.727169 -0.445585 0.275206
v 0.055559 0.560687 -0.139576
v -0.432353 0.323230 0.373084
v 0.012408 0.516997 -0.074455
v -0.641044 -0.055559 -0.035620
v 0.378133 -0.421469 0.500796
v 0.445013 -0.017190 0.388502
v 0.746912 -0.445114 0.251660
v -0.244330 0.485738 0.049614
v 0.307100 -0.440479 0.544541
v 0.336469 -0.407762 0.531581
v 0.425242 -0.418803 0.456391
v 0.498469 -0.416988 0.414936
v 0.757919 -0.418009 0.216820
v -0.007832 0.523098 -0.060826
v -0.142190 0.135071 -0.016765
v -0.500211 0.087175 0.532823
v 0.557400 -0.426484 0.359475
v 0.577541 -0.428870 0.312924
v -0.529794 0.256027 0.495169
v -0.500462 0.314011 0.448832
v -0.054574 0.530561 -0.057725
v 0.316709 -0.391617 0.544728
v 0.427234 -0.395318 0.457008
v 0.486850 -0.385693 0.423038
v 0.537413 -0.388736 0.380571
v 0.505920 0.011503 -0.036831
v 0.716199 -0.410720 0.260283
v -0.480874 -0.474757 0.260114
v 0.277570 -0.350215 0.564533
v 0.390941 -0.396313 0.502373
v 0.463994 -0.391944 0.431626
v 0.574624 -0.377913 0.333318
v -0.758252 0.049690 0.164530
v 0.512511 -0.264196 -0.168965
v -0.071482 0.507932 -0.010498
v -0.119351 0.676623 -0.144671
v 0.340304 -0.375845 0.529916
v -0.099811 0.452130 -0.036322
v -0.648434 0.357787 0.015467
v 0.463265 -0.364052 0.447974
v 0.531671 -0.347042 0.397633
v 0.624564 -0.368241 0.223045
v -0.513983 -0.479765 0.218397
v -0.111157 0.004932 -0.168139
v -0.664159 -0.301540 0.288187
v -0.034036 0.480870 -0.052520
v 0.305987 -0.342989 0.559316
v 0.324676 -0.345661 0.549011
v 0.367759 -0.361296 0.527944
v 0.395290 -0.351887 0.507205
v 0.418243 -0.329022 0.498747
v 0.435816 -0.328394 0.476888
v 0.606542 -0.340820 0.276938
v -0.719235 0.272321 0.286042
v -0.464153 0.352317 -0.111426
v -0.317505 0.085123 0.324168
v -0.270429 0.102488 -0.117844
v 0.486615 -0.333877 0.443151
v -0.354202 0.294553 0.247002
v -0.138817 0.572565 -0.051624
v -0.362103 0.276365 0.293621
v 0.308608 -0.312570 0.559118
v 0.346920 -0.324963 0.545870
v 0.517681 -0.306873 0.414893
v 0.610094 -0.285544 0.270007
v 0.009074 -0.070627 -0.217327
v -0.613511 0.506616 -0.239809
v 0.288200 -0.286743 0.554132
v 0.418449 -0.301030 0.501380
v 0.561217 -0.286973 0.361292
v 0.578048 -0.258898 0.336027
v 0.629530 -0.319030 0.211176
v -0.774243 0.165408 0.246867
v -0.345066 0.387590 0.163048
v -0.446628 0.501217 -0.314125
v 0.353557 -0.298071 0.540481
v 0.453715 -0.290453 0.463396
v -0.443660 0.104783 0.435874
v -0.629680 -0.391709 0.094372
v 0.362704 -0.279386 0.528662
v 0.388210 -0.272202 0.517666
v 0.430299 -0.269767 0.485446
v 0.491640 -0.267948 0.437468
v 0.535879 -0.131476 0.354940
v -0.633601 0.051465 0.492891
v -0.534095 0.205452 0.515851
v 0.525119 -0.269019 0.399022
v 0.604855 -0.254834 0.284345
v -0.730623 0.392806 0.135910
v -0.082507 0.716405 -0.151785
v 0.295945 -0.271931 0.548172
v 0.338601 -0.236835 0.521292
v 0.438732 -0.247809 0.480087
v 0.461428 -0.256372 0.449161
v 0.587379 -0.224014 0.306786
v 0.575689 -0.066305 0.017603
v -0.509655 0.002498 0.398295
v 0.554541 -0.209164 0.363539
v -0.579194 -0.426534 0.208282
v -0.505378 -0.075712 -0.139600
v 0.295518 -0.219012 0.554278
v 0.408853 -0.221101 0.496636
v 0.428322 -0.177435 0.475113
v 0.502608 -0.227612 0.435134
v 0.308853 -0.200462 0.540089
v 0.461109 -0.198144 0.452067
v 0.525429 -0.205806 0.406352
v -0.726290 0.363942 0.119796
v 0.112617 -0.144151 -0.310403
v 0.483485 -0.200250 0.444174
v -0.480846 0.621586 -0.457120
v -0.604763 0.476838 -0.114377
v -0.062895 0.051508 -0.138584
v -0.447541 0.548808 -0.569597
v -0.470439 -0.451724 0.316081
v 0.620268 -0.177449 0.152253
v -0.590224 0.403758 -0.067294
v -0.703319 0.005261 0.106482
v -0.456681 0.411544 -0.233026
v 0.055303 0.655514 -0.275617
v -0.708415 -0.132678 0.052128
v -0.047521 0.474789 -0.062275
v 0.057438 0.542503 -0.143573
v -0.692177 0.010507 0.241553
v 0.073471 0.594613 -0.237523
v -0.674734 0.330718 0.060102
v 0.376535 -0.752552 0.000772
v 0.355476 -0.749966 -0.058284
v 0.338322 -0.744729 -0.149404
v 0.393488 -0.724942 0.367594
v -0.468525 0.423374 -0.325363
v -0.556169 0.376362 -0.275949
v -0.443241 0.642881 -0.593933
v -0.085904 0.578664 -0.167671
v 0.580799 -0.709279 0.084806
v 0.559119 -0.712281 0.046904
v 0.385217 -0.731455 -0.012751
v 0.369252 -0.728187 -0.049441
v 0.356442 -0.728239 -0.129316
v 0.320525 -0.732674 -0.188257
v 0.425483 -0.702185 0.339479
v 0.073203 0.663467 -0.277569
v -0.530531 0.105323 -0.073732
v 0.661546 -0.659626 0.070929
v 0.604761 -0.684928 0.044992
v 0.548299 -0.697033 0.003169
v -0.307709 0.250081 0.129522
v 0.396846 -0.696542 -0.054049
v 0.373806 -0.709865 -0.094646
v 0.063483 -0.150194 -0.318756
v -0.111813 -0.063240 -0.216782
v -0.766977 0.070999 0.212219
v -0.742747 0.037742 0.118811
v -0.556261 0.337587 -0.116211
v -0.468455 0.689526 -0.562388
v -0.459342 0.395753 -0.181853
v -0.466561 0.096826 -0.072794
v 0.667682 -0.664242 0.129523
v 0.654344 -0.647366 0.029901
v -0.711052 0.199317 0.035925
v -0.455213 0.527692 -0.286758
v 0.511484 -0.113295 -0.116291
v -0.185649 0.074450 -0.113078
v 0.393358 -0.676887 -0.088817
v 0.394254 -0.659883 -0.138041
v 0.373981 -0.672874 -0.186336
v -0.014800 -0.148798 -0.303085
v -0.468467 0.485194 -0.451099
v -0.540956 0.612968 -0.499444
v -0.255957 0.565186 -0.087850
v 0.083610 0.631249 -0.254012
v -0.454023 0.412657 -0.140642
v -0.319087 0.261747 0.080238
v -0.175111 0.418268 0.004397
v -0.446355 0.607975 -0.602988
v 0.723397 -0.611282 0.199484
v 0.727282 -0.612455 0.156006
v -0.191148 -0.750956 -0.295523
v -0.655261 0.315645 0.024130
v -0.760862 0.104311 0.341598
v 0.073203 0.571160 -0.208960
v 0.033511 0.518427 -0.114951
v -0.454975 0.585840 -0.484041
v -0.309319 0.232789 0.066785
v -0.356074 0.342601 0.198118
v 0.072045 0.565064 -0.179968
v 0.732632 -0.604003 0.119685
v 0.724242 -0.602514 0.071657
v 0.620745 -0.620133 -0.031043
v 0.439000 -0.629670 -0.140103
v 0.384070 -0.635270 -0.183509
v 0.355431 -0.661418 -0.209726
v -0.161459 -0.028860 -0.182062
v -0.678738 0.013535 0.447529
v -0.461181 0.475733 -0.387074
v -0.460110 0.419972 -0.078506
v 0.701986 -0.598186 0.025322
v 0.646219 -0.609006 -0.022866
v 0.453832 -0.640018 -0.055954
v 0.368476 -0.628328 -0.199196
v 0.021244 -0.103842 -0.221742
v -0.086497 -0.011333 -0.191849
v -0.551448 0.687965 -0.543752
v -0.771973 0.095272 0.167071
v 0.453215 -0.608924 -0.148784
v -0.338265 0.268997 0.029680
v 0.749280 -0.571555 0.199017
v 0.752496 -0.572987 0.135865
v 0.732230 -0.588472 0.064860
v 0.398594 0.104199 -0.037959
v -0.218067 -0.763655 -0.280752
v 0.469371 -0.626898 -0.056589
v 0.472910 -0.598606 -0.100526
v 0.426498 -0.604609 -0.188693
v -0.057932 0.097467 -0.097116
v -0.027458 0.083158 -0.108576
v 0.428285 0.027197 -0.091156
v 0.079553 -0.749489 -0.234330
v -0.439596 0.611625 -0.594120
v -0.528734 -0.758354 -0.028425
v 0.698166 -0.557069 -0.007751
v 0.472224 -0.576191 -0.134015
v 0.096524 -0.101662 -0.227473
v -0.419044 0.103470 -0.080816
v -0.453319 0.534908 -0.383366
v -0.329828 0.267623 0.224067
v -0.619642 -0.346887 0.298299
v 0.770355 -0.512437 0.186445
v 0.765543 -0.506038 0.079991
v 0.753257 -0.504338 0.048697
v 0.057318 0.035321 -0.161904
v 0.523408 -0.564803 -0.054498
v 0.491522 -0.551819 -0.112926
v 0.450797 -0.573862 -0.179914
v -0.002003 0.066937 -0.139676
v 0.303875 0.145557 -0.045761
v 0.020666 0.118926 -0.064958
v -0.602778 -0.377214 0.290387
v 0.775993 -0.508139 0.129687
v 0.371377 0.017376 -0.135150
v -0.154317 0.109955 -0.066277
v -0.035911 0.127294 -0.055278
v 0.240052 0.084361 -0.139754
v 0.448788 -0.262401 -0.203146
v -0.200144 0.051664 -0.143354
v -0.721209 -0.138304 0.093825
v 0.522562 -0.510127 -0.108903
v 0.463799 -0.528334 -0.160089
v 0.427174 -0.546142 -0.197228
v 0.017477 -0.039704 -0.204273
v -0.714811 0.026357 0.436557
v -0.593623 0.396496 -0.139010
v -0.111783 -0.751648 0.528264
v -0.665883 -0.106736 -0.030210
v -0.345842 -0.043965 -0.178457
v 0.551924 -0.489517 -0.077234
v 0.200084 -0.024015 -0.186399
v -0.072663 0.740324 -0.125800
v -0.750476 0.040076 0.206977
v -0.744610 0.336777 0.240251
v -0.741677 0.201647 0.088314
v 0.490657 -0.493875 -0.158766
v -0.095770 0.104128 -0.077208
v -0.454901 0.357580 -0.047155
v 0.281441 0.120727 -0.100097
v -0.455605 0.530273 -0.487125
v -0.558650 -0.460881 0.189085
v 0.775819 -0.448585 0.185009
v 0.778852 -0.472953 0.120037
v 0.766686 -0.475748 0.076821
v 0.745275 -0.447264 0.040556
v 0.559964 -0.505056 -0.039455
v 0.428475 -0.506272 -0.218579
v -0.690518 -0.012323 0.100762
v -0.447779 0.485241 -0.225395
v 0.600267 -0.489697 -0.017496
v -0.579854 -0.370549 0.335999
v -0.641893 -0.353837 0.210869
v -0.689976 0.023067 0.305307
v 0.462203 -0.481641 -0.184315
v 0.400277 -0.507435 -0.242152
v -0.528695 0.436746 -0.480571
v -0.503570 0.528898 -0.552706
v -0.648127 -0.338680 0.242475
v 0.766370 -0.413902 0.114640
v -0.697322 -0.011549 0.143859
v 0.581463 -0.447318 -0.030609
v 0.521603 -0.464637 -0.121950
v 0.492623 -0.221032 -0.176541
v 0.774474 -0.422836 0.154735
v 0.753297 -0.418382 0.071933
v 0.489635 -0.459156 -0.169314
v -0.665995 0.371760 0.051753
v -0.563032 0.707246 -0.529137
v -0.763901 0.088870 0.403583
v 0.305043 0.016006 -0.164440
v -0.684451 0.334079 0.084447
v 0.390420 -0.225082 -0.232208
v -0.562914 0.335534 -0.084001
v -0.755054 0.157978 0.413753
v 0.584984 -0.404811 -0.053314
v 0.519623 -0.417738 -0.142114
v 0.451338 -0.445674 -0.188695
v 0.412408 -0.449621 -0.221548
v -0.199069 0.146612 -0.049695
v -0.539478 0.444551 -0.456936
v -0.755111 0.207181 0.129942
v -0.092998 -0.731722 -0.276861
v -0.081635 -0.747753 0.543452
v -0.161195 -0.737020 0.516136
v -0.579034 0.397082 -0.275529
v 0.552214 -0.422145 -0.109238
v 0.450769 -0.403015 -0.210546
v 0.346888 -0.079078 -0.202442
v -0.338857 0.526049 -0.024198
v -0.620568 0.560307 -0.340190
v -0.471350 -0.739895 0.437187
v -0.515794 -0.446069 0.281420
v 0.759213 -0.394432 0.163286
v 0.748382 -0.386453 0.119161
v 0.738962 -0.393004 0.082295
v -0.635411 -0.019128 0.319068
v -0.681025 -0.041384 0.252575
v 0.605468 -0.394740 0.012698
v 0.472452 -0.410901 -0.180326
v -0.265389 0.371131 0.009446
v -0.733932 0.410092 0.196305
v -0.696943 -0.029430 0.188771
v 0.567553 -0.393365 -0.087451
v 0.492866 -0.376478 -0.167827
v -0.220122 0.123884 -0.092100
v -0.579344 -0.016506 0.397659
v 0.301762 -0.182333 -0.273621
v -0.557007 0.005420 0.463651
v -0.139464 0.597465 -0.152517
v -0.464781 0.331322 -0.063261
v 0.621500 -0.347981 0.033116
v 0.606494 -0.358215 -0.009437
v 0.589090 -0.342408 -0.047295
v 0.554784 -0.330801 -0.092111
v 0.535973 -0.339704 -0.109777
v 0.524425 -0.359770 -0.124813
v 0.484655 -0.344667 -0.185435
v -0.343435 -0.543417 0.169447
v 0.596018 -0.162173 0.271839
v 0.058351 0.547540 -0.173742
v -0.371127 0.266619 -0.006770
v -0.555218 0.345513 -0.136083
v 0.632625 -0.366019 0.070274
v 0.435012 -0.366475 -0.227446
v -0.183937 0.107919 -0.080941
v 0.059653 0.708666 -0.278519
v -0.514647 0.478999 -0.529787
v -0.476728 -0.426849 0.351969
v -0.424269 -0.739219 0.477028
v 0.634174 -0.339468 0.134669
v 0.625658 -0.293450 0.044165
v 0.615833 -0.314152 0.002202
v 0.158741 -0.102393 -0.221957
v -0.747061 0.309998 0.217573
v 0.016148 -0.167255 -0.333668
v 0.580751 -0.302608 -0.061622
v 0.503504 -0.309976 -0.165335
v -0.685485 -0.079303 0.024544
v 0.226603 -0.170871 -0.304983
v -0.722086 0.154521 0.049301
v 0.631953 -0.280810 0.090783
v -0.670982 -0.076716 -0.006864
v 0.547174 -0.279791 -0.135532
v 0.485900 -0.306963 -0.181934
v -0.508273 0.645100 -0.564684
v -0.545454 0.547803 -0.441822
v -0.635200 0.016401 0.001969
v -0.471826 0.577988 -0.383449
v -0.331377 0.320816 0.047369
v -0.504338 0.447027 -0.500652
v -0.527642 0.315414 -0.072904
v 0.623769 -0.268186 0.218872
v 0.602227 -0.286202 -0.022738
v 0.594501 -0.251820 -0.051972
v -0.198870 -0.641578 -0.231383
v -0.610026 0.368001 -0.020288
v -0.334161 -0.394934 0.404820
v -0.465300 0.685058 -0.589169
v -0.483334 0.698946 -0.586180
v -0.325072 0.240033 0.270752
v -0.535298 0.712160 -0.546535
v -0.505181 0.705604 -0.536700
v -0.533450 0.710153 -0.520836
v -0.500369 0.663525 -0.485578
v -0.407671 0.448460 0.243141
v -0.611643 0.485958 -0.205364
v -0.564446 0.702094 -0.492562
v -0.678255 0.429801 0.119885
v -0.427484 0.456648 0.124840
v 0.348616 0.145240 0.289966
v 0.050937 0.728285 -0.269013
v 0.128909 0.076817 -0.134440
v -0.504839 0.638841 -0.443909
v -0.541993 0.673371 -0.459802
v -0.454991 0.452203 0.277944
v 0.041444 0.742728 -0.248803
v -0.596833 0.689645 -0.493715
v -0.427657 0.441438 0.305465
v -0.487884 0.438406 0.018552
v -0.141664 0.106533 0.284943
v -0.177892 0.128818 0.271365
v -0.266579 0.142463 0.240847
v -0.596736 0.440724 0.004563
v 0.026237 0.750715 -0.235450
v 0.020935 0.752763 -0.243493
v -0.716199 -0.171997 0.092647
v -0.502373 0.620879 -0.407667
v -0.582244 0.670941 -0.437743
v 0.434517 0.070373 -0.043505
v 0.611809 -0.436002 0.019451
v -0.626479 0.448206 0.255789
v -0.388189 0.505225 0.054753
v -0.696953 -0.011478 0.195727
v -0.703208 -0.170316 0.059305
v -0.223024 -0.641373 -0.204392
v -0.733384 0.407574 0.159024
v -0.678710 0.412439 0.081791
v 0.202581 0.206170 0.236290
v -0.731604 0.239731 0.080522
v 0.137941 -0.021048 -0.206272
v 0.007619 0.770131 -0.202604
v -0.552715 0.663265 -0.435557
v -0.607261 0.672685 -0.460446
v -0.484781 0.035931 -0.102249
v -0.117965 0.120902 0.245864
v -0.570782 0.469863 -0.256647
v -0.535448 0.627291 -0.369538
v -0.603353 0.416103 -0.045113
v -0.611485 -0.157531 -0.102914
v -0.608535 0.013582 -0.022991
v -0.500154 0.608719 -0.377915
v -0.559510 0.641998 -0.382913
v 0.592275 -0.466478 -0.007377
v -0.624298 0.581542 -0.371589
v 0.702755 -0.374279 0.095599
v -0.268888 0.186858 0.172452
v 0.452677 0.094992 0.025446
v -0.387314 0.500649 0.021018
v 0.709072 -0.366613 0.127803
v -0.547847 0.465470 -0.390012
v -0.421117 0.471423 0.058189
v -0.032448 0.763839 -0.176642
v -0.500354 0.587995 -0.294166
v -0.573223 0.631515 -0.360016
v 0.644230 -0.363375 0.155064
v -0.397749 0.462105 0.117731
v -0.374535 0.452979 0.136229
v 0.501335 0.061816 0.065877
v 0.475514 0.090202 0.084836
v 0.378499 0.151998 0.029238
v -0.040720 0.757064 -0.127352
v -0.019279 0.770655 -0.165574
v -0.483796 0.566786 -0.274678
v -0.530448 0.604024 -0.288429
v 0.737400 -0.376590 0.173870
v 0.639459 -0.364185 0.112605
v -0.172548 0.170290 0.157022
v 0.553893 -0.007177 0.121819
v 0.435839 0.122268 0.078847
v -0.604094 0.607351 -0.336473
v -0.749505 0.317629 0.177741
v -0.557382 0.470705 -0.337333
v -0.717738 -0.075023 0.131741
v 0.395754 0.078522 -0.077280
v -0.560791 0.599999 -0.263559
v 0.708417 -0.366026 0.183953
v 0.654545 -0.366523 0.155844
v 0.504811 0.059809 0.128909
v 0.364796 0.167039 0.070438
v 0.303427 0.185954 0.024131
v -0.615528 0.423412 0.014534
v 0.741375 -0.394131 0.213467
v 0.183622 0.155220 0.336686
v 0.401931 0.151494 0.120285
v 0.683682 -0.371275 0.207482
v 0.645017 -0.377996 0.193915
v 0.448276 0.118003 0.129145
v 0.309398 0.194997 0.084160
v 0.269562 0.202595 0.051975
v 0.255707 0.184641 -0.007683
v -0.695323 -0.186119 0.285454
v -0.541197 0.585199 -0.228512
v -0.585190 0.574052 -0.230197
v 0.709645 -0.383047 0.230399
v 0.633920 -0.363486 0.190090
v -0.472228 0.529120 -0.210003
v -0.514318 0.573493 -0.229100
v 0.345566 0.181777 0.129868
v 0.187240 0.205370 0.034496
v 0.206975 0.200177 0.018220
v -0.176334 0.670156 -0.081812
v -0.494021 0.541188 -0.182443
v 0.111468 0.195024 0.026978
v -0.053308 -0.236901 0.568569
v 0.633010 -0.400685 0.242285
v 0.498020 0.065930 0.196683
v -0.728525 0.045853 0.074335
v 0.307418 -0.049878 -0.177888
v -0.523639 0.700120 -0.567759
v -0.450194 -0.760011 0.199331
v -0.487981 -0.753613 0.304723
v -0.501286 -0.744093 0.339504
v -0.495857 -0.734347 0.393502
v -0.218809 0.499502 -0.107675
v 0.327463 -0.124133 -0.214692
v -0.433417 0.182652 -0.060374
v -0.558883 -0.749143 0.079041
v -0.546259 -0.751663 0.106248
v -0.524626 -0.749837 0.134524
v -0.474349 -0.741863 0.190528
v -0.459783 -0.747078 0.210375
v -0.495183 -0.727661 0.301366
v -0.500875 -0.727722 0.349172
v -0.462727 -0.717203 0.444112
v -0.219378 -0.747410 0.442077
v -0.115325 -0.735614 0.551026
v -0.078486 -0.732354 0.558525
v -0.559269 -0.747054 0.026488
v -0.555966 -0.717323 0.077174
v -0.554894 -0.730816 0.096939
v -0.524082 -0.732432 0.129116
v -0.506316 -0.725152 0.155477
v -0.444879 -0.727861 0.215534
v -0.478385 -0.723140 0.262800
v -0.476695 -0.684112 0.395867
v -0.412264 -0.697352 0.479950
v -0.643820 -0.032997 0.309410
v -0.511544 -0.253720 0.447435
v -0.732008 0.195193 0.434459
v -0.224737 -0.715862 0.439505
v -0.192292 -0.727560 0.478236
v -0.163333 -0.698797 0.521186
v -0.138499 -0.700790 0.533828
v -0.120111 -0.713692 0.552453
v -0.670158 -0.148872 0.321127
v -0.216178 -0.208689 -0.219446
v -0.615300 0.355676 0.445246
v -0.672903 0.352522 0.403450
v -0.459218 -0.493794 0.232132
v -0.543909 -0.716831 0.021765
v -0.546834 -0.714669 0.053391
v -0.543759 -0.693830 0.088897
v -0.454785 -0.689018 0.170471
v -0.428312 -0.714760 0.219211
v -0.485566 -0.698478 0.311938
v -0.450788 -0.679049 0.442991
v -0.428078 -0.652410 0.445249
v -0.550117 -0.354565 0.379446
v -0.709035 0.280751 0.429089
v -0.700410 0.241444 0.468556
v -0.192751 -0.696823 0.476526
v 0.418879 -0.226206 -0.221433
v -0.012736 -0.117587 0.464242
v -0.701620 -0.139259 0.277036
v -0.488137 -0.690436 0.146729
v -0.421768 -0.697691 0.208065
v -0.480742 -0.671698 0.359192
v -0.169091 -0.680931 0.506441
v -0.105321 -0.687035 0.552854
v -0.109518 -0.381863 0.424658
v -0.626342 -0.063137 0.338498
v -0.103911 -0.323184 0.481313
v -0.637741 -0.135508 0.355140
v -0.667542 -0.207172 0.315954
v -0.491433 -0.669253 0.120451
v -0.730555 0.240384 0.399587
v -0.083974 -0.373718 0.473527
v -0.076839 -0.316598 0.545607
v -0.185909 -0.655347 0.463505
v -0.691949 0.146638 0.500787
v -0.691850 0.083470 0.501481
v -0.516552 -0.661934 0.040031
v -0.500494 -0.648471 0.066408
v -0.711896 -0.202653 0.252377
v -0.561104 0.383106 -0.290840
v -0.162934 -0.650145 0.475696
v -0.136561 -0.649466 0.510378
v -0.625314 -0.246672 0.372971
v -0.696640 0.118069 0.500908
v -0.493323 -0.651462 0.094225
v -0.408730 -0.653223 0.155107
v 0.435568 -0.198971 -0.207854
v -0.741228 0.134880 0.461782
v -0.608582 -0.274005 0.377367
v -0.621393 0.620002 -0.398974
v -0.430434 -0.632348 0.410701
v -0.080063 -0.275613 0.554786
v -0.720666 0.344416 0.325994
v -0.674318 -0.076254 0.294189
v -0.058718 -0.164242 0.512532
v -0.593055 -0.318126 0.361340
v -0.361791 -0.656612 0.193722
v -0.094424 -0.292896 0.528039
v -0.708201 0.318889 0.398070
v -0.085782 -0.221676 0.527288
v -0.060779 -0.309251 0.563960
v -0.636943 -0.182602 0.355188
v -0.691746 0.207219 0.502059
v -0.663004 -0.257202 0.318311
v -0.680685 0.297248 0.452803
v -0.601433 0.563322 -0.242431
v -0.540584 -0.195492 -0.147544
v -0.415738 -0.622188 0.090509
v -0.397161 -0.630058 0.128140
v 0.027423 0.721876 -0.266062
v -0.163677 -0.606934 0.416696
v -0.730285 0.090133 0.473470
v -0.638696 0.080489 0.503910
v -0.327796 0.549524 0.043891
v -0.106260 -0.246124 0.502029
v -0.337556 -0.626419 0.184379
v -0.063897 -0.041560 -0.210060
v -0.707940 0.390032 0.305101
v -0.637711 -0.304218 0.329841
v -0.132182 -0.597436 0.437499
v -0.060634 -0.142247 0.469271
v -0.710871 0.181025 0.476157
v -0.393254 -0.607689 0.111490
v -0.345872 -0.607575 0.157255
v -0.420100 -0.223595 -0.192928
v -0.349898 -0.594075 0.339738
v -0.679636 -0.239824 0.286159
v -0.723652 0.298344 0.381242
v -0.601022 0.513606 -0.148993
v -0.003780 -0.137212 0.523063
v -0.141652 -0.581880 0.388916
v -0.695346 -0.086772 0.267911
v -0.686484 0.182251 0.511455
v -0.563232 0.410757 -0.360975
v -0.741063 0.322291 0.284828
v -0.744687 0.374585 0.254549
v -0.197331 0.537527 -0.125691
v -0.373925 -0.569822 0.119129
v -0.333837 -0.567537 0.163952
v -0.333234 -0.561712 0.349958
v -0.754648 0.094505 0.442761
v -0.108405 -0.576708 0.393011
v -0.622256 0.579868 -0.332211
v 0.275057 -0.212784 -0.296666
v -0.622542 0.554610 -0.300538
v -0.126931 -0.263405 0.460707
v -0.615823 0.647736 -0.431983
v -0.587794 0.491532 -0.082349
v -0.096364 -0.563858 0.397335
v -0.295731 -0.514281 0.394070
v -0.019471 -0.514704 0.512785
v -0.681021 0.157180 -0.017982
v -0.367346 -0.541285 0.131887
v -0.355712 -0.529611 0.230113
v -0.357795 -0.505198 0.293065
v -0.335629 -0.489546 0.347849
v -0.072708 -0.498525 0.434226
v -0.374364 -0.528010 0.213737
v -0.362132 -0.511118 0.261913
v -0.722615 0.046938 0.455909
v -0.591169 0.512376 -0.119001
v 0.262774 0.021703 -0.176426
v -0.363435 -0.751997 0.464822
v -0.411242 -0.509323 0.222577
v -0.382830 -0.506961 0.247837
v -0.057555 -0.472478 0.459606
v -0.093557 -0.125328 -0.226960
v -0.576344 -0.409356 0.277242
v -0.666544 0.176342 -0.029330
v -0.607205 0.043624 -0.032464
v -0.143544 -0.116156 -0.213855
v -0.371575 -0.492994 0.286106
v -0.314811 -0.459636 0.380632
v -0.683855 0.381433 0.355720
v -0.023963 -0.467306 0.517045
v -0.553379 0.396102 -0.384011
v -0.589814 -0.051662 0.371880
v -0.272701 0.485015 -0.078900
v -0.119191 0.650572 -0.156759
v 0.166041 0.005372 -0.185795
v -0.364059 0.466392 -0.016629
v -0.282950 -0.441145 0.413259
v -0.328285 -0.197017 -0.201785
v -0.078502 -0.430336 0.452179
v -0.033067 -0.418666 0.536448
v -0.530256 -0.416637 0.323928
v 0.072942 -0.010725 -0.204986
v -0.421434 0.238955 -0.049409
v -0.501632 -0.381882 0.384693
v -0.001315 -0.231438 -0.372262
v -0.303113 -0.425117 0.409466
v -0.541272 0.134996 -0.071496
v -0.546280 0.412337 -0.424759
v -0.391717 -0.054588 -0.171022
v -0.374329 0.340277 0.004280
v -0.565974 -0.042830 -0.093026
v -0.070853 -0.271293 0.564886
v -0.601813 0.435298 -0.081245
v -0.375081 0.170617 -0.039853
v -0.331037 0.427063 -0.032912
v -0.550722 0.303834 -0.058845
v -0.550758 0.423670 -0.420654
v -0.173113 -0.047251 -0.190821
v -0.022614 0.661122 -0.219707
v -0.614327 0.665425 -0.473827
v -0.137775 -0.048373 -0.204631
v -0.388542 -0.531722 0.126115
v -0.447506 0.288920 -0.050401
v -0.266525 -0.757085 -0.247575
v -0.286013 -0.757063 -0.207255
v -0.298093 -0.753839 -0.164560
v -0.310645 -0.739041 -0.111739
v -0.697871 0.173158 -0.000859
v 0.443574 0.084955 -0.018322
v -0.258551 -0.740853 -0.256403
v -0.275490 -0.732989 -0.216618
v -0.293844 -0.719395 -0.162924
v 0.468080 -0.280056 -0.186095
v -0.537325 -0.731543 0.003377
v 0.014265 0.139942 -0.040365
v -0.504088 0.592857 -0.552489
v -0.526267 0.580468 -0.504981
v -0.754266 0.210303 0.273023
v -0.463013 -0.713824 0.267512
v -0.573434 0.605740 -0.446040
v -0.616305 0.609133 -0.420926
v -0.254966 0.607561 -0.066861
v -0.249570 0.625317 -0.044378
v -0.260075 -0.718641 -0.245086
v -0.285398 -0.714531 -0.198310
v -0.525534 -0.686029 0.018035
v -0.734103 0.216406 0.390464
v -0.472396 -0.694390 0.278722
v -0.575327 0.547943 -0.369223
v -0.540358 0.485270 -0.425842
v 0.061626 0.114112 -0.096852
v -0.357563 0.531700 0.009944
v -0.268510 -0.665772 -0.147511
v -0.303413 -0.698600 -0.104119
v -0.481408 -0.669881 -0.019243
v -0.390297 0.474224 0.010467
v -0.258476 0.042317 -0.144458
v -0.413430 -0.685184 0.227941
v -0.443417 -0.673942 0.269261
v -0.604239 0.446120 -0.124644
v -0.246777 -0.661137 -0.206995
v -0.290257 -0.670772 -0.099630
v -0.444333 -0.653518 0.299977
v -0.468216 -0.664399 0.320117
v -0.633758 0.405420 0.023541
v -0.195245 0.650107 -0.090996
v -0.249000 -0.690384 -0.219658
v -0.264733 -0.672436 -0.183458
v -0.368971 -0.661216 0.218062
v -0.463320 -0.649934 0.344490
v -0.458859 -0.651065 0.395746
v -0.400263 -0.622875 -0.016854
v -0.424416 -0.644018 -0.018412
v -0.421017 -0.620716 0.036001
v -0.343123 -0.638795 0.196306
v -0.166965 -0.747791 -0.295077
v -0.593090 0.381351 -0.089710
v -0.580679 0.492281 -0.265835
v -0.387047 -0.650325 -0.051483
v -0.733183 0.221353 0.346170
v -0.553730 0.367338 -0.210242
v -0.550387 0.353232 -0.179876
v -0.366931 -0.627537 0.264689
v -0.373525 -0.614877 0.305231
v -0.433400 -0.631238 0.355212
v -0.527658 0.501050 -0.484179
v -0.237704 -0.635906 -0.156233
v -0.252266 -0.628780 -0.107468
v -0.734182 0.393153 0.250862
v 0.333276 0.024838 -0.146183
v 0.669811 -0.439500 0.009114
v -0.263323 -0.629405 -0.096282
v 0.346586 -0.204527 -0.251506
v -0.412208 -0.604100 0.045183
v -0.404916 -0.597232 0.074811
v -0.739960 0.354614 0.166587
v -0.747455 0.356222 0.208185
v -0.335517 -0.612400 0.201423
v -0.354288 -0.595651 0.254195
v -0.360207 -0.608383 0.357269
v -0.567122 0.579366 -0.422422
v -0.619050 0.629154 -0.441183
v -0.120531 -0.611569 -0.219751
v -0.157525 -0.610218 -0.168161
v -0.202980 -0.615167 -0.115960
v -0.026426 0.044473 -0.160126
v -0.401876 -0.592926 0.010376
v -0.329723 -0.566865 0.177885
v -0.336000 -0.568003 0.201960
v -0.354842 -0.590429 0.306461
v -0.677633 0.001331 0.056310
v 0.404967 0.046536 -0.100993
v 0.511324 -0.071385 -0.104133
v -0.129930 -0.597758 -0.183531
v -0.137127 -0.593135 -0.161785
v -0.163353 -0.594016 -0.096121
v 0.446988 -0.106313 -0.159895
v 0.626604 -0.401329 0.046715
v -0.402225 -0.561091 0.041233
v -0.352424 -0.553559 0.258001
v -0.563218 0.507094 -0.346488
v -0.398629 0.012841 -0.155581
v -0.187173 -0.012380 -0.182314
v -0.100022 -0.605185 -0.237098
v -0.123818 -0.589194 -0.201681
v -0.146725 -0.587012 -0.117291
v -0.376838 -0.551501 -0.036106
v -0.398379 -0.545456 0.013961
v -0.389432 -0.560795 0.096041
v -0.286885 0.063761 -0.141102
v -0.137093 -0.574524 -0.140378
v -0.363056 0.152180 -0.048986
v 0.024256 -0.002121 -0.183349
v -0.400937 -0.541189 0.059328
v -0.350192 -0.552007 0.300316
v -0.052579 0.698233 -0.195310
v -0.087106 -0.558367 -0.262634
v -0.119556 -0.527712 -0.215883
v -0.130376 -0.551101 -0.190471
v -0.392045 -0.538580 0.099402
v -0.720501 0.228453 0.050460
v -0.574853 0.396653 -0.298937
v -0.296056 0.542243 -0.059376
v -0.104147 -0.533251 -0.249467
v -0.140051 -0.536680 -0.150414
v -0.154441 -0.537229 -0.103046
v 0.514172 -0.149044 -0.118640
v -0.025432 0.015202 -0.179066
v -0.365547 -0.499914 -0.068996
v -0.396328 -0.492647 -0.026077
v -0.402045 -0.517605 0.013744
v -0.407686 -0.527602 0.064390
v -0.408813 -0.523616 0.096623
v -0.377555 -0.526040 0.211500
v -0.149684 -0.521909 -0.124339
v -0.012661 0.741485 -0.224279
v -0.088717 -0.506398 -0.291194
v -0.134027 -0.503629 -0.187059
v 0.325695 -0.203497 -0.267346
v 0.254550 -0.151099 -0.269149
v -0.408305 -0.498863 -0.005996
v -0.227677 -0.125790 -0.205182
v -0.608102 0.415546 -0.014615
v -0.258324 -0.004787 -0.172013
v -0.126811 -0.454469 -0.264547
v -0.118376 -0.483305 -0.254855
v -0.216592 -0.738325 -0.278733
v 0.039265 0.023533 -0.167305
v 0.195358 -0.173646 -0.310997
v -0.488949 -0.474806 -0.013112
v -0.039059 -0.741434 0.547864
v -0.481866 0.479488 -0.536498
v -0.726562 0.335338 0.145960
v -0.306521 0.575138 -0.029289
v 0.699523 -0.420224 0.028055
v 0.472045 0.016842 -0.075518
v -0.128779 -0.471431 -0.224978
v -0.144416 -0.449327 -0.203330
v -0.157897 -0.483886 -0.137464
v 0.372828 -0.092476 -0.199998
v -0.029011 -0.022694 -0.206093
v -0.532889 -0.453575 0.013696
v -0.628400 -0.391861 0.192947
v -0.497748 0.502583 -0.555164
v -0.578616 0.458144 -0.205976
v -0.616425 0.529064 -0.283836
v -0.156586 -0.453974 -0.169115
v -0.164548 -0.475369 -0.125445
v -0.009335 -0.749725 -0.254386
v 0.214026 -0.113792 -0.220449
v -0.523244 -0.416869 -0.041514
v -0.590208 -0.429134 0.086826
v -0.451195 0.655688 -0.599120
v -0.672056 0.396704 0.057956
v 0.325786 0.111400 -0.086128
v -0.083420 -0.452572 -0.313912
v 0.257328 -0.073916 -0.192083
v 0.243788 -0.111432 -0.210106
v -0.573838 -0.432628 0.037608
v -0.589683 0.221647 -0.056862
v -0.454777 0.635509 -0.604506
v -0.139902 -0.444195 -0.233854
v 0.308017 -0.082448 -0.208198
v 0.136675 0.037711 -0.167453
v -0.555372 -0.407806 -0.014861
v -0.595274 -0.393056 0.014415
v -0.604589 -0.408999 0.089391
v -0.580070 0.263334 -0.051103
v 0.361284 -0.255906 -0.259795
v -0.554593 0.374819 -0.243419
v -0.116667 -0.427806 -0.286403
v -0.162250 -0.413012 -0.181953
v -0.548727 -0.401095 -0.046564
v -0.746820 0.383638 0.176010
v -0.697041 0.390121 0.092653
v -0.100872 -0.392574 -0.334028
v -0.132330 -0.416256 -0.269510
v -0.150333 -0.407394 -0.225758
v -0.185481 -0.417713 -0.147337
v -0.618530 -0.368456 -0.021027
v -0.648041 -0.357656 0.042432
v -0.648436 -0.368412 0.092147
v -0.642692 -0.377368 0.162732
v -0.580790 0.428195 -0.150860
v -0.739644 0.250287 0.185828
v -0.582664 -0.381191 -0.050495
v -0.660355 -0.346393 0.062234
v -0.382266 -0.425520 0.388125
v -0.151324 -0.330700 -0.300598
v -0.154713 -0.373582 -0.253747
v -0.172618 -0.354079 -0.215244
v -0.188408 -0.368675 -0.170482
v -0.651096 -0.327724 0.010301
v -0.655654 -0.343940 0.138664
v 0.394150 -0.060887 -0.164471
v 0.214401 0.068188 -0.161178
v 0.107979 0.148663 -0.078947
v 0.164249 -0.119041 -0.258238
v -0.618244 -0.326471 -0.051168
v -0.640705 -0.334738 -0.012226
v -0.683963 -0.315160 0.100538
v -0.291977 -0.231078 -0.205116
v -0.053394 -0.148914 -0.277469
v -0.133065 -0.339968 -0.324634
v -0.158267 -0.333070 -0.271638
v 0.350575 0.068071 -0.116355
v -0.673646 -0.319333 0.055141
v -0.697489 -0.299623 0.154982
v -0.661324 -0.312813 0.249050
v -0.592101 0.410532 -0.157338
v -0.168417 -0.334348 -0.256020
v -0.180609 -0.343452 -0.192508
v -0.585494 -0.310813 -0.088814
v -0.640767 -0.297116 -0.035146
v -0.653786 -0.297286 -0.005951
v -0.693055 -0.302286 0.178165
v -0.684730 -0.297918 0.216581
v -0.583710 0.323827 -0.047920
v -0.071038 -0.140820 -0.236007
v -0.177922 -0.314099 -0.218764
v -0.673224 -0.285983 0.042927
v -0.692111 -0.292530 0.091186
v -0.625720 0.338096 -0.013364
v -0.602600 0.456031 -0.168431
v -0.638271 -0.268572 -0.054030
v -0.691574 -0.263762 0.223389
v -0.677882 -0.273374 0.249576
v -0.589129 0.398426 -0.177142
v 0.712590 -0.462508 0.012448
v -0.190851 -0.287945 -0.208252
v -0.110248 0.066485 -0.125975
v -0.232609 0.068278 -0.128903
v -0.587905 -0.255109 -0.124459
v -0.623267 -0.270361 -0.080649
v -0.675075 -0.263878 -0.013016
v -0.687693 -0.257549 0.022385
v -0.693207 -0.270142 0.082427
v -0.699450 -0.257396 0.120087
v -0.698036 -0.258895 0.191457
v -0.577643 0.436433 -0.183004
v -0.334324 0.002740 -0.169716
v -0.152950 -0.299302 -0.293494
v -0.158142 -0.272144 -0.276750
v -0.167576 -0.265925 -0.240215
v -0.710041 -0.244422 0.062691
v -0.700953 -0.250486 0.160484
v -0.696757 -0.244888 0.246900
v -0.700906 0.326398 0.107143
v 0.294109 -0.151446 -0.248554
v -0.684826 -0.221931 -0.003458
v -0.694954 -0.236197 0.021123
v -0.714285 -0.231134 0.100309
v -0.718401 -0.234527 0.134282
v -0.722165 -0.218608 0.200886
v -0.116713 -0.253026 -0.337149
v -0.140668 -0.257822 -0.294358
v -0.609735 -0.224083 -0.102919
v -0.154904 -0.237628 -0.244863
v -0.188504 -0.227769 -0.227651
v -0.629949 -0.214565 -0.073004
v -0.659008 -0.209335 -0.046879
v -0.714822 -0.211270 0.062251
v -0.726500 -0.201262 0.122789
v -0.729846 -0.191957 0.164208
v -0.453562 -0.745757 -0.071535
v -0.126777 -0.214348 -0.293883
v -0.353913 -0.747979 -0.108467
v -0.678029 -0.189812 -0.030253
v -0.430500 0.052797 -0.119357
v -0.687420 -0.172948 -0.002843
v 0.172762 0.067861 -0.157424
v -0.374309 0.086312 -0.114251
v 0.117877 -0.116636 -0.261557
v 0.218880 -0.143460 -0.281563
v 0.401439 -0.107990 -0.192850
v -0.137065 0.034004 -0.156063
v 0.442568 -0.142842 -0.182450
v 0.226791 0.115040 -0.115397
v 0.641151 -0.493788 -0.026950
v -0.324754 -0.739549 -0.108196
v -0.178932 -0.094078 -0.208100
v -0.159145 -0.646538 -0.257346
v 0.466092 -0.160212 -0.172602
v 0.736396 -0.427360 0.039892
v -0.094479 0.023898 -0.154123
v 0.114865 0.020988 -0.189751
v -0.007904 0.030328 -0.173319
v 0.208498 0.133731 -0.088209
v 0.390066 -0.184429 -0.218758
v 0.520469 -0.187049 -0.143988
v 0.093593 0.060546 -0.145819
v 0.282752 0.084496 -0.135706
v -0.412843 -0.764242 -0.093246
v 0.104797 -0.184351 -0.341073
v 0.189335 0.039071 -0.182186
v 0.424438 -0.017591 -0.126767
v 0.055090 -0.122575 -0.271500
v 0.422591 -0.073129 -0.161973
v 0.633746 -0.423314 0.028138
v -0.007171 0.765220 -0.209671
v 0.318312 0.082535 -0.119607
v 0.041657 0.072442 -0.138667
v 0.412745 -0.265756 -0.234401
v 0.708094 -0.499419 -0.010970
v 0.646393 -0.385158 0.072070
v -0.172456 0.027755 -0.158209
v 0.080229 0.024090 -0.183712
v 0.675091 -0.391382 0.058591
v 0.717593 -0.395773 0.058664
v -0.276069 0.020619 -0.151643
v -0.102347 0.481769 -0.103443
v -0.094017 -0.752842 -0.274582
v 0.264151 -0.174647 -0.285633
v -0.345290 0.155625 -0.051049
v 0.042514 -0.074435 -0.225078
v -0.140026 -0.658256 -0.271627
v -0.420465 0.450838 0.026737
v 0.199116 0.100773 -0.122847
v 0.039650 -0.187161 -0.349927
v 0.498076 -0.017694 -0.073470
v 0.165012 0.152385 -0.059975
v -0.048840 -0.118076 -0.227707
v -0.015785 -0.174222 -0.338929
v -0.434484 0.428114 0.020681
v -0.311142 0.497246 -0.055978
v 0.057180 0.688353 -0.283024
v 0.012763 -0.114808 -0.228324
v -0.455122 0.417310 0.011208
v -0.451944 -0.763474 -0.077242
v -0.381417 0.423365 -0.006978
v -0.394831 0.141826 -0.056069
v 0.400949 -0.008287 -0.128117
v 0.069190 -0.227726 -0.357447
v 0.284817 -0.122890 -0.216640
v 0.118334 -0.090129 -0.216962
v -0.189159 -0.678282 -0.274373
v 0.462540 -0.035511 -0.117442
v 0.272376 0.051438 -0.151515
v -0.427515 0.372799 -0.004945
v -0.413891 0.372565 -0.003048
v -0.445251 0.369608 -0.021840
v 0.191721 -0.089395 -0.209547
v -0.298256 0.017746 -0.155411
v 0.162887 -0.151102 -0.308641
v 0.678690 -0.492532 -0.024157
v -0.441442 -0.695195 -0.062970
v -0.008809 -0.124639 -0.238781
v 0.365947 -0.150072 -0.215865
v -0.425126 0.333794 -0.012208
v 0.489862 -0.186049 -0.169242
v 0.393983 -0.474619 -0.240322
v -0.347781 0.080053 -0.125900
v -0.058989 -0.182581 -0.334965
v 0.280557 -0.738637 -0.210159
v 0.359325 -0.107506 -0.209316
v -0.402351 0.291200 -0.033064
v 0.047970 -0.231619 -0.369748
v 0.338546 0.131691 -0.048773
v 0.427683 -0.322437 -0.228827
v 0.308258 -0.217688 -0.286405
v -0.057754 -0.080455 -0.223545
v -0.359108 -0.701875 -0.095404
v -0.382261 -0.761147 -0.104219
v -0.325026 0.215130 0.008626
v -0.297004 0.191645 0.028749
v 0.567110 -0.514860 -0.031067
v -0.360772 0.225523 -0.026567
v 0.270082 -0.095146 -0.207343
v -0.511127 0.709552 -0.565871
v -0.328781 0.187082 -0.008611
v -0.312779 0.187193 0.001251
v -0.235866 -0.092879 -0.198661
v 0.060880 -0.098741 -0.227215
v -0.282976 0.168163 -0.042345
v 0.000755 0.155417 -0.006468
v 0.102184 0.174713 -0.031831
v 0.172208 0.179868 -0.017007
v 0.225122 0.166180 -0.049787
v 0.340467 0.154781 -0.005325
v -0.350299 0.178171 -0.028359
v 0.132086 0.167416 -0.048835
v 0.224144 -0.760753 -0.193880
v 0.174205 -0.753513 -0.220103
v 0.135975 -0.747902 -0.229122
v 0.035081 -0.751876 -0.242100
v -0.318035 -0.087131 -0.201397
v 0.190679 -0.741260 -0.226646
v -0.371197 -0.104425 -0.200864
v -0.063073 -0.732904 -0.272531
v 0.049566 0.573807 -0.212849
v -0.424119 -0.110832 -0.175012
v -0.466344 -0.764309 -0.064175
v -0.497925 -0.764245 -0.052395
v 0.214458 -0.723156 -0.227262
v 0.114349 -0.705469 -0.242329
v 0.043960 -0.701070 -0.250149
v -0.474164 -0.119774 -0.156930
v -0.608038 0.130463 -0.053286
v -0.582380 -0.121549 -0.115946
v 0.204963 0.015903 -0.188253
v -0.486547 -0.738437 -0.060037
v -0.515647 -0.736386 -0.043283
v 0.419630 -0.740595 0.017059
v 0.290038 -0.703943 -0.213648
v 0.246400 -0.692704 -0.219668
v -0.041195 -0.687002 -0.273002
v 0.490647 -0.715201 0.003108
v 0.416492 -0.707483 -0.027818
v -0.001992 0.569385 -0.183437
v 0.194458 -0.684127 -0.227377
v -0.144676 -0.687765 -0.285342
v -0.496282 0.297446 -0.063354
v -0.045785 0.624541 -0.197254
v -0.499391 -0.697523 -0.039329
v 0.444685 -0.691424 -0.029615
v -0.643433 0.224746 -0.022541
v -0.409921 -0.035874 -0.165258
v 0.296564 -0.667184 -0.231474
v 0.123513 -0.671013 -0.241249
v 0.052998 -0.668428 -0.246424
v -0.009008 -0.662500 -0.262047
v -0.331248 -0.671488 -0.089612
v -0.496955 -0.674354 -0.001741
v 0.537746 -0.676238 -0.021489
v 0.492803 -0.654053 -0.041576
v 0.225447 -0.658031 -0.235009
v 0.158926 -0.665336 -0.235838
v -0.081368 -0.648244 -0.263977
v -0.479517 -0.030310 -0.131721
v 0.525698 -0.642275 -0.044223
v 0.270435 -0.639277 -0.240062
v 0.151456 -0.627485 -0.281894
v 0.117602 -0.643473 -0.276101
v 0.088264 -0.637527 -0.282017
v 0.006224 -0.653020 -0.263265
v -0.085484 0.634363 -0.180232
v 0.310628 -0.631691 -0.234428
v 0.204350 -0.627114 -0.272879
v 0.024594 -0.633902 -0.280682
v -0.042119 -0.639139 -0.261871
v -0.325192 -0.637677 -0.077788
v 0.590051 -0.648879 -0.018684
v 0.562615 -0.609938 -0.048874
v 0.345849 -0.613694 -0.220714
v 0.268289 -0.610521 -0.264687
v 0.239077 -0.617568 -0.261503
v -0.076749 -0.613414 -0.254251
v -0.099884 -0.623284 -0.242343
v -0.383664 0.308607 -0.008276
v -0.466646 -0.086321 -0.164914
v 0.310701 -0.607340 -0.253280
v 0.219007 -0.590565 -0.277744
v 0.180282 -0.603813 -0.289978
v 0.053035 -0.602702 -0.296728
v 0.008389 -0.587017 -0.303969
v -0.027621 -0.573021 -0.296297
v -0.593140 0.090236 -0.057677
v -0.688721 0.005259 0.393630
v -0.311331 -0.589049 -0.074848
v -0.373504 -0.609684 -0.042313
v -0.566061 -0.083902 -0.112125
v 0.594950 -0.592110 -0.052507
v 0.502487 -0.599913 -0.051427
v 0.401138 -0.589054 -0.215216
v 0.370353 -0.582686 -0.241710
v 0.324481 -0.583274 -0.253657
v 0.247288 -0.556299 -0.291475
v 0.132090 -0.585532 -0.298423
v 0.100019 -0.575002 -0.310885
v -0.540624 0.182249 -0.076164
v -0.219094 -0.008495 -0.179236
v -0.220927 -0.610389 -0.101574
v -0.274721 -0.587470 -0.091106
v -0.341670 -0.582061 -0.062912
v -0.734783 0.053105 0.276011
v 0.172628 -0.568260 -0.289125
v 0.067235 -0.569641 -0.320641
v -0.190004 -0.595540 -0.092498
v -0.237370 -0.587064 -0.094260
v 0.537386 -0.573856 -0.050872
v 0.393082 -0.557335 -0.243617
v 0.353930 -0.557855 -0.263248
v 0.300691 -0.544424 -0.278182
v 0.154557 -0.535305 -0.308174
v 0.035970 -0.542039 -0.325665
v -0.159897 -0.570017 -0.087126
v -0.175865 -0.576299 -0.085604
v -0.256068 -0.547571 -0.098595
v 0.598696 -0.555468 -0.050701
v 0.215035 -0.543162 -0.290963
v 0.192722 -0.529571 -0.306198
v 0.109924 -0.536559 -0.315626
v -0.320620 -0.540414 -0.087991
v -0.729097 0.027896 0.398219
v 0.664725 -0.545744 -0.033930
v 0.336762 -0.534043 -0.270025
v 0.074409 -0.512739 -0.325506
v 0.007699 -0.516415 -0.338759
v -0.537403 -0.393579 0.350360
v -0.196253 -0.524521 -0.095456
v -0.278713 -0.544650 -0.097139
v 0.642870 -0.527561 -0.040742
v 0.550375 -0.535163 -0.040029
v 0.264213 -0.497556 -0.284920
v 0.228160 -0.499903 -0.291950
v 0.161132 -0.479362 -0.326934
v 0.112448 -0.498880 -0.333377
v -0.043344 -0.504997 -0.323381
v -0.174104 -0.519661 -0.096011
v -0.218010 -0.508057 -0.098250
v 0.365511 -0.494065 -0.254097
v 0.321346 -0.499460 -0.269411
v 0.130294 -0.471992 -0.337059
v 0.034039 -0.492400 -0.347708
v -0.484705 0.243673 -0.065926
v -0.117631 0.514299 -0.131635
v 0.014788 0.683453 -0.253000
v -0.162294 -0.501205 -0.110685
v -0.291716 -0.496374 -0.109512
v -0.521378 0.222646 -0.070497
v 0.071968 -0.469863 -0.342834
v -0.039649 -0.455437 -0.345038
v -0.254526 -0.484720 -0.112887
v -0.282245 -0.459891 -0.123297
v -0.324096 -0.494950 -0.100639
v 0.307427 -0.465790 -0.284382
v 0.263825 -0.465910 -0.299436
v 0.232508 -0.448924 -0.310649
v 0.180089 -0.452708 -0.329115
v 0.027427 -0.453773 -0.357007
v -0.388338 -0.475735 -0.048282
v -0.378149 0.377595 -0.003012
v -0.346457 -0.085257 -0.198843
v 0.372594 -0.424762 -0.267432
v 0.000424 -0.440461 -0.363601
v -0.178836 -0.446755 -0.132212
v -0.229474 -0.456468 -0.124064
v -0.317184 -0.465687 -0.110451
v -0.456599 -0.489299 -0.001142
v -0.446550 -0.067360 -0.168541
v 0.302606 -0.425701 -0.292841
v 0.285754 -0.441979 -0.291008
v 0.152771 -0.413480 -0.328246
v 0.115564 -0.439117 -0.334834
v 0.067925 -0.424372 -0.345060
v -0.348882 -0.449247 -0.093364
v -0.472792 -0.468706 -0.028914
v -0.069857 0.522324 -0.136970
v 0.390122 -0.438430 -0.253752
v 0.348516 -0.394695 -0.278317
v 0.189311 -0.416894 -0.318077
v -0.263533 -0.388495 -0.163725
v -0.283086 -0.425731 -0.141329
v -0.380907 -0.451076 -0.075170
v -0.461197 -0.436120 -0.070463
v -0.477310 0.508931 -0.563554
v 0.269888 -0.418991 -0.294024
v 0.232670 -0.417503 -0.310050
v 0.114605 -0.411405 -0.344441
v 0.093131 -0.385797 -0.349951
v 0.050122 -0.396173 -0.365386
v 0.015173 -0.365550 -0.374235
v -0.216483 -0.385629 -0.154882
v -0.416599 -0.439260 -0.079205
v -0.351536 0.350686 0.006825
v -0.151441 0.463398 -0.092033
v -0.640718 0.014980 0.467815
v 0.390733 -0.386324 -0.254163
v 0.305590 -0.395868 -0.298532
v 0.225550 -0.387639 -0.325693
v -0.048589 -0.396727 -0.366311
v -0.638175 -0.006074 0.363258
v -0.333351 -0.421443 -0.120077
v -0.386274 -0.407052 -0.130279
v -0.441799 -0.406490 -0.125597
v 0.265381 -0.387955 -0.310389
v 0.190483 -0.380560 -0.332775
v 0.136729 -0.368205 -0.343227
v 0.068386 -0.369348 -0.363090
v 0.038488 -0.354895 -0.370056
v -0.042063 -0.357311 -0.375526
v -0.325214 -0.374369 -0.141822
v -0.354695 -0.391531 -0.138826
v -0.506839 -0.404282 -0.078863
v -0.581292 0.010925 0.477217
v -0.068637 -0.355474 -0.367569
v -0.300313 -0.358079 -0.154783
v -0.453587 -0.378808 -0.141591
v -0.507081 -0.355429 -0.136218
v -0.373573 -0.368701 0.425948
v 0.337802 -0.343997 -0.272589
v 0.288285 -0.345175 -0.293341
v 0.250573 -0.347997 -0.323952
v 0.177513 -0.348555 -0.340989
v 0.095723 -0.312774 -0.364336
v -0.405262 -0.378715 -0.151956
v -0.540705 -0.368791 -0.095960
v -0.568300 -0.352843 -0.084428
v -0.332924 0.380951 -0.014748
v 0.386732 -0.334318 -0.249247
v 0.119374 -0.329350 -0.358770
v -0.215720 -0.336743 -0.168682
v -0.248099 -0.333683 -0.172945
v -0.263855 -0.326612 -0.176105
v -0.461740 -0.335496 -0.163494
v -0.580508 0.025616 0.505427
v 0.402550 -0.303410 -0.239534
v 0.066434 -0.308277 -0.363064
v 0.026401 -0.325385 -0.368595
v -0.080054 -0.329007 -0.360172
v -0.107794 -0.293424 -0.350473
v -0.368220 -0.341889 -0.172990
v -0.407550 -0.342944 -0.173149
v -0.495600 -0.337625 -0.152551
v 0.310621 -0.311294 -0.291247
v 0.269034 -0.314181 -0.309238
v 0.212311 -0.296055 -0.325764
v 0.162118 -0.309162 -0.343185
v -0.190745 -0.320382 -0.181116
v -0.330319 -0.320448 -0.175010
v -0.557067 -0.319918 -0.120979
v 0.359702 -0.303277 -0.262375
v 0.240946 -0.283716 -0.320697
v 0.118938 -0.291533 -0.359316
v 0.016529 -0.290184 -0.379431
v -0.024670 -0.279306 -0.376715
v -0.305688 -0.311215 -0.179235
v -0.390005 -0.318250 -0.183374
v -0.432792 -0.299939 -0.179479
v -0.468341 -0.288426 -0.174468
v 0.160622 -0.265769 -0.352581
v -0.051723 -0.281115 -0.373483
v -0.232155 -0.266900 -0.196839
v -0.284228 -0.286618 -0.185559
v -0.377017 -0.292165 -0.198417
v 0.306424 -0.273277 -0.287222
v 0.283928 -0.264875 -0.293318
v 0.242201 -0.257568 -0.313034
v 0.192357 -0.268465 -0.332910
v 0.129697 -0.259606 -0.361692
v -0.452743 0.547302 -0.584210
v 0.083123 -0.250635 -0.364773
v -0.065877 -0.236604 -0.359986
v -0.096744 -0.245710 -0.349966
v -0.351934 0.326262 0.016554
v -0.272109 -0.257766 -0.197889
v -0.319206 -0.261245 -0.201217
v -0.381748 -0.248138 -0.199622
v -0.410903 -0.263954 -0.196641
v -0.524049 -0.266014 -0.159506
v -0.573055 -0.265859 -0.137190
v 0.468945 -0.227633 -0.188167
v 0.196469 -0.228271 -0.323244
v 0.151989 -0.226894 -0.343046
v -0.194643 -0.251743 -0.208737
v -0.453815 -0.245131 -0.176629
v -0.482131 -0.238944 -0.175155
v -0.244022 -0.229717 -0.199206
v -0.193622 -0.764376 -0.289103
v -0.155971 -0.766136 -0.279558
v -0.105325 -0.766687 -0.250132
v -0.010420 -0.765796 -0.232776
v 0.075845 -0.763878 -0.217225
v 0.153828 -0.762434 -0.203804
v 0.304818 -0.756386 -0.169158
v -0.246943 -0.762731 -0.265327
v -0.217255 -0.766588 -0.235821
v -0.164992 -0.764463 -0.197747
v -0.075852 -0.763535 -0.198421
v -0.003459 -0.763701 -0.196309
v 0.102581 -0.761333 -0.178516
v 0.186860 -0.760221 -0.163434
v 0.258613 -0.760057 -0.145220
v -0.119425 -0.764268 -0.204755
v -0.282611 -0.765900 -0.179474
v -0.211534 -0.763875 -0.176093
v -0.015001 -0.757102 -0.180068
v 0.104826 -0.756389 -0.162448
v 0.199373 -0.753469 -0.141999
v 0.251590 -0.756176 -0.125248
v 0.284655 -0.759718 -0.108892
v 0.344481 -0.751826 -0.120985
v -0.122118 -0.753561 -0.187137
v -0.088234 -0.749873 -0.183430
v 0.023888 -0.746446 -0.165895
v 0.094547 -0.745205 -0.153527
v 0.157162 -0.745834 -0.143937
v 0.312016 -0.757437 -0.070715
v -0.073421 -0.719532 -0.163339
v 0.069759 -0.722512 -0.144911
v 0.157460 -0.724413 -0.133386
v 0.209858 -0.721708 -0.116355
v 0.243513 -0.726812 -0.099352
v 0.274352 -0.754592 -0.093524
v 0.279078 -0.757688 -0.043874
v -0.194577 -0.756477 -0.161675
v -0.147605 -0.715231 -0.147914
v -0.119674 -0.720490 -0.163390
v -0.022216 -0.725268 -0.161080
v 0.368148 -0.749539 -0.025667
v -0.228814 -0.757879 -0.116319
v -0.001199 -0.714716 -0.143921
v 0.073676 -0.714520 -0.132627
v 0.152895 -0.710155 -0.115271
v 0.206869 -0.714489 -0.105431
v 0.255377 -0.754456 -0.037882
v 0.327652 -0.758749 0.003889
v -0.261334 -0.763754 -0.058222
v -0.178071 -0.724116 -0.136328
v -0.116589 -0.713852 -0.148163
v -0.057777 -0.714211 -0.131779
v 0.080536 -0.711098 -0.112697
v 0.226957 -0.712626 -0.059885
v 0.237078 -0.720491 -0.057347
v -0.316030 -0.763369 -0.126531
v -0.300441 -0.766354 -0.095146
v -0.001724 -0.713274 -0.098139
v 0.075412 -0.713387 -0.032323
v 0.130883 -0.712173 -0.008798
v 0.201639 -0.709241 -0.049801
v 0.306407 -0.759979 0.037553
v 0.350047 -0.757893 0.036337
v -0.338439 -0.764279 -0.113223
v -0.194914 -0.718522 -0.103638
v 0.018450 -0.716483 0.000645
v 0.166113 -0.710337 -0.024441
v 0.184761 -0.753910 0.052688
v 0.252543 -0.760440 0.020363
v 0.397006 -0.753783 0.033012
v -0.360759 -0.763772 -0.099918
v -0.352741 -0.767403 -0.070966
v 0.159581 -0.717106 0.040742
v 0.213179 -0.761290 0.055397
v 0.428161 -0.752505 0.052791
v 0.468061 -0.747539 0.065858
v -0.404268 -0.766334 -0.087610
v -0.249578 -0.761737 -0.042502
v -0.108798 -0.718310 -0.051543
v -0.044469 -0.716865 -0.039370
v 0.260961 -0.756379 0.044291
v 0.322466 -0.740363 0.053317
v 0.382232 -0.756826 0.070230
v 0.399873 -0.758910 0.098690
v -0.436807 -0.766767 -0.075836
v -0.228295 -0.739800 -0.058030
v -0.189571 -0.718069 -0.033027
v 0.275098 -0.749975 0.052459
v 0.348766 -0.745525 0.063417
v 0.503488 -0.747282 0.127437
v -0.204827 -0.718561 -0.053982
v -0.199461 -0.718755 -0.035318
v -0.176390 -0.718173 -0.011320
v -0.074325 -0.718377 0.005660
v -0.018901 -0.717977 0.029449
v 0.230149 -0.751376 0.082355
v 0.249780 -0.739129 0.076273
v 0.356045 -0.737970 0.076490
v 0.372722 -0.744684 0.085882
v 0.425478 -0.757612 0.122404
v -0.306614 -0.765113 0.024663
v -0.244293 -0.763088 -0.003436
v -0.231265 -0.757630 -0.005670
v 0.099569 -0.715702 0.063805
v 0.123288 -0.717147 0.111231
v 0.377385 -0.742170 0.103220
v 0.386004 -0.744986 0.108226
v 0.408084 -0.754013 0.119408
v 0.533205 -0.734558 0.141508
v -0.419022 -0.767009 0.021608
v -0.366452 -0.766329 0.022728
v -0.230440 -0.764491 0.017320
v -0.219875 -0.761620 0.018560
v -0.186405 -0.718490 -0.013720
v -0.152360 -0.717779 0.011184
v 0.143952 -0.724311 0.092142
v 0.165742 -0.752086 0.112620
v 0.218365 -0.760059 0.104958
v 0.472652 -0.750083 0.161240
v 0.550983 -0.722410 0.166996
v 0.618294 -0.692177 0.147858
v -0.218382 -0.765336 0.040311
v -0.207995 -0.764820 0.041980
v -0.172193 -0.720439 0.008004
v -0.139664 -0.719048 0.033381
v -0.125930 -0.719944 0.054128
v 0.008736 -0.718322 0.100176
v 0.063471 -0.716599 0.070470
v 0.175069 -0.755367 0.168037
v 0.201241 -0.761351 0.148459
v 0.220507 -0.763002 0.128550
v 0.394615 -0.741450 0.142910
v 0.390267 -0.736288 0.155819
v 0.417838 -0.755150 0.166035
v 0.434249 -0.748996 0.213843
v -0.541444 -0.760580 0.011366
v -0.486223 -0.767983 0.018389
v -0.302348 -0.766315 0.073520
v -0.211433 -0.764404 0.103259
v -0.204735 -0.765128 0.061078
v -0.183915 -0.764290 0.064510
v -0.149585 -0.719500 0.030950
v -0.050892 -0.719683 0.108362
v 0.225594 -0.763256 0.157951
v -0.656743 0.065264 0.503498
v -0.326742 -0.766047 0.087370
v -0.180671 -0.764531 0.083613
v -0.169815 -0.763400 0.084620
v -0.136375 -0.720240 0.052440
v 0.132785 -0.718806 0.156721
v 0.375386 -0.740150 0.191486
v 0.388361 -0.753679 0.211035
v 0.514480 -0.725325 0.219066
v 0.642935 -0.675229 0.191443
v -0.536190 -0.763140 0.060763
v -0.462557 -0.764639 0.109850
v -0.362030 -0.766600 0.105078
v -0.261421 -0.762778 0.083811
v -0.166592 -0.763357 0.103738
v -0.156585 -0.764150 0.106110
v -0.123175 -0.720990 0.073910
v -0.112892 -0.720592 0.076439
v 0.166729 -0.748295 0.181377
v 0.193697 -0.755971 0.204728
v 0.233555 -0.757310 0.179160
v 0.243085 -0.758480 0.182130
v 0.562833 -0.696453 0.253279
v -0.554023 -0.751928 0.053034
v -0.506574 -0.762105 0.122083
v -0.411073 -0.765579 0.125016
v -0.302579 -0.746083 0.096196
v -0.273114 -0.742396 0.098960
v -0.179654 -0.763697 0.139800
v -0.152960 -0.764464 0.124538
v -0.140597 -0.763190 0.125023
v 0.054749 -0.718530 0.154085
v 0.143836 -0.724022 0.176359
v 0.216084 -0.759326 0.201803
v 0.243355 -0.757242 0.223347
v 0.249445 -0.753110 0.196720
v 0.269236 -0.753163 0.201467
v 0.358005 -0.740280 0.207230
v 0.343352 -0.754931 0.235999
v 0.393665 -0.748293 0.264981
v -0.541508 0.385529 -0.357789
v -0.370360 -0.765751 0.171053
v -0.231897 -0.746922 0.111362
v -0.223656 -0.737972 0.122983
v -0.206939 -0.744754 0.132543
v -0.097199 -0.724054 0.172350
v 0.273465 -0.752560 0.219260
v 0.292601 -0.754727 0.225331
v 0.301178 -0.756567 0.229439
v 0.373933 -0.749802 0.297085
v 0.467657 -0.721763 0.262204
v 0.621864 -0.663961 0.258383
v 0.664762 -0.653921 0.222590
v -0.639893 -0.002544 0.419972
v -0.332936 -0.752144 0.113632
v -0.317565 -0.742440 0.107920
v -0.200614 -0.739399 0.147039
v -0.192076 -0.742711 0.151777
v -0.175359 -0.763120 0.159848
v -0.134665 -0.761590 0.162430
v 0.161326 -0.719272 0.224756
v 0.198934 -0.744348 0.236732
v 0.424621 -0.717364 0.306249
v -0.357134 -0.765638 0.138921
v -0.129622 -0.758728 0.178884
v -0.078246 -0.721917 0.210412
v -0.036830 -0.720693 0.196723
v 0.016165 -0.718947 0.229980
v 0.085424 -0.717584 0.214836
v 0.145413 -0.717261 0.210452
v 0.233932 -0.752708 0.252567
v 0.295205 -0.753361 0.298699
v 0.677975 -0.630505 0.248562
v -0.188715 -0.742620 0.170400
v -0.192323 -0.750018 0.230158
v -0.119858 -0.748127 0.189102
v 0.269729 -0.749121 0.288776
v 0.557386 -0.674068 0.297064
v -0.480423 -0.758209 0.168882
v -0.189415 -0.750440 0.195300
v -0.168518 -0.763150 0.221790
v 0.130981 -0.713480 0.298652
v 0.187341 -0.715981 0.258049
v 0.304929 -0.753834 0.331680
v 0.492448 -0.692848 0.289616
v -0.530110 0.369447 -0.259021
v -0.548002 0.028276 0.510395
v -0.552435 -0.437202 0.243925
v -0.419562 -0.764471 0.194013
v -0.376121 -0.765170 0.204353
v -0.366505 -0.769573 0.204316
v -0.193495 -0.745550 0.208060
v -0.162178 -0.762164 0.238706
v -0.116649 -0.725882 0.233653
v 0.175887 -0.711133 0.296505
v 0.218167 -0.711340 0.289212
v 0.282827 -0.743721 0.322484
v 0.364123 -0.749024 0.344769
v 0.506488 -0.682214 0.296254
v -0.147416 -0.754012 0.257317
v -0.040761 -0.719392 0.261998
v 0.019330 -0.715323 0.313450
v 0.082488 -0.715063 0.288736
v 0.248722 -0.712480 0.313336
v 0.583952 -0.633087 0.328926
v -0.198526 -0.748795 0.245921
v -0.172846 -0.752434 0.326765
v -0.016476 -0.716908 0.285908
v 0.257679 -0.725004 0.353676
v 0.322957 -0.754206 0.375327
v -0.720356 0.024689 0.356002
v -0.434362 -0.430494 0.366207
v -0.584356 -0.025308 0.386509
v -0.457014 -0.754968 0.233302
v -0.401940 -0.760903 0.271262
v -0.360344 -0.758924 0.286184
v -0.210932 -0.744242 0.256193
v -0.214031 -0.759740 0.286408
v 0.220911 -0.706576 0.348098
v 0.254553 -0.751222 0.377488
v -0.185844 -0.742565 0.482156
v -0.352175 -0.765220 0.263780
v -0.341918 -0.765095 0.265720
v -0.269545 -0.765217 0.279130
v -0.250555 -0.764860 0.284770
v -0.238603 -0.761516 0.284269
v -0.032285 -0.714545 0.342508
v 0.230609 -0.707648 0.350508
v 0.245556 -0.712692 0.339219
v -0.421542 -0.505893 0.032549
v -0.417538 -0.472703 0.306767
v -0.477452 -0.748938 0.255901
v -0.443584 -0.759144 0.310616
v -0.337047 -0.763300 0.282814
v -0.286922 -0.763729 0.293738
v -0.249533 -0.757914 0.310659
v -0.192928 -0.757264 0.340060
v -0.154743 -0.726296 0.343035
v -0.102315 -0.718798 0.308644
v 0.071861 -0.708163 0.390285
v 0.108926 -0.708710 0.380223
v 0.183388 -0.707455 0.359013
v 0.204236 -0.707234 0.362568
v 0.216589 -0.752617 0.388256
v 0.235687 -0.754378 0.394271
v 0.260203 -0.756002 0.405882
v 0.334326 -0.749456 0.422791
v -0.487729 -0.480347 0.025376
v -0.470001 -0.494425 0.041446
v -0.324274 -0.756977 0.315917
v -0.286223 -0.756537 0.320307
v 0.092678 -0.707349 0.393806
v 0.145929 -0.708198 0.369895
v 0.189085 -0.753450 0.401460
v 0.199475 -0.752990 0.403180
v 0.276497 -0.754030 0.441133
v 0.355636 -0.738778 0.422564
v -0.483477 -0.500163 0.097142
v -0.434217 -0.513958 0.089655
v -0.141436 -0.719492 0.339232
v -0.065628 -0.710450 0.400410
v 0.129164 -0.707589 0.383965
v 0.166913 -0.706327 0.372851
v 0.153387 -0.751415 0.409667
v 0.162137 -0.754195 0.414066
v 0.171987 -0.754079 0.416372
v 0.204945 -0.755913 0.433189
v 0.243998 -0.752929 0.454212
v -0.534017 -0.478350 0.082567
v -0.364692 -0.756541 0.363267
v -0.278873 -0.755318 0.374119
v -0.177611 -0.757165 0.381506
v -0.179945 -0.754330 0.361150
v -0.126818 -0.718242 0.358704
v -0.112177 -0.713928 0.377912
v -0.100589 -0.713396 0.377919
v -0.006383 -0.707527 0.410541
v 0.034317 -0.708509 0.401055
v 0.115887 -0.751327 0.420563
v 0.134964 -0.754372 0.426511
v 0.188856 -0.752503 0.464327
v 0.329007 -0.737494 0.448740
v -0.511516 0.380157 -0.310044
v -0.455434 -0.515017 0.138408
v -0.477377 -0.757588 0.334949
v -0.245624 -0.755437 0.419516
v -0.168155 -0.758100 0.384510
v -0.137245 -0.718290 0.356770
v -0.096989 -0.710931 0.395980
v 0.055717 -0.706674 0.403697
v 0.079247 -0.751306 0.430003
v 0.087445 -0.754100 0.434970
v 0.098315 -0.752810 0.436090
v 0.129259 -0.755685 0.464116
v 0.266908 -0.742172 0.464913
v -0.296024 -0.755622 0.415534
v -0.205885 -0.755409 0.425678
v -0.163813 -0.756634 0.401825
v -0.154315 -0.757940 0.404890
v -0.122175 -0.715720 0.375440
v 0.041895 -0.750980 0.440630
v 0.050595 -0.753770 0.444890
v 0.060921 -0.753493 0.446728
v 0.067977 -0.754418 0.488510
v 0.220004 -0.742821 0.472975
v -0.524220 -0.489661 0.130506
v -0.501451 -0.499552 0.161700
v -0.408829 -0.523107 0.181490
v -0.490654 -0.752047 0.361752
v -0.149868 -0.756035 0.422192
v -0.129818 -0.756077 0.426300
v 0.018541 -0.705684 0.413709
v 0.003695 -0.753410 0.452220
v 0.023644 -0.753536 0.456783
v 0.180205 -0.741331 0.480700
v -0.467674 -0.752686 0.427384
v -0.443658 -0.756471 0.432696
v -0.410231 -0.756042 0.456970
v -0.175085 -0.752606 0.472207
v -0.124947 -0.754291 0.443298
v -0.096562 -0.754330 0.449645
v -0.074297 -0.752904 0.451727
v -0.054935 -0.753800 0.457550
v -0.012765 -0.754050 0.466017
v 0.022309 -0.754550 0.488844
v 0.120196 -0.748867 0.489649
v -0.562691 -0.458250 0.121877
v -0.470151 -0.502963 0.192890
v -0.403584 -0.520279 0.197532
v 0.120751 -0.738558 0.499946
v -0.540450 -0.474909 0.145949
v -0.485612 -0.746926 0.405199
v -0.332066 -0.754884 0.457712
v -0.280448 -0.752203 0.442194
v -0.238160 -0.741355 0.444966
v -0.152322 -0.751678 0.500400
v -0.026485 -0.752367 0.525854
v 0.024403 -0.748607 0.516131
v 0.065681 -0.739715 0.514047
v -0.591026 -0.425976 0.134146
v -0.306529 0.376031 -0.014514
v -0.050128 0.484766 -0.090360
v -0.493346 0.443734 -0.489792
v -0.239322 0.410852 -0.046273
v -0.123485 0.446770 -0.054891
v -0.333552 0.341355 0.022497
v -0.488177 0.377522 -0.264767
v -0.463321 0.508089 -0.554099
v -0.467394 0.402545 -0.274777
v -0.482670 0.341924 -0.125988
v -0.290663 0.365249 -0.002506
v -0.494415 0.344271 -0.147027
v -0.167537 0.427423 -0.040403
v -0.536473 0.338185 -0.135277
v -0.497730 0.425452 -0.453701
v -0.495785 0.397099 -0.337960
v -0.187747 0.460466 -0.089449
v 0.008291 0.543420 -0.162891
v -0.526763 0.397509 -0.405697
v -0.520669 0.417366 -0.446880
v -0.244415 0.390784 -0.022456
v -0.494605 0.361180 -0.213344
v -0.469670 0.379491 -0.208928
v 0.000572 0.508099 -0.118547
v -0.472839 0.313146 -0.059885
v -0.472658 0.363105 -0.162373
v -0.475641 0.478900 -0.526073
v -0.501050 0.316131 -0.075803
v -0.182669 0.434257 -0.062213
v -0.030936 0.514738 -0.130668
v -0.306162 0.343976 0.054237
v -0.521705 0.357293 -0.222157
v -0.512409 0.403971 -0.407977
v -0.476121 0.327311 -0.078321
vn 0.8703 0.4878 -0.0672
vn -0.2745 0.9144 0.2976
vn 0.1328 0.9015 0.4120
vn 0.0705 -0.7862 -0.6139
vn -0.3172 0.9114 0.2620
vn -0.7287 -0.2824 -0.6239
vn -0.8208 -0.5586 -0.1195
vn 0.0617 0.8930 0.4458
vn 0.6870 0.6189 0.3808
vn -0.3602 0.8455 0.3941
vn -0.1568 0.8273 0.5394
vn 0.2138 -0.9088 -0.3583
vn -0.8843 -0.4154 -0.2134
vn -0.9142 0.3677 -0.1705
vn -0.8946 0.4441 0.0499
vn -0.4759 0.4204 -0.7726
vn -0.4667 -0.6009 0.6489
vn 0.8912 0.4212 0.1684
vn 0.4905 0.8456 0.2104
vn -0.2185 0.8838 0.4138
vn -0.0315 0.9143 0.4037
vn -0.9872 -0.1262 -0.0973
vn -0.2618 0.9625 0.0716
vn -0.3576 0.9089 0.2145
vn -0.2380 0.9594 0.1517
vn -0.9521 0.0522 -0.3012
vn -0.2759 0.8946 0.3514
vn -0.3978 0.8253 0.4008
vn -0.0275 0.9977 -0.0621
vn 0.1924 0.9542 0.2293
vn 0.7305 0.6231 0.2793
vn -0.9700 0.1620 -0.1815
vn -0.3355 0.8574 0.3902
vn -0.1757 0.9805 -0.0882
vn -0.2630 0.8475 0.4611
vn -0.9698 0.1271 -0.2081
vn -0.9845 0.1474 0.0951
vn -0.1949 0.9509 0.2406
vn 0.8763 -0.3763 -0.3008
vn 0.4737 0.8657 0.1615
vn 0.8359 0.4361 0.3332
vn 0.7223 0.1936 -0.6639
vn -0.2629 0.8905 0.3713
vn -0.0367 0.8979 0.4386
vn -0.0853 0.9895 0.1162
vn 0.8186 0.4226 0.3889
vn -0.1507 0.9796 0.1330
vn -0.7860 0.4056 0.4666
vn -0.0859 0.9570 -0.2771
vn 0.0002 0.9570 0.2901
vn -0.0846 0.9896 0.1160
vn -0.0895 0.9732 0.2118
vn 0.7009 0.6352 0.3246
vn 0.9115 0.3315 -0.2435
vn -0.2526 0.7918 0.5561
vn 0.6892 0.4445 0.5721
vn -0.2373 0.0888 -0.9674
vn 0.3529 0.8331 0.4259
vn 0.3125 0.9254 0.2146
vn 0.8798 0.4484 0.1576
vn 0.3998 -0.9129 0.0828
vn 0.4937 0.8641 0.0979
vn 0.2047 0.8981 0.3892
vn -0.9089 0.1464 -0.3904
vn -0.8571 -0.4862 0.1703
vn -0.9100 -0.2166 0.3537
vn 0.4090 0.7551 0.5123
vn -0.9832 -0.1586 -0.0902
vn -0.3948 0.3881 0.8328
vn -0.3269 0.8883 0.3225
vn -0.0536 0.8995 0.4336
vn -0.4308 0.2934 -0.8534
vn -0.9428 -0.0062 -0.3334
vn -0.3440 0.8600 0.3770
vn 0.4123 -0.6222 -0.6655
vn -0.2720 0.8891 0.3680
vn -0.2422 0.9445 -0.2220
vn -0.1536 0.7013 0.6961
vn -0.2404 0.9687 -0.0613
vn 0.4728 0.8019 0.3653
vn 0.3683 0.3744 0.8510
vn -0.7712 0.5118 -0.3785
vn -0.6609 -0.0387 -0.7495
vn -0.8960 -0.4407 -0.0544
vn -0.0898 0.9867 0.1355
vn -0.9641 0.1942 -0.1812
vn -0.5024 0.7652 0.4026
vn -0.0169 0.9908 0.1345
vn 0.0638 0.9926 -0.1037
vn -0.9628 0.2448 -0.1146
vn -0.1677 -0.4462 0.8791
vn -0.1616 -0.3968 0.9036
vn -0.2452 0.4401 0.8638
vn -0.1511 0.4026 0.9028
vn -0.2287 0.5079 0.8305
vn -0.0924 0.9623 0.2557
vn -0.0347 0.9741 0.2237
vn -0.3274 0.7619 0.5588
vn -0.9993 -0.0306 0.0192
vn -0.7948 0.3100 -0.5217
vn -0.9397 -0.3404 0.0333
vn -0.2938 0.4064 0.8652
vn -0.9354 0.3534 -0.0146
vn -0.8938 0.3944 -0.2135
vn 0.0476 -0.2142 0.9756
vn -0.1204 -0.2004 0.9723
vn 0.0432 0.0771 0.9961
vn 0.9382 0.2670 -0.2201
vn -0.2804 0.9567 -0.0782
vn 0.3374 0.9167 0.2139
vn -0.2643 0.9462 -0.1865
vn -0.9695 -0.2441 -0.0235
vn -0.7966 -0.0840 0.5987
vn -0.0086 0.9902 -0.1397
vn -0.5261 0.0857 -0.8461
vn -0.5497 -0.8343 -0.0420
vn 0.0646 0.3841 0.9210
vn -0.0808 0.5651 0.8210
vn -0.1405 0.6530 0.7442
vn -0.1099 0.6367 0.7632
vn 0.9404 -0.3355 0.0555
vn 0.9636 0.2061 -0.1700
vn -0.1264 0.9804 0.1508
vn 0.6610 0.6326 0.4035
vn -0.5097 0.7144 -0.4794
vn 0.2288 0.1548 0.9611
vn 0.1754 0.4422 0.8796
vn 0.1571 0.4901 0.8574
vn 0.9835 0.0966 -0.1532
vn -0.2011 0.8838 0.4224
vn 0.0270 0.6439 0.7647
vn -0.0305 0.7756 0.6305
vn -0.9356 0.3461 0.0697
vn -0.4808 0.1141 -0.8694
vn 0.1899 0.9271 -0.3231
vn 0.0393 -0.9989 -0.0259
vn -0.2667 0.0033 0.9638
vn -0.2016 0.1007 0.9743
vn -0.2255 0.8050 -0.5487
vn 0.1536 0.9826 -0.1041
vn 0.3337 -0.9317 0.1434
vn -0.8635 -0.0289 -0.5035
vn -0.0720 0.9962 -0.0484
vn 0.0856 0.2797 -0.9563
vn -0.1201 -0.1641 0.9791
vn 0.2171 0.4947 0.8415
vn -0.9986 -0.0509 0.0154
vn -0.1051 -0.4333 0.8951
vn 0.1344 -0.5437 -0.8285
vn -0.4965 0.7729 0.3951
vn 0.7728 0.0939 -0.6277
vn 0.0785 0.9734 -0.2153
vn 0.0362 0.8491 0.5270
vn 0.0397 0.8489 0.5271
vn -0.1491 -0.4196 -0.8954
vn 0.1595 -0.1236 -0.9794
vn -0.2864 -0.7620 -0.5808
vn 0.8151 -0.5705 -0.1005
vn 0.1448 0.6221 0.7694
vn 0.9503 0.2697 -0.1556
vn -0.1305 -0.9877 0.0860
vn -0.8054 -0.3959 -0.4412
vn 0.9765 -0.0313 -0.2132
vn 0.8751 0.4672 0.1262
vn 0.0764 0.9758 -0.2050
vn 0.6201 -0.7401 -0.2602
vn 0.0142 -0.3911 -0.9202
vn -0.0797 0.2953 0.9521
vn 0.1765 0.2372 0.9553
vn 0.1615 0.1877 0.9689
vn 0.1975 0.5157 0.8337
vn -0.1852 -0.3239 0.9278
vn 0.2137 0.5850 0.7823
vn 0.9718 0.2313 0.0454
vn 0.6562 -0.0158 -0.7544
vn -0.8773 -0.2747 -0.3937
vn 0.8954 0.2958 0.3327
vn -0.0649 0.9699 0.2347
vn -0.7759 -0.0808 0.6256
vn -0.6306 0.6677 0.3955
vn -0.0350 0.1542 0.9874
vn -0.3711 0.5693 0.7336
vn 0.3110 -0.2367 0.9205
vn 0.1139 -0.0982 0.9886
vn 0.0936 0.1755 0.9800
vn 0.2276 0.3064 0.9243
vn 0.5813 -0.6130 -0.5351
vn -0.1841 -0.4929 -0.8504
vn 0.0783 0.8993 -0.4303
vn -0.1640 0.1545 0.9743
vn -0.1415 0.9824 -0.1216
vn 0.0703 0.9975 0.0023
vn -0.1756 -0.0324 0.9839
vn -0.4373 0.3714 0.8190
vn 0.0239 -0.5787 0.8152
vn 0.1699 0.1822 0.9685
vn 0.5505 0.1624 -0.8189
vn 0.8074 -0.2994 -0.5083
vn 0.9261 0.3762 -0.0280
vn 0.7850 -0.3424 -0.5163
vn -0.8590 0.4989 0.1149
vn 0.0530 0.9981 -0.0307
vn 0.0034 0.8425 0.5387
vn -0.3026 0.2968 0.9057
vn -0.2810 0.3742 0.8837
vn -0.0054 -0.2592 0.9658
vn 0.9935 -0.0664 0.0926
vn 0.2189 0.6247 0.7496
vn -0.9814 0.0870 -0.1710
vn 0.9391 -0.1969 -0.2815
vn -0.9491 -0.2805 -0.1430
vn -0.7615 -0.6283 -0.1590
vn -0.3481 0.4062 0.8449
vn -0.3284 0.2753 0.9035
vn 0.4526 -0.5192 0.7250
vn -0.2412 0.7202 0.6505
vn 0.1805 -0.6160 0.7668
vn 0.1794 -0.6035 0.7769
vn 0.1466 -0.5609 0.8148
vn 0.0413 -0.8108 0.5838
vn -0.0134 -0.7744 0.6325
vn 0.0843 0.0104 0.9964
vn 0.9695 0.1909 -0.1534
vn -0.1376 0.9779 -0.1576
vn -0.5223 0.1899 0.8313
vn 0.2559 -0.1947 -0.9469
vn -0.0603 0.0736 0.9955
vn -0.0827 0.1314 0.9879
vn -0.1130 0.1306 0.9850
vn -0.0053 0.0455 0.9989
vn -0.0081 0.0113 0.9999
vn 0.3080 -0.1847 0.9333
vn 0.4496 -0.3641 0.8157
vn 0.9589 0.2788 0.0527
vn 0.6651 -0.1741 -0.7262
vn 0.8636 0.4784 -0.1591
vn -0.1146 0.9755 -0.1878
vn -0.9573 0.1236 -0.2614
vn -0.3122 -0.1707 0.9345
vn -0.2604 -0.1433 0.9548
vn -0.3755 0.2112 0.9024
vn -0.3963 0.3345 0.8550
vn -0.1559 0.3465 0.9250
vn 0.1050 -0.0863 0.9907
vn 0.3860 -0.0690 0.9199
vn 0.0102 -0.4674 0.8840
vn 0.0495 -0.2859 0.9570
vn 0.4856 -0.8485 -0.2106
vn -0.0977 0.4881 0.8673
vn 0.2020 -0.2070 0.9573
vn 0.0813 0.2013 0.9761
vn 0.4856 -0.1853 0.8543
vn 0.0961 0.2185 0.9711
vn 0.9937 -0.0784 -0.0801
vn 0.9723 -0.1193 -0.2010
vn 0.2375 -0.8073 -0.5402
vn 0.5341 -0.5598 -0.6335
vn -0.0743 0.5860 0.8069
vn -0.2940 0.1299 0.9469
vn -0.0443 -0.4251 0.9041
vn -0.8916 -0.4521 0.0247
vn 0.1400 0.5355 0.8328
vn -0.7774 -0.4167 0.4712
vn 0.8152 0.5244 0.2461
vn -0.9813 0.1113 -0.1569
vn -0.2886 -0.4712 0.8335
vn 0.1045 -0.2323 0.9670
vn -0.1826 0.4527 0.8727
vn -0.1596 0.5123 0.8438
vn 0.2994 0.1713 0.9386
vn 0.3688 0.7332 0.5714
vn 0.4647 -0.8762 0.1279
vn 0.2513 0.2647 0.9310
vn 0.2966 0.2399 0.9244
vn 0.7042 -0.5910 -0.3934
vn -0.7930 -0.5618 0.2357
vn -0.8974 0.4329 -0.0856
vn 0.0065 -0.0001 -1.0000
vn -0.2377 -0.3236 0.9159
vn -0.1551 0.1149 0.9812
vn -0.0781 0.3526 0.9325
vn 0.0301 0.2139 0.9764
vn 0.1373 0.4687 0.8726
vn -0.9812 0.0422 -0.1881
vn -0.3101 0.9491 0.0557
vn -0.1714 0.9838 -0.0528
vn -0.0128 -0.4097 0.9121
vn 0.1111 -0.2372 0.9651
vn -0.2078 0.2156 0.9541
vn -0.1420 0.5043 0.8518
vn -0.1080 0.0667 0.9919
vn 0.3378 0.4425 0.8307
vn -0.0768 -0.7144 0.6955
vn 0.1228 0.2957 0.9474
vn 0.3586 0.3224 0.8760
vn -0.9173 -0.3797 -0.1196
vn 0.0394 -0.9968 -0.0691
vn 0.0731 -0.2370 0.9688
vn 0.1561 -0.0297 0.9873
vn -0.1095 0.3059 0.9458
vn -0.1028 0.4705 0.8764
vn -0.1519 0.3571 0.9216
vn 0.9107 0.2280 -0.3444
vn 0.1331 0.0627 0.9891
vn 0.2303 0.2328 0.9449
vn 0.0296 0.2525 0.9671
vn -0.1526 0.9855 0.0735
vn -0.0026 -0.9998 0.0213
vn -0.2189 -0.2503 0.9431
vn 0.0807 -0.2457 0.9660
vn 0.0807 -0.2442 0.9664
vn -0.1173 0.0544 0.9916
vn -0.1356 0.3429 0.9295
vn 0.1153 0.3128 0.9428
vn 0.5380 -0.3290 0.7761
vn 0.6621 -0.7365 -0.1385
vn -0.7186 -0.1885 -0.6694
vn 0.2908 0.1165 0.9497
vn -0.5393 0.3181 -0.7797
vn -0.4011 -0.0974 -0.9109
vn -0.0278 -0.0897 0.9956
vn 0.0228 0.5501 0.8348
vn 0.0901 0.0720 0.9933
vn 0.2192 0.6124 0.7595
vn 0.1469 0.6807 0.7177
vn 0.4096 -0.0235 0.9120
vn -0.2480 -0.5530 0.7954
vn -0.2961 -0.2818 0.9127
vn 0.3503 -0.1306 0.9275
vn 0.2696 -0.9523 0.1431
vn 0.0194 -0.1271 0.9917
vn 0.0068 0.1692 0.9856
vn 0.3280 -0.3510 0.8771
vn 0.5133 -0.1025 0.8520
vn -0.4440 0.7425 0.5016
vn 0.0467 0.6921 0.7203
vn -0.2151 0.4591 0.8619
vn -0.2163 -0.8677 -0.4476
vn -0.2503 0.5017 0.8280
vn -0.5078 0.8531 0.1196
vn -0.3444 0.1553 -0.9259
vn -0.3501 0.3960 -0.8489
vn -0.6577 0.1851 -0.7302
vn -0.5228 0.1323 -0.8421
vn -0.3688 -0.0246 0.9292
vn -0.0599 0.5514 0.8321
vn -0.0819 0.6032 0.7934
vn 0.1556 0.3767 0.9132
vn 0.1585 0.0512 0.9860
vn -0.1704 -0.7487 0.6407
vn 0.5613 0.1887 0.8058
vn 0.8541 0.3903 -0.3437
vn -0.9024 -0.2273 0.3659
vn -0.1202 -0.6792 -0.7241
vn -0.4642 0.2796 -0.8404
vn -0.2430 -0.3129 -0.9182
vn 0.1979 -0.8811 0.4295
vn -0.2760 0.0466 0.9600
vn -0.1320 -0.0888 0.9873
vn 0.2202 0.3241 0.9200
vn 0.1956 0.4927 0.8479
vn -0.0719 0.0193 0.9972
vn -0.1150 0.4064 0.9064
vn 0.1255 0.0903 0.9880
vn -0.1719 0.1937 0.9659
vn 0.7463 -0.3330 -0.5763
vn 0.0005 -0.6374 -0.7705
vn -0.0597 0.5676 0.8211
vn 0.6370 -0.7081 -0.3046
vn 0.1722 0.9496 0.2618
vn 0.1159 0.9485 0.2950
vn -0.4510 -0.7669 -0.4565
vn -0.3508 0.0546 0.9349
vn -0.0363 0.1739 0.9841
vn 0.2555 0.4499 0.8558
vn 0.1694 0.3575 0.9184
vn 0.0399 0.6227 0.7814
vn -0.2735 -0.3882 0.8801
vn -0.1224 -0.0497 0.9912
vn 0.2457 -0.0090 0.9693
vn -0.1932 0.4938 0.8479
vn -0.3067 0.6011 0.7380
vn -0.0390 0.2840 0.9580
vn 0.0564 -0.3634 -0.9299
vn -0.6475 -0.0556 0.7600
vn -0.7640 -0.2066 0.6112
vn 0.2375 -0.8677 -0.4366
vn 0.1003 -0.4343 0.8952
vn 0.1253 -0.4579 0.8802
vn 0.2109 -0.1262 0.9693
vn 0.4066 0.1437 0.9023
vn 0.2495 0.1867 0.9502
vn 0.3901 0.2061 0.8974
vn -0.0597 -0.7865 0.6147
vn -0.0459 -0.0568 0.9973
vn 0.9949 0.0170 -0.0990
vn -0.0084 0.6878 0.7258
vn 0.1334 0.8542 0.5026
vn -0.0280 0.9260 0.3764
vn 0.1912 0.9691 0.1557
vn -0.2199 -0.3918 -0.8934
vn 0.2464 -0.2624 0.9330
vn -0.0842 -0.3061 0.9483
vn 0.0907 0.2135 0.9727
vn 0.1328 0.2427 0.9610
vn 0.1619 0.3569 0.9200
vn -0.0586 0.5640 0.8237
vn 0.4719 -0.8766 0.0940
vn 0.1553 0.6805 0.7161
vn -0.0500 0.1501 0.9874
vn 0.1670 -0.3226 0.9317
vn 0.1816 -0.1371 0.9738
vn -0.1127 0.0788 0.9905
vn -0.1010 0.7582 0.6441
vn 0.5896 0.7621 0.2675
vn -0.9926 -0.1208 0.0148
vn -0.1624 0.1812 -0.9699
vn -0.3004 -0.3143 0.9005
vn -0.1890 -0.3002 0.9350
vn -0.0444 0.0594 0.9972
vn -0.0662 0.1217 0.9904
vn -0.2398 -0.0748 0.9679
vn -0.2905 0.2618 0.9204
vn -0.1762 0.5000 0.8479
vn 0.2644 0.4622 0.8464
vn -0.1045 0.5587 0.8228
vn 0.1420 0.2478 0.9583
vn 0.9561 -0.0136 -0.2928
vn -0.7773 -0.3883 0.4949
vn 0.2222 -0.9369 -0.2700
vn -0.8702 -0.4697 -0.1487
vn 0.0065 0.3442 0.9389
vn -0.2673 0.2445 0.9321
vn -0.0861 0.3754 0.9228
vn 0.1049 0.6596 0.7443
vn -0.0151 -0.9295 -0.3686
vn 0.2992 -0.4120 0.8606
vn 0.0083 0.2897 0.9571
vn -0.1236 -0.6739 0.7284
vn -0.1978 0.1282 0.9718
vn 0.0707 0.4813 0.8737
vn 0.2433 -0.1352 0.9605
vn 0.2828 -0.2524 0.9254
vn 0.4469 0.5745 0.6858
vn -0.1690 -0.1430 0.9752
vn -0.2834 0.9561 0.0751
vn -0.0662 0.9667 0.2474
vn -0.9784 0.0785 -0.1913
vn -0.0860 -0.1398 0.9864
vn 0.1305 0.5410 0.8308
vn -0.0179 0.3542 0.9350
vn -0.2064 0.8185 0.5362
vn -0.2837 0.5571 0.7805
vn 0.4209 -0.3238 0.8473
vn 0.2456 0.7579 0.6043
vn -0.1420 0.8280 0.5425
vn -0.2237 0.6815 0.6968
vn -0.8482 -0.4377 0.2982
vn 0.1603 -0.7715 -0.6157
vn -0.9929 0.1186 0.0123
vn 0.3819 0.8599 0.3387
vn 0.0951 -0.4455 0.8902
vn 0.1219 -0.3697 0.9211
vn 0.1030 0.3784 0.9199
vn 0.1747 -0.2353 0.9561
vn -0.3534 0.3242 0.8775
vn 0.2711 -0.5957 0.7561
vn -0.2093 0.5137 0.8321
vn 0.4698 -0.3738 0.7997
vn -0.9966 -0.0114 0.0815
vn -0.0223 0.6648 0.7467
vn -0.3565 0.5484 0.7564
vn -0.4253 0.1769 0.8876
vn 0.1750 -0.0195 0.9844
vn 0.1114 -0.3463 0.9315
vn 0.2469 -0.0847 0.9653
vn 0.4084 -0.1092 0.9062
vn 0.2752 0.3262 0.9044
vn 0.2280 0.5102 0.8293
vn 0.1388 0.2623 0.9549
vn 0.2391 0.4277 0.8718
vn 0.5772 -0.0608 0.8143
vn -0.1024 0.9947 -0.0027
vn 0.4344 0.0705 0.8980
vn 0.4046 0.2554 0.8781
vn 0.3761 0.2584 0.8898
vn -0.2710 0.2529 0.9288
vn 0.0868 -0.9255 -0.3686
vn 0.1521 -0.1405 0.9783
vn -0.1313 0.3962 0.9087
vn -0.2006 -0.1788 0.9632
vn 0.1606 0.4209 0.8928
vn 0.0617 0.5534 0.8306
vn 0.0826 0.5833 0.8081
vn -0.0194 0.6649 0.7467
vn -0.0533 0.9892 0.1368
vn 0.6568 -0.1871 -0.7305
vn -0.0727 -0.0309 0.9969
vn 0.4917 -0.2441 0.8359
vn -0.0798 0.0154 0.9967
vn 0.4833 -0.2209 0.8471
vn 0.4046 -0.3165 0.8580
vn 0.2192 -0.0047 0.9757
vn -0.1447 0.2595 0.9548
vn -0.1450 -0.4792 0.8657
vn 0.2981 -0.4117 0.8612
vn 0.1169 0.5709 0.8127
vn -0.0753 0.4394 0.8951
vn 0.8700 0.2791 -0.4064
vn 0.3148 -0.9096 -0.2713
vn -0.2567 0.2740 0.9268
vn 0.6529 0.6616 0.3687
vn -0.8000 0.4012 -0.4460
vn -0.2900 -0.4492 0.8451
vn 0.4692 -0.2790 0.8379
vn 0.4161 0.0905 0.9048
vn 0.2161 -0.0415 0.9755
vn -0.0326 0.2098 0.9772
vn -0.0910 0.4757 0.8749
vn 0.0533 0.5912 0.8047
vn 0.0493 0.6208 0.7824
vn -0.0049 0.6794 0.7337
vn -0.1168 0.7044 0.7001
vn -0.1077 0.4916 0.8641
vn 0.2029 0.7011 0.6836
vn 0.1472 0.4529 0.8793
vn -0.2854 0.0507 0.9571
vn 0.2056 0.1592 0.9656
vn -0.0216 0.6237 0.7814
vn -0.1430 0.7631 0.6302
vn -0.2287 0.6666 0.7095
vn 0.1780 0.4724 0.8632
vn -0.0677 0.5866 0.8071
vn 0.1408 0.3988 0.9062
vn 0.8695 -0.0873 0.4861
vn -0.9495 0.1546 0.2729
vn 0.1630 0.4490 0.8785
vn 0.3304 -0.9099 -0.2509
vn 0.2429 0.5230 0.8170
vn -0.4616 -0.1305 0.8774
vn 0.5760 0.1111 0.8099
vn -0.1900 -0.0835 0.9782
vn -0.1642 0.2444 0.9557
vn 0.1706 -0.1973 0.9654
vn 0.2617 0.0333 0.9646
vn 0.2543 0.0085 0.9671
vn 0.3865 0.2260 0.8941
vn -0.8538 0.3249 -0.4068
vn 0.3862 0.1253 0.9139
vn 0.2324 -0.1341 -0.9633
vn 0.0422 -0.2200 0.9746
vn 0.1804 0.1062 0.9779
vn -0.1102 0.0111 0.9938
vn -0.0529 0.6321 0.7731
vn -0.2433 -0.3445 0.9067
vn 0.1345 0.3530 0.9259
vn -0.9166 0.1175 -0.3821
vn 0.0570 -0.1453 0.9877
vn -0.1125 -0.2354 0.9654
vn 0.0934 -0.1320 0.9868
vn 0.1417 -0.2239 0.9643
vn 0.2293 0.0497 0.9721
vn 0.4785 0.3709 0.7959
vn -0.0147 0.5997 0.8001
vn 0.4868 -0.8673 0.1039
vn 0.3283 0.1627 0.9305
vn 0.2314 0.5200 0.8222
vn 0.0785 0.2982 0.9513
vn 0.0603 0.0130 0.9981
vn -0.1736 -0.3130 0.9338
vn -0.1891 -0.1053 0.9763
vn -0.0370 -0.0738 0.9966
vn -0.0339 0.2865 0.9575
vn -0.5721 -0.3033 0.7620
vn -0.2835 -0.1255 0.9507
vn -0.3425 0.0722 0.9368
vn 0.2829 0.3809 0.8803
vn 0.1924 0.5486 0.8137
vn 0.5049 -0.8547 -0.1202
vn -0.2411 -0.6006 0.7623
vn 0.2705 0.2963 0.9160
vn 0.1665 -0.3329 0.9282
vn -0.0277 0.2182 0.9755
vn -0.0291 -0.0511 0.9983
vn -0.0174 -0.0664 0.9976
vn 0.2486 -0.1799 0.9517
vn -0.3607 0.0842 0.9289
vn -0.1490 0.0486 0.9876
vn -0.4216 0.0002 0.9068
vn -0.1558 0.2495 0.9558
vn 0.0507 0.5255 0.8493
vn 0.2190 0.3489 0.9112
vn 0.9914 -0.0521 -0.1198
vn 0.9617 -0.0642 -0.2666
vn -0.2424 0.7496 0.6159
vn 0.0294 -0.1824 0.9828
vn 0.2293 -0.3827 0.8950
vn 0.4891 0.1890 0.8515
vn -0.5875 0.5643 -0.5799
vn 0.3977 0.1912 0.8974
vn 0.1544 -0.2583 0.9536
vn 0.1297 -0.1329 0.9826
vn 0.2248 -0.1771 0.9582
vn -0.0278 -0.1944 0.9805
vn -0.4001 0.1497 0.9041
vn -0.2712 0.2871 0.9187
vn -0.2789 0.3174 0.9063
vn 0.2480 0.5608 0.7899
vn 0.2328 0.6174 0.7514
vn 0.9735 0.0527 -0.2226
vn 0.1178 0.4559 0.8822
vn 0.0345 0.2749 0.9609
vn 0.2652 -0.1989 0.9435
vn -0.1921 -0.0826 0.9779
vn 0.2528 0.2739 0.9279
vn 0.4607 0.1532 0.8742
vn -0.8349 -0.5461 -0.0693
vn 0.3177 0.1639 0.9339
vn 0.3069 -0.3613 0.8805
vn -0.0107 0.0371 0.9993
vn 0.1668 -0.2535 0.9529
vn -0.0045 -0.2319 0.9727
vn 0.3564 0.1766 0.9175
vn -0.0027 -0.2231 0.9748
vn -0.1193 0.4615 0.8791
vn -0.1782 0.5024 0.8461
vn -0.1294 0.4031 0.9060
vn 0.0024 0.6196 0.7849
vn -0.0135 0.4587 0.8885
vn 0.0210 0.5535 0.8326
vn 0.0245 0.7148 0.6989
vn 0.0567 -0.0119 0.9983
vn 0.1605 -0.0188 0.9869
vn 0.4055 0.1575 0.9004
vn 0.0985 0.5721 0.8143
vn 0.5605 -0.8280 0.0152
vn 0.3640 -0.1505 0.9192
vn 0.3073 -0.3543 0.8832
vn 0.1726 0.6277 0.7591
vn 0.1907 0.6111 0.7682
vn 0.2836 0.1318 0.9499
vn 0.2927 -0.0075 0.9562
vn 0.2637 -0.1174 0.9574
vn 0.4257 -0.1964 0.8833
vn 0.5070 -0.0276 0.8615
vn -0.3516 -0.2695 0.8965
vn -0.0927 -0.0016 0.9957
vn -0.2910 0.2895 0.9119
vn -0.1892 0.4414 0.8771
vn -0.1270 0.6009 0.7891
vn -0.8077 -0.4523 -0.3781
vn 0.3497 -0.9277 -0.1305
vn 0.5467 -0.1846 0.8167
vn 0.2517 -0.1016 0.9625
vn -0.3012 -0.3695 0.8790
vn -0.2830 0.2970 0.9120
vn -0.2951 0.4731 0.8301
vn -0.1462 0.6091 0.7795
vn 0.1075 0.8688 0.4833
vn -0.2241 0.4051 0.8864
vn -0.1517 0.6253 0.7655
vn 0.0672 0.4679 0.8812
vn 0.1331 -0.2264 0.9649
vn 0.0128 0.7935 0.6085
vn 0.2987 0.2093 0.9311
vn 0.6233 0.5377 0.5678
vn -0.2113 0.9765 -0.0415
vn 0.2305 0.0431 0.9721
vn 0.1131 -0.1917 0.9749
vn -0.1416 -0.5547 0.8199
vn -0.1825 -0.3918 0.9018
vn -0.2040 0.4368 0.8761
vn -0.1167 0.6169 0.7784
vn -0.2919 0.7145 0.6358
vn -0.1992 0.9764 -0.0840
vn -0.3503 0.8222 0.4486
vn -0.8235 0.1392 -0.5500
vn 0.4365 -0.2002 0.8772
vn 0.3187 -0.0930 0.9433
vn 0.2055 -0.0622 0.9767
vn -0.0404 -0.1339 0.9902
vn 0.1032 -0.0375 0.9940
vn -0.2859 0.4775 0.8308
vn 0.1717 0.4657 0.8681
vn -0.0309 0.6308 0.7753
vn 0.6381 -0.1363 0.7578
vn 0.2508 0.5550 0.7931
vn 0.9913 0.0412 0.1251
vn -0.9486 -0.2857 -0.1358
vn 0.7920 -0.5254 -0.3111
vn 0.3406 -0.0295 0.9398
vn 0.2233 -0.0463 0.9736
vn 0.4772 -0.1574 0.8646
vn -0.2842 -0.1463 0.9475
vn -0.6224 -0.1798 0.7617
vn 0.1196 -0.1015 0.9876
vn -0.1918 -0.2795 0.9408
vn -0.0802 0.2416 0.9671
vn -0.1305 0.4946 0.8593
vn -0.2110 0.3081 0.9277
vn 0.4109 -0.4155 0.8115
vn -0.7239 -0.6896 0.0169
vn 0.0031 0.4826 0.8758
vn 0.3848 -0.2404 0.8911
vn 0.1554 -0.2071 0.9659
vn -0.1914 -0.2733 0.9427
vn -0.1253 -0.1714 0.9772
vn -0.8183 -0.1411 0.5572
vn 0.1369 0.3967 0.9077
vn 0.1427 0.3483 0.9265
vn -0.1612 0.4802 0.8622
vn -0.0896 0.6145 0.7838
vn -0.1149 0.6172 0.7784
vn 0.9724 0.2291 0.0441
vn -0.0738 -0.3864 -0.9194
vn 0.2395 0.2707 0.9324
vn 0.0930 0.1607 0.9826
vn 0.0497 0.1978 0.9790
vn -0.2002 0.4444 0.8732
vn -0.5035 0.8107 -0.2989
vn 0.7403 0.6556 0.1490
vn 0.1485 -0.1757 0.9732
vn -0.3490 0.9189 0.1841
vn -0.4711 0.0250 0.8817
vn -0.0422 -0.3388 0.9399
vn -0.1206 0.5992 0.7915
vn -0.0496 0.6761 0.7352
vn 0.9270 -0.0735 -0.3679
vn 0.0165 -0.0749 0.9971
vn 0.9908 0.0375 0.1303
vn -0.0097 0.2994 0.9541
vn -0.0432 0.1881 0.9812
vn 0.9635 -0.1587 -0.2157
vn -0.4568 -0.8454 0.2769
vn 0.6916 0.7008 0.1751
vn -0.4153 -0.1392 0.8990
vn -0.4288 -0.1419 0.8922
vn -0.3010 -0.3146 0.9002
vn -0.5309 -0.2585 0.8070
vn -0.7207 0.6131 0.3236
vn 0.8944 -0.4333 -0.1108
vn -0.4971 0.2170 0.8401
vn 0.3957 0.3893 0.8318
vn -0.3107 0.2853 0.9067
vn -0.1936 0.4884 0.8509
vn -0.4630 0.7109 -0.5294
vn 0.4773 -0.1314 0.8689
vn 0.0457 0.2256 0.9732
vn 0.2253 0.5768 0.7852
vn -0.3644 -0.9060 -0.2156
vn -0.1221 -0.6973 -0.7063
vn 0.0386 -0.8622 -0.5052
vn 0.4249 0.3303 0.8429
vn -0.3352 0.3081 0.8904
vn 0.0373 0.6872 0.7255
vn 0.1078 0.1637 0.9806
vn -0.1704 -0.0586 0.9836
vn -0.4845 0.5193 0.7040
vn -0.2146 0.3817 0.8990
vn -0.3141 -0.4941 -0.8107
vn 0.2948 0.9550 -0.0332
vn -0.1375 0.7267 0.6731
vn -0.9034 0.2416 -0.3543
vn -0.3459 -0.1446 0.9271
vn -0.3684 0.7184 0.5900
vn -0.0418 0.9314 0.3616
vn -0.5188 0.7038 0.4853
vn 0.4924 0.8211 0.2887
vn 0.1039 0.9717 0.2119
vn -0.9974 0.0635 0.0344
vn 0.4440 0.3156 0.8386
vn -0.4168 0.5958 0.6865
vn -0.3774 0.5171 0.7682
vn 0.8814 0.2915 -0.3717
vn 0.0529 0.3597 0.9316
vn 0.2011 -0.2095 0.9569
vn 0.2747 0.4197 0.8651
vn 0.3151 -0.8967 -0.3109
vn 0.3779 0.6214 0.6863
vn -0.9053 0.1588 -0.3940
vn 0.0930 0.9778 0.1878
vn -0.8701 -0.4679 -0.1547
vn -0.9012 0.3711 -0.2240
vn 0.3057 0.9495 0.0703
vn -0.0410 0.2009 0.9788
vn -0.1512 0.3581 0.9214
vn -0.3888 0.6665 0.6361
vn -0.5118 0.5436 0.6653
vn 0.6662 0.1621 -0.7279
vn 0.5365 -0.4874 0.6890
vn -0.0233 0.5689 0.8221
vn -0.1451 0.3954 0.9070
vn 0.9978 -0.0299 -0.0593
vn 0.1606 0.0100 0.9870
vn 0.1963 -0.9181 -0.3444
vn -0.2200 -0.1237 0.9676
vn -0.0438 0.6687 0.7423
vn -0.2092 0.9097 0.3586
vn 0.1279 0.8659 0.4836
vn -0.3370 0.7317 0.5925
vn -0.2612 0.5432 -0.7980
vn -0.9838 0.1787 -0.0159
vn -0.0705 -0.5945 -0.8010
vn 0.2055 0.9772 0.0525
vn 0.2534 0.9635 -0.0862
vn 0.9743 -0.2225 -0.0345
vn -0.0312 0.7807 0.6241
vn -0.8476 -0.1755 0.5007
vn -0.1475 0.3988 0.9051
vn -0.2108 0.4831 0.8498
vn 0.3869 0.3658 0.8465
vn -0.3483 0.7992 0.4898
vn -0.1863 -0.1459 0.9716
vn 0.0596 0.7386 0.6716
vn 0.1088 0.8512 0.5134
vn 0.0796 0.8890 0.4509
vn -0.9020 0.1702 -0.3967
vn 0.0475 0.9485 0.3132
vn 0.6029 0.7414 0.2946
vn 0.4923 0.5942 0.6361
vn 0.3537 0.9353 -0.0094
vn 0.0247 0.1927 0.9809
vn -0.2210 0.4686 0.8553
vn -0.2190 0.4662 0.8571
vn -0.3835 0.6122 0.6915
vn 0.7760 -0.2693 -0.5703
vn -0.0430 -0.9988 -0.0250
vn -0.0085 0.5889 0.8081
vn 0.2010 0.4862 0.8504
vn 0.3073 0.3751 0.8746
vn 0.4032 -0.5693 0.7165
vn 0.3439 -0.7386 0.5799
vn -0.4936 0.6521 0.5754
vn -0.6864 -0.1476 0.7120
vn -0.8107 0.0885 0.5788
vn 0.7119 0.6387 0.2920
vn -0.9897 0.0999 -0.1024
vn 0.3331 0.8343 0.4393
vn 0.2845 0.3348 0.8983
vn -0.2134 0.4653 0.8591
vn -0.0134 0.5197 0.8543
vn 0.2444 0.2276 0.9426
vn -0.0493 0.2712 0.9613
vn 0.2965 0.7617 0.5761
vn -0.2098 0.3210 0.9235
vn -0.2286 -0.4267 -0.8751
vn -0.3601 -0.3839 0.8503
vn -0.7212 -0.6139 0.3209
vn -0.2489 0.5961 0.7633
vn 0.0097 -0.2293 0.9733
vn 0.0127 -0.1703 -0.9853
vn 0.2106 0.4944 0.8433
vn 0.1991 -0.9003 -0.3871
vn -0.2869 0.9556 0.0678
vn 0.2008 0.9786 0.0444
vn -0.4800 0.7598 0.4385
vn -0.1625 -0.0043 0.9867
vn -0.0435 0.2502 0.9672
vn 0.4038 0.8944 -0.1922
vn -0.1519 0.1119 0.9820
vn -0.0280 0.3399 0.9401
vn -0.1968 0.6072 0.7698
vn 0.9327 0.1916 -0.3056
vn -0.2694 0.8510 0.4507
vn 0.3008 0.6310 0.7151
vn -0.2226 0.3087 0.9247
vn -0.4558 -0.5252 0.7186
vn 0.3169 0.9327 -0.1720
vn 0.0675 -0.0806 0.9945
vn -0.1174 0.2904 0.9497
vn -0.4312 -0.4147 0.8013
vn 0.2652 0.3414 0.9017
vn -0.3308 0.4990 0.8010
vn 0.0063 0.6619 0.7495
vn 0.1280 0.1440 0.9813
vn -0.1679 -0.1608 0.9726
vn 0.0213 -0.3979 0.9172
vn -0.2841 0.2804 0.9169
vn 0.9034 -0.1657 -0.3956
vn 0.0306 0.5156 0.8563
vn 0.7951 0.1912 0.5755
vn 0.3786 0.1063 0.9194
vn -0.2140 0.4592 0.8622
vn 0.1126 0.2279 0.9671
vn 0.0892 0.7039 0.7047
vn 0.3485 0.7423 0.5723
vn -0.1387 0.1091 0.9843
vn -0.1807 -0.1790 0.9671
vn -0.2345 -0.4031 0.8846
vn -0.2687 -0.2653 0.9260
vn -0.2520 -0.0505 0.9664
vn -0.1683 -0.3044 0.9376
vn 0.2673 0.0107 0.9635
vn 0.2965 0.2290 0.9272
vn 0.0690 0.8196 0.5688
vn 0.2088 0.4491 0.8687
vn 0.9264 0.3757 -0.0242
vn -0.0131 -0.8529 0.5218
vn -0.0968 -0.1861 0.9778
vn -0.3109 -0.5122 0.8006
vn -0.1059 0.1622 0.9811
vn -0.5821 -0.4816 0.6551
vn 0.0539 -0.3827 0.9223
vn 0.0821 0.9570 0.2784
vn 0.2279 -0.1729 0.9582
vn 0.3277 -0.0135 0.9447
vn -0.0406 0.6101 0.7913
vn 0.1788 0.8237 0.5380
vn -0.2469 0.1448 0.9582
vn -0.3572 0.1628 0.9197
vn -0.2294 0.5052 0.8319
vn -0.3800 0.5257 0.7611
vn -0.2088 0.4790 0.8526
vn -0.3627 0.4906 0.7923
vn 0.9384 -0.1980 -0.2833
vn 0.8739 -0.4843 -0.0430
vn 0.0704 0.4285 0.9008
vn 0.8561 0.2623 0.4453
vn 0.1971 0.1519 0.9685
vn 0.2671 0.2748 0.9237
vn -0.0078 0.1061 0.9943
vn 0.2609 0.6435 0.7196
vn -0.2760 -0.5818 0.7651
vn -0.6551 -0.2234 0.7218
vn 0.8716 0.1691 0.4602
vn 0.3343 -0.7530 -0.5667
vn 0.3745 -0.3951 0.8389
vn -0.0903 -0.0784 0.9928
vn -0.2492 -0.4112 0.8768
vn -0.2118 -0.3327 0.9189
vn -0.1519 0.0274 0.9880
vn -0.1110 0.1030 0.9885
vn 0.3668 0.9299 0.0266
vn -0.1261 0.1846 0.9747
vn -0.2598 0.7136 0.6506
vn 0.4359 -0.8571 -0.2746
vn 0.2390 0.2993 0.9237
vn 0.2064 0.4943 0.8444
vn 0.3759 0.4440 0.8134
vn 0.3333 0.3500 0.8755
vn 0.2828 0.6212 0.7308
vn -0.2976 -0.0912 0.9503
vn 0.1515 0.1569 0.9759
vn -0.2489 0.5527 0.7954
vn -0.1363 0.7869 0.6018
vn 0.1804 -0.8285 -0.5302
vn -0.0804 0.8405 0.5357
vn -0.0562 0.5475 0.8349
vn -0.0892 -0.6446 0.7593
vn -0.0211 -0.6153 0.7880
vn -0.4580 -0.2045 0.8651
vn -0.4251 -0.3360 0.8404
vn -0.1071 -0.3230 0.9403
vn -0.1819 0.0711 0.9807
vn -0.0996 0.6014 0.7927
vn 0.0532 0.5006 0.8640
vn 0.8596 0.1878 -0.4753
vn -0.2023 -0.2954 0.9337
vn -0.3232 -0.2251 0.9192
vn -0.3741 0.0701 0.9247
vn -0.3510 -0.2493 -0.9026
vn -0.0723 -0.2538 0.9646
vn -0.2909 -0.0892 0.9526
vn -0.0623 0.1294 0.9896
vn -0.0539 0.1998 0.9784
vn 0.1283 0.1112 0.9855
vn -0.0790 0.4673 0.8806
vn 0.0470 0.2483 0.9675
vn -0.1186 0.2156 0.9693
vn -0.2082 0.7277 0.6535
vn -0.1878 0.8264 0.5309
vn 0.2910 -0.4502 0.8441
vn 0.5290 -0.1352 0.8378
vn 0.6325 -0.4489 -0.6312
vn -0.0113 0.1566 0.9876
vn 0.0585 0.0596 0.9965
vn -0.4210 -0.0818 0.9034
vn -0.2011 0.1214 0.9720
vn -0.0898 -0.0324 0.9954
vn -0.1739 0.2204 0.9598
vn -0.1608 0.4592 0.8737
vn 0.2005 0.0225 0.9794
vn -0.3617 0.6024 0.7115
vn -0.2437 -0.6023 0.7601
vn -0.2294 -0.3066 0.9238
vn -0.2319 -0.5596 0.7956
vn -0.3809 -0.3193 0.8677
vn -0.3634 0.0356 0.9310
vn -0.0958 -0.2513 0.9632
vn -0.1644 0.3750 0.9123
vn -0.0243 0.7407 0.6714
vn -0.2039 0.9094 0.3625
vn 0.9021 0.1770 -0.3936
vn 0.2539 0.2591 0.9319
vn -0.1827 0.1219 0.9756
vn -0.2278 -0.0098 0.9737
vn -0.1408 -0.5031 0.8527
vn 0.1601 0.0907 0.9829
vn -0.0954 0.7278 0.6792
vn -0.1582 0.2493 0.9554
vn -0.1098 0.5675 0.8160
vn -0.1252 0.6682 0.7334
vn 0.7910 0.3358 -0.5114
vn 0.2229 0.0996 0.9697
vn 0.2212 0.2403 0.9452
vn 0.2267 0.2036 0.9524
vn -0.1184 -0.7124 0.6917
vn -0.0052 -0.3953 0.9185
vn -0.0630 -0.2688 0.9611
vn 0.0149 -0.0748 0.9971
vn -0.3014 0.0578 0.9517
vn 0.1510 -0.1106 0.9823
vn 0.3219 0.1682 0.9317
vn 0.2708 0.0486 0.9614
vn -0.0363 0.3545 0.9343
vn 0.0353 0.4676 0.8832
vn 0.0130 0.4550 0.8904
vn 0.0119 0.8645 0.5025
vn -0.0370 -0.9992 0.0161
vn -0.3725 -0.2371 0.8973
vn -0.2933 0.1592 0.9427
vn -0.1881 -0.1049 0.9765
vn 0.5817 0.1259 0.8036
vn 0.3685 -0.9060 -0.2083
vn 0.2800 0.4613 0.8419
vn -0.3164 -0.2186 -0.9231
vn 0.4807 -0.0967 0.8716
vn 0.8401 0.0610 0.5391
vn 0.9748 0.1439 -0.1706
vn 0.2594 0.6923 0.6734
vn -0.2183 -0.5077 -0.8334
vn 0.7987 -0.1792 0.5745
vn -0.3830 0.5672 0.7291
vn 0.3746 0.0013 0.9272
vn -0.7172 0.1518 -0.6801
vn 0.9329 0.2671 -0.2418
vn 0.4445 0.4670 0.7644
vn -0.4746 -0.5657 -0.6744
vn 0.5683 -0.6440 0.5121
vn 0.6060 -0.5442 0.5802
vn 0.4866 -0.5234 0.6995
vn -0.2876 0.5543 -0.7811
vn 0.0689 0.1849 -0.9803
vn 0.0413 -0.7157 -0.6972
vn 0.3322 0.1683 0.9281
vn -0.1483 0.2604 -0.9540
vn 0.4699 0.3608 0.8056
vn 0.2380 0.8920 0.3842
vn 0.5237 0.5445 -0.6552
vn -0.2230 0.5420 -0.8102
vn 0.4618 0.2784 0.8422
vn 0.9270 -0.3747 0.0173
vn 0.3734 0.3792 0.8466
vn 0.9084 -0.1807 0.3770
vn 0.3521 -0.7428 0.5695
vn 0.4990 0.5458 0.6731
vn 0.0178 -0.7728 -0.6344
vn -0.9391 -0.2301 -0.2553
vn 0.2893 -0.2554 0.9226
vn 0.4561 0.3509 0.8178
vn 0.4684 0.3622 0.8059
vn 0.4914 0.2935 0.8200
vn 0.5444 -0.1475 0.8258
vn 0.1985 0.1309 0.9713
vn 0.4924 -0.0315 0.8698
vn 0.5344 -0.4935 0.6862
vn 0.5843 0.0497 0.8100
vn 0.6925 0.2218 0.6864
vn 0.4907 0.3105 0.8141
vn 0.5871 -0.2182 0.7796
vn 0.3321 -0.8679 -0.3693
vn 0.3252 0.5988 0.7319
vn 0.1901 -0.2672 0.9447
vn 0.5426 0.2418 0.8044
vn 0.6637 -0.0264 0.7475
vn 0.5341 0.3953 0.7473
vn 0.5594 0.1949 0.8057
vn 0.4931 -0.1003 0.8642
vn 0.6945 -0.4955 0.5217
vn 0.6702 -0.4669 0.5769
vn 0.7583 0.0171 0.6516
vn 0.6314 0.4196 0.6521
vn 0.6266 0.4085 0.6637
vn 0.6557 0.2760 0.7028
vn 0.8306 -0.0515 0.5545
vn 0.8399 -0.1595 0.5187
vn 0.8848 -0.0589 0.4622
vn 0.6673 -0.5335 0.5196
vn 0.6908 -0.4395 0.5742
vn 0.5738 -0.7185 0.3931
vn 0.6887 0.2194 0.6911
vn 0.6087 0.2546 0.7514
vn -0.9586 -0.2846 0.0130
vn 0.7526 -0.4059 0.5185
vn 0.8684 0.0064 0.4958
vn 0.8717 0.1561 0.4644
vn 0.8383 0.1189 0.5322
vn 0.6055 -0.1773 0.7758
vn 0.8223 -0.4347 0.3672
vn 0.8667 0.1712 0.4686
vn 0.8249 0.0865 0.5586
vn 0.5877 0.3667 0.7213
vn -0.0309 -0.7277 -0.6853
vn 0.7589 0.1262 0.6389
vn 0.6393 0.4755 0.6043
vn 0.8007 -0.5002 0.3295
vn 0.8340 0.0370 0.5506
vn 0.2098 0.6728 0.7094
vn 0.5111 -0.0852 0.8553
vn 0.8036 0.0518 0.5929
vn 0.4286 0.4162 0.8019
vn -0.1585 0.1538 -0.9753
vn 0.6700 -0.6833 0.2903
vn 0.8625 0.1113 0.4937
vn 0.8597 0.0925 0.5023
vn 0.4891 0.2520 0.8350
vn -0.8622 -0.5034 -0.0555
vn 0.8827 -0.1204 0.4542
vn 0.7330 0.4573 0.5036
vn 0.8205 0.0833 0.5655
vn 0.7954 0.2172 0.5659
vn 0.5057 -0.4274 0.7494
vn 0.8982 0.3437 0.2741
vn 0.8727 -0.3354 0.3549
vn 0.9030 -0.0324 0.4284
vn 0.7762 0.4242 0.4665
vn 0.8869 0.0797 0.4550
vn 0.5264 -0.0163 0.8501
vn -0.7920 -0.6050 0.0820
vn 0.9220 -0.3378 -0.1895
vn 0.7479 0.1975 0.6337
vn 0.2916 -0.2718 0.9171
vn 0.3548 -0.6661 0.6561
vn 0.6544 0.4142 0.6326
vn 0.8849 0.0658 0.4611
vn 0.8855 -0.0701 0.4593
vn 0.9018 -0.4076 -0.1436
vn -0.1925 0.4174 -0.8881
vn 0.4051 0.6294 -0.6632
vn 0.1337 0.8350 0.5338
vn 0.7307 0.3077 0.6094
vn 0.3710 -0.4717 0.7999
vn 0.5584 0.1469 0.8164
vn 0.4358 -0.4148 0.7988
vn 0.2917 0.3325 0.8969
vn 0.4697 -0.7296 -0.4971
vn 0.3923 -0.6294 0.6708
vn 0.4517 0.4652 0.7613
vn 0.6569 0.4418 0.6110
vn 0.0004 0.3729 0.9279
vn 0.2618 0.3463 0.9009
vn -0.5644 -0.4461 -0.6946
vn 0.5383 -0.5266 0.6580
vn 0.4609 -0.8162 -0.3484
vn 0.6353 -0.5640 0.5276
vn 0.6356 -0.5643 0.5268
vn 0.6694 -0.3300 0.6656
vn 0.7631 0.0793 0.6414
vn 0.4412 -0.0446 0.8963
vn -0.1795 -0.0172 0.9836
vn 0.7001 -0.3884 0.5992
vn 0.7500 0.1250 0.6496
vn 0.8225 -0.5456 -0.1606
vn 0.4362 0.2325 0.8693
vn -0.1198 0.1511 -0.9812
vn 0.7612 0.3291 0.5589
vn 0.5336 -0.0007 0.8458
vn 0.4501 0.3261 0.8313
vn 0.7534 -0.2742 0.5977
vn 0.3427 0.1115 0.9328
vn 0.6131 -0.6588 0.4361
vn 0.6486 -0.6631 -0.3735
vn 0.5752 0.0485 0.8166
vn -0.1351 -0.6908 -0.7103
vn 0.5058 -0.5453 0.6684
vn 0.5591 -0.1546 0.8146
vn 0.3374 -0.5236 0.7823
vn 0.5194 0.4567 0.7222
vn 0.5918 0.3478 0.7271
vn 0.5675 -0.3026 0.7658
vn 0.5799 -0.1677 0.7972
vn 0.5520 0.0297 0.8333
vn 0.4157 0.0340 0.9089
vn -0.5950 -0.0425 0.8026
vn 0.6398 -0.6983 -0.3210
vn 0.7765 -0.2754 0.5668
vn 0.1187 0.5632 0.8178
vn 0.3358 -0.5356 0.7748
vn 0.4977 0.3325 0.8011
vn 0.4277 0.4605 0.7778
vn 0.4137 0.4175 0.8091
vn 0.3366 0.5583 0.7583
vn 0.7620 -0.4253 0.4883
vn 0.5272 0.3116 0.7905
vn 0.3528 0.2161 0.9104
vn 0.2922 0.3121 0.9040
vn 0.1678 0.8304 0.5313
vn 0.6861 0.4130 0.5989
vn 0.5968 0.1994 0.7772
vn 0.4141 -0.0829 0.9064
vn 0.7756 -0.2787 0.5664
vn -0.9939 0.1098 0.0080
vn -0.9971 0.0340 0.0677
vn 0.5061 -0.2226 0.8332
vn 0.5765 0.0841 0.8128
vn 0.8616 -0.0955 0.4986
vn 0.3240 0.3321 0.8858
vn 0.1480 -0.1852 0.9715
vn 0.4602 -0.1653 0.8723
vn 0.7787 -0.0644 0.6241
vn 0.4791 -0.1619 0.8627
vn 0.6062 -0.0215 0.7950
vn 0.5031 0.1178 0.8562
vn 0.9135 -0.1387 0.3825
vn 0.9046 -0.1191 0.4092
vn 0.5763 0.5187 0.6316
vn 0.4144 -0.5023 0.7589
vn 0.8109 -0.0091 0.5851
vn 0.6517 -0.2122 0.7282
vn 0.1325 -0.7525 0.6451
vn 0.7887 0.0773 -0.6099
vn 0.1521 -0.0872 0.9845
vn 0.5787 -0.1434 0.8028
vn 0.1524 0.1688 0.9738
vn 0.6264 -0.1446 0.7660
vn 0.1657 0.7954 0.5830
vn 0.7354 -0.3400 0.5862
vn 0.7380 0.1364 0.6609
vn 0.6903 0.3088 0.6543
vn 0.3951 0.5814 0.7112
vn 0.6207 0.2103 0.7553
vn 0.5983 -0.0511 0.7997
vn 0.2172 0.2482 0.9440
vn 0.6036 -0.4516 0.6570
vn 0.5726 -0.0749 0.8164
vn 0.5881 0.4508 0.6715
vn 0.2846 0.3194 0.9039
vn 0.3627 -0.9008 -0.2386
vn -0.8938 0.4391 -0.0913
vn 0.6422 -0.4080 0.6489
vn 0.7008 -0.2669 0.6615
vn 0.6469 0.2750 0.7112
vn 0.3077 0.0236 0.9512
vn 0.3537 0.0991 0.9301
vn 0.7886 0.0884 0.6085
vn 0.7105 0.3825 0.5906
vn 0.2324 -0.2321 0.9445
vn 0.3123 0.1185 0.9426
vn 0.3954 0.1817 0.9003
vn 0.6713 0.2528 0.6968
vn 0.6226 0.3859 0.6808
vn 0.6683 -0.1915 0.7188
vn 0.7570 0.3782 0.5329
vn 0.8964 -0.1309 0.4236
vn 0.8472 -0.0331 0.5303
vn 0.2063 0.5289 0.8232
vn 0.2077 0.2391 0.9485
vn 0.9923 -0.0828 0.0923
vn 0.1830 0.0638 0.9810
vn 0.6893 -0.3157 0.6521
vn 0.5537 -0.1334 0.8220
vn 0.3188 -0.1519 0.9356
vn 0.9362 0.3509 -0.0207
vn 0.6904 -0.4542 0.5631
vn 0.5734 0.1197 0.8105
vn 0.8424 -0.5388 -0.0013
vn 0.5513 -0.0113 0.8343
vn 0.5748 -0.1224 0.8091
vn 0.3088 0.4995 0.8094
vn 0.7944 -0.2597 0.5491
vn 0.4825 0.2788 0.8303
vn 0.6590 -0.2895 0.6942
vn 0.7805 0.0709 0.6212
vn 0.6231 0.4607 0.6321
vn 0.5395 0.5313 0.6532
vn -0.1166 -0.5509 -0.8264
vn 0.1329 -0.5890 -0.7971
vn 0.2555 -0.3606 0.8970
vn -0.3270 0.5028 0.8002
vn 0.4321 0.2363 0.8703
vn -0.6599 0.4110 -0.6290
vn 0.6649 0.2569 0.7014
vn 0.9122 -0.1211 0.3914
vn 0.7656 -0.3122 0.5624
vn 0.9915 0.0997 0.0836
vn 0.3164 0.9249 0.2108
vn 0.3923 0.0371 0.9191
vn 0.9253 0.0123 0.3790
vn 0.4735 -0.2931 0.8306
vn 0.5879 -0.0285 0.8084
vn 0.3954 0.5011 0.7698
vn 0.4350 0.4933 0.7533
vn 0.4283 0.6196 0.6578
vn 0.5478 0.6875 0.4767
vn 0.2901 0.6565 0.6963
vn -0.9674 0.0058 -0.2531
vn 0.6256 -0.2458 0.7404
vn 0.7128 0.5011 0.4907
vn 0.7965 0.2164 0.5647
vn 0.8038 0.2295 0.5488
vn 0.6524 -0.0663 0.7550
vn 0.7278 0.3583 0.5847
vn 0.8639 0.1603 -0.4774
vn 0.2661 0.8412 0.4707
vn 0.5378 0.3572 0.7637
vn 0.4694 0.5423 0.6968
vn 0.3982 0.3796 0.8351
vn 0.5987 0.1170 0.7924
vn 0.5736 0.1419 0.8067
vn 0.8523 0.2988 0.4294
vn 0.3192 0.5337 0.7831
vn 0.7564 0.0400 0.6529
vn 0.8175 0.2482 0.5197
vn 0.2483 0.4117 0.8768
vn 0.5053 -0.0074 0.8629
vn -0.7400 -0.6670 0.0866
vn 0.3564 -0.9225 -0.1481
vn 0.7199 -0.1756 0.6715
vn 0.6101 0.2092 0.7642
vn 0.9179 0.0083 0.3967
vn 0.4096 -0.3285 0.8511
vn 0.6258 0.1873 0.7571
vn 0.4339 0.2618 0.8620
vn 0.1294 -0.4092 0.9032
vn 0.8751 0.0505 0.4814
vn 0.2981 -0.2363 0.9248
vn 0.4817 -0.1110 0.8693
vn 0.3456 -0.0449 0.9373
vn 0.5476 0.1421 0.8246
vn 0.5052 0.0565 0.8611
vn 0.8880 -0.0613 0.4558
vn 0.3709 -0.0472 0.9275
vn 0.5333 0.2993 0.7912
vn 0.5123 0.3013 0.8042
vn 0.6626 -0.0468 0.7475
vn 0.4776 0.1142 0.8711
vn 0.8275 -0.0836 0.5552
vn 0.9358 0.0884 0.3412
vn 0.8772 0.1050 0.4685
vn 0.8264 0.3606 0.4325
vn 0.8057 0.4225 0.4151
vn 0.5393 -0.4614 0.7045
vn 0.7284 0.4295 0.5338
vn 0.7773 0.3601 0.5159
vn 0.2393 0.7584 0.6062
vn 0.3112 0.4107 0.8570
vn 0.1503 0.4471 0.8817
vn 0.5456 0.1894 0.8164
vn 0.4227 -0.0220 0.9060
vn 0.4269 -0.1690 0.8884
vn 0.8642 0.4995 0.0606
vn 0.2506 0.6902 0.6789
vn 0.3193 0.2808 0.9051
vn -0.3453 0.8964 0.2780
vn 0.7574 0.0368 0.6519
vn 0.4728 -0.3061 0.8263
vn 0.5426 -0.4141 0.7308
vn 0.9448 0.1744 -0.2773
vn 0.7979 0.2586 -0.5444
vn 0.6677 -0.4691 0.5780
vn 0.6000 -0.2837 0.7480
vn 0.8074 -0.0719 0.5857
vn 0.0873 0.1182 0.9891
vn 0.6495 0.0825 0.7558
vn 0.5940 -0.6166 0.5167
vn 0.6912 -0.4330 0.5786
vn 0.9683 -0.1361 -0.2094
vn 0.6822 -0.5724 -0.4550
vn 0.7772 0.0616 0.6262
vn 0.7333 0.0495 0.6781
vn 0.6316 -0.0685 0.7722
vn 0.6260 -0.2530 0.7377
vn 0.8267 0.0933 0.5548
vn 0.2296 -0.3654 0.9021
vn 0.5134 -0.6330 0.5795
vn -0.3981 0.8351 0.3797
vn 0.4253 0.4617 0.7785
vn -0.2671 0.1920 -0.9443
vn 0.5930 0.1034 0.7985
vn 0.7135 -0.2813 0.6417
vn 0.8227 -0.3141 0.4737
vn 0.5387 0.4852 0.6888
vn 0.8947 0.1198 0.4303
vn 0.4056 -0.0885 0.9098
vn 0.8620 0.4212 -0.2820
vn 0.1596 0.3460 0.9246
vn 0.4500 0.7695 0.4532
vn 0.7999 -0.1783 0.5731
vn 0.6310 -0.3036 0.7139
vn 0.1904 -0.0034 0.9817
vn 0.5261 -0.4784 0.7031
vn -0.0300 0.1665 0.9856
vn -0.4021 -0.4833 -0.7776
vn 0.7892 -0.0367 0.6131
vn 0.6607 0.3786 0.6481
vn 0.6730 -0.0936 0.7337
vn 0.6089 0.1949 0.7689
vn 0.7529 -0.1615 0.6381
vn -0.4752 0.8028 -0.3602
vn 0.8971 0.2202 0.3831
vn 0.4210 -0.9069 -0.0167
vn 0.6761 0.4593 0.5761
vn 0.9450 -0.1199 -0.3044
vn 0.3270 0.0961 0.9401
vn -0.0084 -0.9975 0.0704
vn -0.2598 -0.9184 -0.2985
vn 0.6252 0.5376 0.5658
vn 0.4593 -0.1019 0.8824
vn 0.2780 -0.4066 0.8703
vn 0.7640 0.1091 0.6360
vn -0.1648 0.3284 -0.9300
vn 0.8620 -0.4338 -0.2621
vn 0.2540 0.6842 0.6836
vn 0.5711 -0.0699 0.8179
vn 0.6514 -0.5561 -0.5162
vn 0.5449 0.0191 0.8383
vn 0.5150 0.0743 0.8540
vn 0.4748 0.3798 0.7940
vn 0.7329 -0.1668 0.6595
vn 0.7854 -0.3368 0.5194
vn 0.8993 -0.4288 -0.0855
vn 0.1108 0.0126 0.9938
vn 0.8618 -0.4841 -0.1516
vn 0.6065 0.0937 0.7895
vn 0.9456 -0.0171 0.3249
vn 0.3275 0.1867 0.9262
vn -0.1328 -0.6470 -0.7509
vn 0.0239 -0.6483 -0.7610
vn 0.2514 0.6752 0.6934
vn 0.7359 -0.3009 -0.6065
vn 0.8538 -0.4935 -0.1661
vn 0.9104 -0.1077 0.3994
vn 0.9953 0.0794 0.0557
vn 0.5361 -0.7190 0.4423
vn -0.9728 -0.1595 0.1678
vn -0.0727 -0.7739 -0.6291
vn 0.7709 -0.6316 -0.0821
vn 0.4669 0.3006 0.8317
vn 0.6457 -0.0064 0.7636
vn 0.5919 0.1765 0.7865
vn 0.5737 0.2779 0.7705
vn 0.3815 -0.0976 0.9192
vn 0.7297 -0.6326 -0.2595
vn 0.5772 0.3004 0.7593
vn 0.5208 -0.3232 -0.7901
vn 0.4810 0.1340 0.8664
vn 0.5131 -0.2666 0.8159
vn 0.8464 -0.4344 0.3079
vn 0.3443 -0.3895 -0.8543
vn 0.6308 -0.3800 0.6765
vn 0.8468 0.3167 0.4274
vn 0.6613 -0.7453 0.0853
vn 0.8387 -0.4872 -0.2432
vn 0.2910 -0.3265 0.8993
vn -0.2515 -0.2948 -0.9219
vn 0.4824 -0.4361 0.7597
vn 0.9343 0.1803 -0.3077
vn 0.3550 0.5390 0.7639
vn 0.4178 -0.5999 0.6823
vn 0.7351 -0.1778 0.6542
vn 0.7984 -0.3377 0.4984
vn 0.6049 0.1496 0.7821
vn 0.7702 -0.3148 0.5546
vn 0.1642 -0.0356 0.9858
vn 0.8085 0.1448 0.5705
vn 0.1164 -0.0372 0.9925
vn 0.8886 -0.4281 -0.1646
vn 0.4319 0.2339 0.8711
vn 0.1829 -0.0093 0.9831
vn 0.3829 0.2131 0.8989
vn 0.2689 0.6876 0.6744
vn 0.8726 0.1289 0.4712
vn 0.4493 0.8041 0.3893
vn 0.4695 -0.6453 0.6026
vn 0.7321 0.0432 0.6799
vn 0.3536 -0.2429 0.9033
vn 0.6558 0.1677 0.7360
vn 0.6664 0.0135 0.7455
vn 0.3723 0.3591 0.8558
vn -0.0390 0.8271 0.5608
vn 0.6562 -0.5215 0.5455
vn 0.7469 0.3804 0.5453
vn 0.7731 -0.3140 0.5511
vn -0.7900 -0.1186 -0.6015
vn 0.8301 0.5295 -0.1746
vn 0.6406 -0.0475 0.7664
vn 0.7574 -0.2333 0.6098
vn 0.7118 0.1583 0.6843
vn 0.5390 -0.4719 0.6977
vn 0.3662 0.3081 0.8781
vn 0.6935 0.5570 -0.4569
vn 0.7125 0.4147 0.5660
vn 0.8112 -0.1659 0.5607
vn 0.7797 -0.1452 0.6090
vn 0.8507 -0.3349 0.4051
vn 0.5132 -0.4101 0.7540
vn 0.3381 0.5741 0.7457
vn 0.9528 0.2261 0.2025
vn -0.0000 -0.0185 0.9998
vn 0.7924 -0.4717 -0.3868
vn 0.7693 -0.0671 0.6353
vn 0.3609 -0.4016 0.8417
vn 0.3637 -0.3944 0.8439
vn 0.2823 -0.6957 0.6606
vn 0.6542 -0.3684 0.6605
vn 0.5491 0.0140 0.8357
vn 0.5119 0.1890 0.8380
vn 0.4183 -0.8671 -0.2704
vn 0.3005 0.0331 0.9532
vn 0.5286 -0.3974 0.7501
vn 0.1501 0.3005 0.9419
vn 0.6224 -0.3988 0.6735
vn 0.7873 0.2614 0.5585
vn 0.8578 0.1402 0.4945
vn 0.3205 -0.0214 0.9470
vn 0.7486 -0.3998 0.5289
vn 0.2592 -0.5447 0.7975
vn 0.3276 -0.0540 0.9433
vn 0.3887 0.6353 0.6674
vn 0.7677 0.3274 0.5508
vn -0.9375 0.2718 0.2174
vn 0.1631 0.2867 0.9440
vn 0.6968 -0.2139 0.6846
vn 0.7074 0.3128 0.6338
vn 0.2134 0.2628 0.9410
vn 0.1787 -0.1844 -0.9665
vn 0.3684 -0.0358 0.9290
vn 0.4588 -0.1610 0.8738
vn 0.6931 -0.4917 0.5271
vn 0.7417 -0.1640 0.6504
vn 0.8044 -0.1455 0.5760
vn 0.3449 0.5178 0.7829
vn 0.6889 -0.4000 0.6044
vn 0.6742 0.2844 0.6816
vn 0.3652 0.0926 0.9263
vn 0.3757 -0.1569 0.9134
vn 0.3562 -0.3900 0.8491
vn 0.7004 -0.6656 0.2578
vn 0.1196 0.8931 0.4336
vn 0.9531 0.2059 -0.2220
vn 0.2892 -0.0536 0.9558
vn 0.3426 0.0115 0.9394
vn 0.1600 0.8667 0.4725
vn 0.2469 0.3776 0.8924
vn -0.9913 0.1315 0.0104
vn 0.8424 -0.0981 0.5298
vn 0.6154 0.1050 0.7811
vn 0.1603 0.8744 0.4579
vn 0.5014 -0.2124 0.8387
vn 0.5259 -0.2522 0.8123
vn 0.6420 -0.0637 0.7640
vn 0.7921 -0.4641 0.3964
vn 0.9473 -0.2083 -0.2432
vn 0.8455 -0.0983 0.5248
vn 0.5417 -0.0213 0.8403
vn -0.2734 0.1934 -0.9423
vn 0.7049 0.4348 0.5604
vn 0.8164 0.1600 0.5549
vn 0.5992 -0.2885 0.7468
vn 0.2560 0.4045 0.8780
vn 0.3274 0.5618 0.7598
vn 0.3808 0.0125 0.9246
vn 0.3605 -0.2400 0.9014
vn 0.4982 0.0202 0.8668
vn 0.7003 -0.4605 0.5455
vn 0.7604 -0.6467 -0.0597
vn 0.6414 -0.6052 0.4714
vn 0.4888 -0.8337 -0.2570
vn 0.8707 -0.0555 -0.4886
vn 0.4865 -0.1287 0.8642
vn 0.5133 -0.0315 0.8577
vn 0.5554 0.0334 0.8309
vn 0.3138 -0.1328 0.9402
vn 0.3294 -0.0359 0.9435
vn 0.9342 -0.0725 0.3493
vn 0.6529 -0.3338 0.6799
vn 0.6125 -0.0515 0.7888
vn 0.2569 0.3079 0.9161
vn 0.9149 0.0474 -0.4008
vn 0.5527 -0.5006 0.6663
vn -0.1251 0.4203 0.8987
vn 0.6908 -0.1013 0.7159
vn -0.0151 0.1916 -0.9814
vn 0.8760 -0.0038 -0.4822
vn -0.4539 -0.8784 -0.1498
vn 0.5129 -0.3352 0.7903
vn 0.4092 -0.2107 0.8878
vn 0.4617 -0.0766 0.8837
vn 0.4311 0.0041 0.9023
vn 0.6500 0.2901 0.7024
vn 0.6687 -0.7325 -0.1277
vn -0.1105 0.3350 0.9357
vn 0.7583 0.4972 0.4216
vn 0.1544 0.7655 0.6246
vn 0.7682 -0.1081 0.6310
vn 0.3825 -0.0788 0.9206
vn 0.9699 0.0466 -0.2392
vn 0.8656 -0.4801 -0.1423
vn 0.6371 0.5449 0.5452
vn 0.7497 0.0115 0.6616
vn 0.7503 -0.0332 0.6603
vn 0.5583 -0.0383 0.8287
vn 0.7193 -0.4018 0.5667
vn 0.4625 -0.1405 0.8754
vn 0.6989 -0.3852 0.6027
vn 0.4995 -0.1573 0.8519
vn 0.4947 0.5621 0.6628
vn 0.5618 -0.6421 0.5215
vn 0.8107 0.2542 0.5274
vn 0.8721 0.1556 0.4639
vn 0.3201 0.1751 0.9311
vn 0.3897 0.1262 0.9122
vn 0.9313 -0.0907 -0.3528
vn 0.5867 0.2012 0.7844
vn -0.4020 0.7392 0.5403
vn 0.3188 0.0443 0.9468
vn 0.3609 -0.1095 0.9261
vn -0.0248 0.1126 0.9933
vn 0.8125 0.0584 0.5801
vn 0.4743 -0.2902 0.8312
vn 0.3924 0.2934 0.8717
vn 0.4898 0.5308 0.6916
vn 0.2858 0.7486 0.5982
vn 0.3672 -0.2138 0.9053
vn 0.4371 0.3654 0.8218
vn 0.3839 0.2982 0.8739
vn 0.5177 -0.3434 0.7836
vn 0.3972 0.0753 0.9146
vn -0.0866 0.7451 0.6613
vn 0.3912 0.1609 0.9062
vn -0.0739 -0.3860 -0.9195
vn 0.8933 -0.0359 0.4481
vn 0.0990 0.3606 -0.9274
vn 0.5461 0.0444 0.8366
vn 0.7540 -0.2737 0.5972
vn 0.6304 0.4012 0.6645
vn 0.8781 0.0550 -0.4752
vn 0.7759 0.5572 -0.2959
vn -0.6684 0.2023 -0.7158
vn 0.3893 0.1237 0.9128
vn 0.0157 0.8614 0.5076
vn 0.3905 0.3284 0.8600
vn 0.7147 -0.2659 0.6469
vn 0.8851 -0.2910 -0.3633
vn -0.8974 0.1915 -0.3976
vn -0.0056 0.8705 0.4922
vn -0.4893 0.7686 -0.4122
vn 0.9244 0.3442 -0.1642
vn 0.3085 0.4645 0.8301
vn 0.5887 0.4436 0.6758
vn 0.6839 -0.1658 0.7105
vn 0.5308 0.3040 0.7911
vn 0.2304 0.6985 0.6775
vn 0.6432 0.3663 0.6724
vn 0.8146 -0.3150 0.4871
vn 0.6130 -0.0143 0.7900
vn 0.2845 -0.0152 0.9586
vn 0.2863 0.1761 0.9418
vn 0.2871 -0.0252 0.9576
vn 0.3131 0.1960 0.9293
vn -0.2408 0.1218 0.9629
vn 0.1156 0.5489 0.8278
vn 0.7143 -0.2411 0.6570
vn 0.2499 0.8353 0.4897
vn 0.9388 0.1435 -0.3132
vn 0.7116 -0.4153 0.5667
vn 0.3917 -0.9195 0.0316
vn 0.7184 -0.2428 0.6519
vn 0.6042 0.1493 0.7827
vn 0.5241 0.4629 0.7149
vn 0.5368 0.1206 0.8351
vn 0.7143 0.4488 0.5369
vn 0.6150 -0.4948 0.6140
vn 0.2984 0.1286 0.9457
vn 0.1386 0.8600 0.4912
vn 0.4519 0.4343 0.7792
vn 0.4964 0.2914 0.8177
vn -0.0973 -0.6652 -0.7403
vn -0.3493 -0.9155 -0.1999
vn 0.1809 0.2056 0.9618
vn -0.0184 -0.0380 0.9991
vn 0.9395 -0.0661 0.3362
vn 0.5304 -0.4452 0.7215
vn 0.3099 0.6435 0.6999
vn 0.6046 -0.0721 0.7932
vn 0.5246 0.5040 0.6862
vn 0.6367 -0.5440 0.5465
vn 0.5321 -0.3485 0.7717
vn -0.1548 0.5063 0.8484
vn -0.0973 0.7617 0.6406
vn -0.9780 0.2057 -0.0349
vn 0.8568 0.2836 0.4306
vn 0.8778 0.1368 0.4590
vn 0.5700 0.1785 0.8020
vn 0.3532 0.1995 0.9140
vn 0.4330 0.4655 0.7719
vn 0.4431 0.2151 0.8703
vn 0.5380 -0.2024 0.8183
vn 0.5809 0.4342 0.6885
vn 0.5318 0.4467 0.7195
vn 0.2268 0.4159 0.8807
vn 0.6522 -0.0221 0.7578
vn 0.3486 0.3863 0.8540
vn 0.1087 0.7319 0.6727
vn 0.7729 0.5736 0.2713
vn 0.6215 -0.2469 0.7434
vn 0.4832 -0.4503 0.7508
vn 0.7967 -0.3235 0.5104
vn 0.2288 0.6743 0.7021
vn 0.4751 0.3574 0.8041
vn 0.8224 -0.0695 0.5647
vn 0.6136 0.0951 0.7839
vn -0.1418 0.2590 -0.9554
vn 0.7314 0.3679 0.5742
vn 0.7027 -0.2401 0.6698
vn 0.1096 -0.9835 0.1442
vn 0.3500 0.6547 0.6700
vn -0.0956 0.8367 0.5392
vn 0.3703 0.4450 0.8154
vn 0.4758 -0.6750 -0.5639
vn 0.7004 -0.0622 0.7110
vn 0.6921 -0.0068 0.7218
vn 0.6997 -0.1841 0.6903
vn 0.5433 0.3179 0.7770
vn 0.5568 0.2591 0.7892
vn 0.8012 -0.3147 0.5090
vn 0.4487 -0.5348 0.7160
vn 0.7255 0.3156 0.6116
vn 0.6040 0.1249 0.7871
vn -0.8199 -0.5210 0.2375
vn -0.8891 -0.3560 0.2876
vn -0.8926 -0.4325 -0.1274
vn -0.1872 -0.8387 0.5114
vn 0.0457 -0.9960 0.0765
vn 0.0522 -0.6512 0.7571
vn 0.9901 -0.1238 -0.0654
vn 0.3801 -0.9238 -0.0461
vn -0.9858 0.1484 -0.0787
vn -0.7802 -0.4792 0.4021
vn -0.9909 -0.0762 -0.1112
vn -0.9779 -0.2092 -0.0043
vn -0.9433 -0.1204 0.3092
vn -0.9868 -0.1513 0.0576
vn 0.8841 -0.4249 -0.1947
vn -0.8888 0.4382 -0.1342
vn -0.8282 -0.3535 0.4349
vn -0.1950 0.1657 -0.9667
vn -0.9908 0.0395 0.1296
vn -0.6849 0.5742 -0.4487
vn -0.8923 -0.2533 0.3736
vn -0.2951 0.9289 -0.2239
vn 0.9183 0.2922 0.2671
vn 0.4609 -0.7964 -0.3917
vn 0.6669 0.1117 -0.7367
vn 0.9851 -0.1706 -0.0198
vn -0.9857 0.1683 -0.0017
vn -0.3255 0.9251 -0.1957
vn 0.6022 -0.7644 -0.2304
vn -0.9896 0.1379 0.0415
vn -0.9568 -0.1530 0.2474
vn -0.9423 -0.0603 0.3293
vn 0.8952 -0.3867 -0.2216
vn -0.6594 -0.6737 -0.3337
vn 0.9875 -0.1312 -0.0873
vn 0.5693 0.1195 -0.8134
vn -0.9716 -0.0315 -0.2344
vn 0.8760 -0.3775 -0.3002
vn -0.9266 0.2527 0.2785
vn 0.6603 -0.0614 -0.7485
vn 0.1653 -0.7880 -0.5930
vn 0.9679 -0.1952 -0.1584
vn 0.9946 -0.0257 0.1005
vn -0.8061 -0.0492 -0.5898
vn -0.2531 -0.4773 -0.8415
vn -0.9303 0.0622 -0.3615
vn -0.8168 -0.4021 -0.4138
vn -0.9676 0.1717 0.1852
vn 0.3195 -0.9369 0.1422
vn 0.8137 -0.1611 -0.5585
vn -0.6709 0.0213 -0.7412
vn 0.9962 0.0337 -0.0799
vn -0.9433 0.3315 0.0174
vn -0.9095 0.2061 0.3609
vn 0.9251 0.1980 0.3240
vn 0.0817 -0.7020 0.7075
vn 0.9617 0.2714 0.0391
vn 0.6788 -0.4493 -0.5808
vn 0.0596 -0.9972 0.0455
vn -0.5664 0.8228 0.0467
vn 0.9448 0.3118 0.1012
vn 0.4125 -0.7213 -0.5563
vn 0.8542 -0.2572 -0.4519
vn 0.9811 -0.1936 -0.0015
vn -0.0118 0.6499 -0.7599
vn 0.9823 -0.1811 -0.0478
vn -0.7631 0.2239 -0.6063
vn 0.8969 0.3584 0.2593
vn -0.9209 -0.3872 0.0448
vn 0.7836 -0.5765 0.2314
vn 0.9808 -0.1885 -0.0493
vn 0.8800 -0.3862 -0.2765
vn 0.9717 -0.2210 -0.0837
vn -0.0332 0.1021 -0.9942
vn 0.7777 0.1197 -0.6171
vn -0.5322 -0.8465 0.0137
vn 0.8042 0.0100 -0.5943
vn 0.4233 -0.9037 0.0639
vn 0.3795 -0.8720 -0.3092
vn 0.8424 -0.5184 -0.1471
vn -0.7987 -0.5607 -0.2185
vn -0.9178 -0.1262 -0.3763
vn 0.6365 -0.4727 -0.6095
vn 0.9988 0.0284 0.0403
vn -0.0000 0.0876 -0.9962
vn 0.9177 0.3944 0.0474
vn -0.6674 0.1725 -0.7245
vn -0.3429 0.6748 -0.6535
vn 0.7609 0.0617 -0.6460
vn -0.9658 -0.0364 0.2566
vn -0.7772 0.4032 -0.4832
vn 0.6652 -0.2711 -0.6958
vn 0.5591 -0.4780 -0.6775
vn -0.8191 -0.5219 -0.2382
vn -0.1453 0.3583 -0.9222
vn 0.4783 -0.8606 -0.1747
vn -0.9647 -0.0701 -0.2538
vn 0.8972 0.1526 -0.4145
vn -0.1380 -0.3572 -0.9238
vn 0.4082 -0.4318 -0.8044
vn 0.8104 -0.1483 -0.5669
vn -0.8401 -0.0848 -0.5357
vn -0.7983 0.5537 -0.2370
vn -0.9500 0.1563 -0.2704
vn 0.8731 0.3480 -0.3415
vn -0.5669 0.8237 -0.0114
vn -0.9470 0.0660 -0.3144
vn 0.9520 -0.2484 -0.1789
vn -0.8443 0.5089 -0.1676
vn 0.3472 -0.8831 -0.3158
vn 0.0800 -0.7713 -0.6315
vn 0.8213 -0.1104 -0.5597
vn 0.9713 0.1120 0.2100
vn 0.9928 -0.0364 0.1141
vn 0.2215 -0.9699 0.1008
vn 0.4873 -0.7957 0.3598
vn -0.9346 -0.3212 0.1526
vn -0.9795 0.1404 -0.1447
vn -0.9190 0.1889 0.3461
vn 0.7884 -0.1857 -0.5864
vn 0.8927 -0.0068 0.4505
vn 0.5525 -0.8073 -0.2074
vn 0.6830 -0.5987 0.4184
vn 0.8362 -0.4372 -0.3311
vn 0.7087 -0.6731 -0.2112
vn -0.8794 0.4110 0.2401
vn -0.9739 0.0670 -0.2169
vn -0.8514 -0.2425 -0.4650
vn -0.9987 -0.0057 -0.0504
vn -0.9719 0.2040 0.1176
vn 0.9471 0.2109 0.2420
vn 0.9751 -0.2211 -0.0175
vn -0.0684 0.2103 -0.9752
vn 0.7964 -0.5376 -0.2770
vn 0.5792 -0.7058 -0.4079
vn 0.9061 0.1436 0.3980
vn 0.9375 0.2073 0.2796
vn 0.6255 0.1832 -0.7584
vn -0.8706 0.2941 -0.3944
vn -0.9440 -0.2352 0.2313
vn -0.6861 -0.6631 -0.2993
vn -0.1444 0.2035 -0.9684
vn -0.8211 -0.0601 -0.5675
vn -0.8821 0.2669 -0.3883
vn -0.5665 0.2970 -0.7687
vn 0.7444 0.1028 -0.6598
vn -0.8898 0.1987 0.4109
vn -0.9191 0.3456 -0.1891
vn 0.9676 -0.2518 0.0209
vn -0.4769 -0.7877 0.3899
vn 0.6878 -0.3914 -0.6114
vn 0.9891 -0.0210 -0.1460
vn 0.7727 -0.4294 -0.4675
vn 0.7371 0.0994 -0.6685
vn 0.6662 -0.5633 -0.4887
vn -0.9675 -0.0075 -0.2526
vn 0.0087 -0.7197 -0.6942
vn 0.7909 -0.5786 -0.1991
vn 0.7635 -0.6109 -0.2097
vn -0.0209 0.2654 0.9639
vn 0.8941 -0.4059 -0.1893
vn 0.7738 -0.1892 -0.6046
vn 0.9695 -0.1153 -0.2164
vn 0.9038 0.3886 0.1793
vn 0.0785 -0.9125 -0.4014
vn 0.6922 -0.6760 -0.2528
vn 0.0187 -0.9997 -0.0124
vn 0.3689 0.6617 -0.6528
vn 0.8199 -0.2908 -0.4931
vn -0.1002 -0.9917 0.0801
vn 0.7007 -0.6647 0.2593
vn 0.8290 -0.4764 0.2928
vn 0.9023 -0.0727 -0.4249
vn -0.8843 0.4649 -0.0444
vn 0.8413 -0.4935 -0.2204
vn 0.7173 -0.4858 -0.4994
vn 0.8599 -0.4973 -0.1149
vn 0.5870 -0.7845 -0.1999
vn -0.8038 -0.4640 -0.3723
vn 0.3590 0.1962 -0.9125
vn 0.8318 -0.4632 0.3057
vn -0.1895 -0.8345 0.5173
vn 0.8888 -0.4279 -0.1644
vn 0.1103 -0.8264 -0.5522
vn -0.9315 0.3411 0.1260
vn -0.7354 0.4316 -0.5224
vn 0.9913 -0.1315 -0.0042
vn 0.8406 -0.0825 -0.5354
vn -0.8206 0.0398 -0.5702
vn 0.7117 -0.5761 0.4019
vn 0.8435 -0.1821 0.5054
vn -0.8292 -0.0996 -0.5501
vn 0.7739 0.1303 -0.6197
vn 0.6276 -0.6605 -0.4121
vn 0.8654 0.1598 -0.4750
vn -0.5731 -0.4503 0.6847
vn -0.1349 -0.0148 -0.9907
vn -0.0119 -0.8708 -0.4915
vn -0.9290 0.1795 -0.3237
vn -0.7833 -0.6201 -0.0437
vn 0.6349 0.1067 -0.7652
vn 0.9134 -0.3507 -0.2069
vn 0.9938 -0.0253 0.1080
vn 0.0269 -0.9996 -0.0004
vn -0.1848 0.6069 -0.7730
vn 0.9984 -0.0009 -0.0564
vn 0.8031 0.1204 -0.5836
vn 0.8703 -0.2144 -0.4435
vn -0.6843 0.7263 -0.0645
vn 0.8886 -0.0142 -0.4585
vn 0.8911 -0.1606 -0.4244
vn 0.7855 -0.0572 -0.6162
vn 0.7132 0.1097 -0.6923
vn 0.9861 0.1355 0.0962
vn 0.9520 -0.2679 -0.1479
vn 0.8144 0.4626 -0.3505
vn 0.9045 -0.2568 -0.3406
vn 0.7232 0.1921 -0.6634
vn -0.9702 -0.1748 -0.1681
vn -0.7779 -0.5703 -0.2639
vn 0.9940 0.1093 0.0077
vn -0.3410 -0.9211 0.1881
vn 0.7202 -0.1843 -0.6688
vn 0.8116 -0.1083 -0.5741
vn 0.8717 -0.1018 -0.4793
vn 0.6980 -0.3097 -0.6456
vn 0.3670 0.2534 -0.8950
vn 0.6611 -0.5755 -0.4814
vn 0.8244 0.1785 -0.5371
vn 0.9734 -0.2090 -0.0941
vn 0.5756 -0.2516 0.7781
vn 0.8822 0.2784 0.3798
vn 0.6168 -0.6236 -0.4803
vn -0.0242 -0.9839 0.1773
vn -0.9637 -0.1429 0.2257
vn 0.8515 0.4526 -0.2647
vn -0.9315 -0.1882 -0.3112
vn 0.9930 0.1172 -0.0148
vn 0.9997 0.0251 0.0050
vn 0.7222 -0.3827 -0.5761
vn 0.9898 0.1158 0.0833
vn 0.3964 -0.6537 -0.6446
vn 0.9999 0.0085 0.0060
vn 0.7305 -0.4246 -0.5349
vn 0.6765 0.1230 -0.7261
vn -0.6007 0.7347 -0.3154
vn -0.6630 0.1672 -0.7297
vn 0.2675 -0.9625 -0.0441
vn 0.7841 -0.4317 -0.4460
vn 0.6198 -0.0843 -0.7802
vn -0.8007 -0.5989 -0.0108
vn -0.3390 0.9221 0.1866
vn -0.4665 0.0972 -0.8792
vn 0.5407 0.3496 -0.7651
vn -0.9644 0.1958 -0.1778
vn 0.4371 -0.0493 -0.8980
vn 0.9440 -0.3231 -0.0673
vn 0.5230 -0.3784 -0.7637
vn 0.8569 -0.4201 -0.2987
vn 0.8398 -0.2557 -0.4788
vn 0.8749 0.4823 0.0447
vn -0.9572 -0.2855 -0.0476
vn -0.1342 0.2765 -0.9516
vn 0.0873 -0.6110 -0.7868
vn 0.6894 0.0444 -0.7231
vn -0.9981 -0.0226 -0.0568
vn 0.9997 -0.0125 0.0202
vn 0.7731 0.2192 -0.5952
vn -0.9034 -0.2847 -0.3207
vn -0.9010 0.3712 -0.2244
vn -0.6396 0.7642 0.0829
vn 0.5218 -0.7174 -0.4616
vn 0.7251 -0.6606 -0.1947
vn 0.8531 -0.4072 -0.3261
vn 0.9051 -0.2893 -0.3116
vn 0.5350 -0.5588 -0.6337
vn 0.9169 0.0109 -0.3990
vn 0.6287 -0.6483 -0.4295
vn 0.1946 -0.8529 -0.4844
vn -0.9452 -0.1257 -0.3012
vn 0.5680 -0.5875 0.5764
vn 0.9511 0.1451 0.2728
vn -0.9257 0.2785 -0.2560
vn -0.5138 0.0978 -0.8523
vn 0.3175 0.2660 0.9102
vn 0.8534 0.3664 0.3708
vn 0.0240 -0.9995 -0.0182
vn 0.7735 -0.1596 -0.6133
vn 0.9670 -0.2431 -0.0764
vn 0.9210 0.3689 -0.1253
vn 0.2516 -0.6969 -0.6716
vn -0.9650 0.2565 -0.0546
vn 0.6330 0.0491 -0.7726
vn 0.8979 0.3198 -0.3025
vn -0.8135 -0.0988 -0.5731
vn 0.5990 -0.2166 -0.7709
vn 0.1337 -0.7857 -0.6040
vn 0.9338 -0.3577 0.0109
vn 0.8680 0.1468 0.4744
vn 0.8966 0.2242 0.3820
vn 0.8555 -0.3095 -0.4151
vn 0.9578 0.1504 0.2448
vn 0.8054 -0.2153 -0.5523
vn -0.5586 0.6192 0.5519
vn -0.9668 -0.2553 0.0104
vn 0.9151 0.0092 -0.4031
vn 0.9416 0.3165 0.1147
vn 0.6723 -0.7367 -0.0724
vn 0.8500 0.4081 0.3330
vn 0.9585 0.1702 0.2289
vn 0.9322 -0.0792 0.3531
vn 0.7320 -0.0479 -0.6796
vn -0.5941 -0.3144 0.7404
vn 0.3906 0.4348 -0.8114
vn 0.9189 -0.2220 -0.3260
vn -0.0088 -0.2195 -0.9756
vn 0.9621 0.0380 0.2702
vn 0.9621 0.0677 0.2641
vn 0.9451 0.1306 0.2997
vn 0.4156 0.8924 -0.1758
vn -0.3863 0.7510 0.5355
vn -0.8279 0.5563 -0.0718
vn 0.9075 -0.1729 -0.3829
vn 0.5306 -0.8041 -0.2681
vn 0.9750 0.1495 0.1646
vn 0.7657 -0.6349 -0.1029
vn 0.7633 -0.3779 0.5240
vn 0.9359 0.0945 0.3394
vn 0.8996 0.4013 0.1724
vn 0.9648 0.2475 0.0886
vn 0.9694 -0.0316 0.2435
vn 0.6473 -0.7000 0.3018
vn 0.4800 -0.6155 0.6251
vn 0.9581 0.0664 0.2788
vn 0.9079 0.3822 0.1721
vn 0.9062 0.3856 0.1736
vn 0.9578 -0.0104 0.2874
vn 0.9971 0.0741 0.0187
vn -0.3367 -0.3824 -0.8605
vn 0.9451 -0.3204 -0.0635
vn 0.0977 0.3661 0.9254
vn 0.9018 -0.3219 0.2883
vn 0.4530 -0.4598 0.7638
vn 0.9055 -0.0187 -0.4240
vn 0.9763 0.1720 0.1317
vn 0.9765 -0.0813 0.1998
vn 0.9967 0.0692 0.0420
vn -0.6208 0.0754 -0.7804
vn 0.8253 -0.5356 0.1789
vn 0.9717 -0.0782 0.2227
vn 0.9481 -0.0241 0.3171
vn 0.9135 0.1359 0.3834
vn 0.9920 0.0975 0.0806
vn 0.9208 0.3780 0.0967
vn -0.1702 0.8026 -0.5717
vn 0.4874 -0.6582 0.5737
vn 0.8233 0.4202 0.3815
vn 0.9286 0.3096 -0.2048
vn 0.9418 0.1962 0.2730
vn 0.9366 -0.2931 0.1917
vn 0.9923 -0.0981 0.0750
vn 0.6750 -0.1264 -0.7269
vn 0.9764 0.1770 0.1241
vn 0.9077 0.3829 0.1717
vn 0.9957 -0.0618 0.0697
vn 0.9117 0.4069 0.0564
vn 0.5053 -0.7985 -0.3273
vn -0.1196 0.0925 -0.9885
vn -0.3046 -0.0324 -0.9519
vn 0.9895 -0.0192 0.1429
vn 0.9657 0.2531 0.0581
vn -0.0011 0.9970 0.0768
vn 0.9475 0.3197 -0.0001
vn -0.9711 -0.1663 0.1712
vn 0.9510 0.0911 -0.2955
vn 0.9970 0.0732 0.0261
vn 0.4949 0.1303 -0.8592
vn -0.5213 -0.4423 -0.7298
vn 0.9244 0.3098 0.2224
vn 0.2645 -0.3606 -0.8944
vn 0.9658 0.2375 0.1044
vn 0.9953 0.0846 0.0469
vn 0.8021 0.5645 0.1948
vn 0.8498 0.4115 0.3295
vn 0.9265 0.3143 0.2070
vn 0.9761 -0.0819 0.2013
vn 0.6341 -0.7694 0.0774
vn 0.6122 -0.7836 0.1056
vn 0.8540 -0.5174 0.0552
vn 0.8350 -0.5430 0.0893
vn 0.9442 -0.3219 0.0694
vn 0.9130 0.1909 -0.3607
vn -0.5665 0.8152 0.1204
vn -0.0694 0.9970 0.0356
vn 0.0166 0.9989 -0.0430
vn 0.0482 0.9129 0.4054
vn -0.2639 0.9625 0.0630
vn 0.4745 0.7341 0.4858
vn 0.6085 0.6399 0.4694
vn -0.4420 0.8495 0.2881
vn 0.3305 0.8103 0.4839
vn -0.6798 0.6566 0.3267
vn -0.3562 0.8160 0.4552
vn -0.3965 -0.8485 -0.3505
vn 0.0642 0.9795 -0.1911
vn 0.9203 0.3615 0.1493
vn 0.4902 0.6951 0.5260
vn -0.1478 0.9890 0.0053
vn -0.4280 0.8379 0.3387
vn 0.6547 0.5294 0.5396
vn 0.0706 0.9972 -0.0252
vn -0.9985 -0.0203 0.0509
vn 0.6358 0.5447 0.5469
vn -0.8067 -0.5653 0.1722
vn 0.9606 0.0212 -0.2773
vn 0.7750 0.5573 -0.2980
vn 0.7340 0.4244 0.5303
vn 0.6674 0.5758 0.4722
vn -0.6545 -0.1672 0.7373
vn 0.8243 0.5569 -0.1016
vn 0.6815 0.6920 0.2381
vn 0.4603 0.8279 0.3205
vn 0.5152 0.6822 0.5188
vn 0.1236 -0.3209 0.9390
vn -0.9853 0.0088 0.1706
vn 0.7410 0.5849 0.3299
vn -0.5740 0.5664 0.5914
vn 0.6290 0.7772 -0.0139
vn -0.2831 0.8096 0.5142
vn 0.7187 0.5922 0.3643
vn 0.4176 0.8567 0.3029
vn -0.2994 -0.4149 0.8592
vn 0.8867 0.4149 0.2042
vn 0.4363 0.8967 -0.0741
vn 0.1241 0.9327 0.3385
vn -0.1383 0.9223 0.3608
vn 0.3899 0.8843 -0.2568
vn 0.3406 0.9402 -0.0058
vn -0.0119 0.8839 0.4675
vn 0.1446 -0.7717 -0.6193
vn -0.2039 0.8556 0.4758
vn 0.3569 0.8905 -0.2820
vn -0.2657 0.8542 0.4470
vn -0.1478 0.9363 0.3185
vn -0.9061 0.4114 -0.0988
vn -0.9524 0.0690 -0.2969
vn 0.3098 0.8706 -0.3822
vn -0.0037 0.9999 -0.0105
vn -0.0801 0.9875 0.1361
vn -0.2426 0.9440 0.2238
vn -0.2833 0.8852 0.3689
vn -0.1249 0.6961 0.7070
vn 0.9459 -0.0201 0.3240
vn -0.2495 0.8991 0.3598
vn 0.5697 0.5502 0.6105
vn -0.5943 0.3842 -0.7066
vn -0.2924 0.9435 -0.1558
vn -0.0451 0.9738 -0.2230
vn 0.2304 0.8653 0.4452
vn 0.4069 0.7840 0.4688
vn 0.3012 0.6457 0.7016
vn -0.0687 0.9972 0.0308
vn -0.3684 0.7559 0.5411
vn 0.8356 0.5475 0.0445
vn -0.4482 0.8563 -0.2567
vn 0.2515 0.9075 0.3364
vn 0.7456 0.6285 0.2214
vn 0.8315 0.2192 0.5104
vn 0.7199 0.6283 0.2950
vn -0.3709 0.9087 0.1918
vn -0.9784 0.1810 -0.0994
vn -0.0795 0.9637 -0.2550
vn 0.3248 0.9454 0.0254
vn 0.8823 0.4632 0.0833
vn 0.6948 0.0088 0.7192
vn 0.9627 -0.0324 0.2686
vn -0.8306 0.4875 -0.2693
vn -0.8221 -0.5693 0.0066
vn -0.0545 0.9984 -0.0129
vn 0.8696 0.3828 0.3118
vn 0.0291 -0.1995 -0.9795
vn -0.9907 0.1361 0.0069
vn -0.3292 0.3626 -0.8719
vn 0.9864 0.1492 0.0692
vn -0.4950 0.7145 -0.4944
vn -0.6342 -0.7731 0.0149
vn 0.7523 0.4886 0.4420
vn -0.7857 0.5913 0.1815
vn 0.9956 0.0757 -0.0552
vn -0.8828 -0.4160 0.2180
vn -0.8773 -0.4771 0.0527
vn 0.0709 -0.5254 0.8479
vn -0.3649 0.9016 -0.2323
vn 0.4345 0.8938 0.1108
vn 0.3033 0.8274 0.4727
vn 0.5011 0.7521 0.4281
vn 0.4940 0.8434 0.2115
vn -0.3016 0.8173 0.4910
vn 0.0430 0.2632 -0.9638
vn 0.2457 0.9688 0.0314
vn -0.1889 -0.7761 -0.6016
vn -0.1350 0.6699 0.7300
vn 0.6599 0.6901 0.2971
vn -0.2782 0.9228 0.2664
vn -0.2394 0.7022 0.6705
vn 0.3006 0.9155 -0.2674
vn 0.8563 0.3988 0.3282
vn 0.6712 0.6021 0.4325
vn 0.4786 0.8690 -0.1259
vn 0.3462 0.8990 0.2683
vn -0.4124 0.8489 0.3305
vn -0.8920 -0.2921 0.3449
vn 0.4695 0.8684 0.1595
vn 0.6866 0.7262 -0.0364
vn -0.0513 0.8411 0.5384
vn 0.5084 0.8050 0.3057
vn 0.7232 0.3586 0.5903
vn 0.0006 0.7857 0.6186
vn -0.0839 0.9900 -0.1137
vn 0.0674 0.9716 0.2270
vn 0.1988 0.9789 0.0468
vn 0.1369 0.8986 0.4169
vn 0.3619 0.9304 -0.0585
vn 0.5486 0.8202 0.1621
vn 0.6673 0.6072 0.4313
vn 0.0210 0.9989 -0.0419
vn -0.2030 0.7183 0.6655
vn -0.5538 -0.4093 0.7251
vn 0.1917 -0.8339 -0.5176
vn -0.3005 0.9372 -0.1771
vn 0.1410 0.9718 0.1892
vn -0.0047 0.7722 0.6354
vn -0.8465 0.5096 0.1543
vn -0.3790 0.9210 -0.0905
vn -0.1164 0.8249 0.5531
vn 0.7982 0.5728 -0.1863
vn 0.7949 0.5794 -0.1801
vn -0.1737 0.9808 0.0891
vn 0.2220 0.8294 0.5126
vn 0.2152 0.6876 0.6935
vn 0.2372 0.9362 0.2595
vn 0.4226 0.9063 0.0032
vn -0.0115 0.9154 0.4023
vn 0.9119 0.2510 0.3248
vn 0.1398 0.9557 0.2592
vn -0.3063 0.3689 0.8776
vn 0.1819 0.9787 0.0954
vn 0.2718 0.3557 0.8942
vn -0.1532 0.8846 0.4405
vn -0.2647 0.9129 0.3108
vn -0.6900 0.2806 0.6672
vn 0.6995 0.6648 0.2621
vn 0.9313 0.2962 0.2122
vn 0.1811 0.7457 0.6412
vn -0.8890 0.4472 0.0982
vn -0.8816 0.0936 -0.4627
vn 0.4439 0.8928 0.0759
vn -0.1504 0.9809 0.1236
vn 0.0535 0.9912 0.1213
vn 0.4081 0.8188 0.4037
vn 0.8639 0.4790 0.1557
vn -0.4319 0.7582 0.4884
vn -0.1269 0.9688 0.2128
vn -0.0287 0.9910 0.1306
vn 0.5480 0.7405 0.3891
vn 0.3124 0.8661 0.3902
vn -0.3160 0.7916 0.5231
vn 0.2557 0.3843 0.8871
vn 0.8434 0.4047 0.3534
vn 0.0563 0.9984 -0.0081
vn 0.1697 0.8740 0.4553
vn -0.3819 0.8626 0.3318
vn 0.3354 0.9181 0.2110
vn 0.2540 0.9643 -0.0753
vn 0.6226 0.6756 0.3948
vn 0.9960 0.0798 0.0391
vn 0.0829 0.9676 0.2386
vn -0.2056 0.8557 0.4749
vn 0.1212 0.9816 0.1477
vn 0.0784 0.5865 -0.8062
vn -0.9532 -0.2650 0.1454
vn -0.6113 0.4908 -0.6208
vn 0.3477 0.9292 0.1257
vn 0.6880 0.1107 0.7172
vn 0.2248 0.9727 0.0582
vn 0.0034 0.9381 0.3465
vn -0.6108 0.7166 0.3367
vn -0.8743 0.2098 0.4378
vn -0.9670 0.0146 0.2545
vn 0.6701 0.6850 0.2860
vn 0.2195 0.9401 0.2609
vn 0.2109 0.6600 0.7210
vn -0.9486 -0.3084 0.0716
vn -0.4835 0.8707 0.0899
vn 0.8220 0.4694 0.3224
vn 0.4279 0.9023 -0.0523
vn 0.8231 0.4915 0.2845
vn 0.2093 0.9776 0.0212
vn 0.8872 -0.3985 -0.2325
vn -0.9898 -0.1384 0.0338
vn -0.3156 0.8361 0.4487
vn -0.2569 0.9540 0.1545
vn -0.9224 -0.1244 -0.3657
vn -0.1153 0.9812 0.1548
vn 0.0108 0.9975 -0.0695
vn 0.3590 0.9187 -0.1649
vn -0.2302 0.7180 0.6569
vn -0.7402 0.6639 0.1066
vn 0.4989 0.8146 0.2958
vn -0.9003 0.4264 0.0876
vn -0.0901 0.9107 0.4032
vn 0.8608 0.1810 0.4757
vn 0.2454 0.8287 0.5030
vn 0.2541 0.7184 0.6476
vn 0.8151 0.5165 0.2623
vn -0.1025 0.9944 0.0254
vn -0.4472 -0.1262 0.8855
vn -0.1352 0.9399 0.3134
vn -0.4080 -0.4569 0.7904
vn 0.1653 0.9339 0.3170
vn -0.2505 0.8019 0.5424
vn 0.2751 0.5578 0.7831
vn 0.9688 0.1899 0.1596
vn 0.1373 0.9377 0.3192
vn 0.8079 0.5884 0.0335
vn 0.8093 0.5704 0.1405
vn 0.8326 0.5480 0.0801
vn 0.2925 0.9296 -0.2242
vn -0.1101 0.8772 0.4674
vn 0.0542 0.9985 0.0112
vn -0.7653 0.5560 0.3244
vn 0.1773 0.7947 0.5805
vn -0.8547 -0.4216 0.3028
vn 0.8054 0.5856 -0.0913
vn 0.7141 0.5769 0.3966
vn 0.8567 0.5101 -0.0768
vn 0.8103 0.5853 0.0283
vn 0.1850 0.9827 0.0015
vn 0.9118 0.2222 0.3452
vn 0.1388 0.9365 0.3221
vn -0.0091 0.9895 -0.1445
vn -0.4294 0.8981 -0.0947
vn -0.4538 0.8886 -0.0667
vn -0.5623 -0.2754 -0.7797
vn 0.8044 0.5930 -0.0341
vn -0.8696 -0.4091 0.2765
vn 0.1691 0.9270 0.3347
vn -0.2223 0.9391 0.2622
vn 0.4602 0.7286 0.5073
vn -0.1356 0.9824 0.1281
vn 0.0714 0.9788 0.1920
vn 0.2637 0.6406 0.7212
vn 0.8413 0.3842 0.3802
vn 0.1661 0.7432 0.6482
vn 0.8110 0.5845 -0.0261
vn 0.7130 0.5783 0.3964
vn 0.6035 0.6143 0.5084
vn 0.2379 -0.2209 -0.9458
vn 0.3800 -0.9074 -0.1793
vn 0.3214 0.9207 -0.2213
vn 0.6963 0.6657 0.2683
vn -0.0378 0.7998 0.5991
vn 0.8196 0.4939 0.2903
vn 0.2581 0.9361 -0.2389
vn -0.2457 0.9396 -0.2384
vn -0.6955 0.7055 0.1361
vn 0.8198 0.5464 0.1716
vn 0.8964 0.3996 0.1917
vn 0.3232 0.8646 0.3847
vn -0.4475 0.1349 0.8841
vn -0.9006 0.4196 0.1138
vn -0.1399 0.6242 0.7686
vn 0.7300 0.6714 0.1276
vn 0.6941 0.6410 0.3277
vn 0.2181 0.6766 0.7033
vn -0.5593 0.8273 0.0529
vn 0.1518 0.8774 0.4551
vn -0.0872 0.9944 -0.0599
vn 0.0076 0.9185 0.3954
vn 0.8087 0.5223 -0.2704
vn 0.8332 0.4788 -0.2766
vn 0.7918 0.5943 -0.1411
vn 0.5002 0.6841 0.5308
vn 0.5814 0.7651 0.2768
vn 0.4673 0.8089 0.3568
vn -0.6081 0.6526 -0.4521
vn 0.5963 0.7149 0.3652
vn 0.4924 0.6952 0.5237
vn -0.3693 0.8580 0.3570
vn 0.7139 0.7002 0.0083
vn 0.6798 0.7307 0.0626
vn 0.1801 0.9789 -0.0970
vn 0.1516 0.9798 -0.1301
vn -0.4162 0.7831 0.4621
vn 0.8333 0.5360 0.1354
vn -0.4670 0.7719 0.4314
vn 0.7511 0.6536 0.0929
vn 0.2042 0.9633 0.1740
vn 0.5051 -0.6983 0.5072
vn 0.7333 0.6796 -0.0188
vn 0.6532 0.5814 0.4850
vn 0.2791 0.9587 0.0543
vn -0.3101 -0.9352 0.1708
vn 0.1215 0.9594 0.2546
vn 0.1323 0.9912 0.0072
vn -0.9471 0.1738 -0.2698
vn 0.6846 0.7155 -0.1390
vn 0.7191 0.6949 0.0061
vn 0.6553 0.7522 0.0695
vn 0.5436 0.8026 0.2457
vn -0.4159 0.6739 -0.6107
vn -0.9636 -0.1471 0.2234
vn -0.6708 -0.7154 0.1954
vn -0.3735 0.8315 0.4112
vn -0.0722 0.6604 0.7475
vn 0.8048 0.5433 0.2391
vn 0.1877 0.5627 0.8051
vn -0.0622 0.1649 -0.9843
vn 0.7545 0.5958 0.2752
vn -0.2088 -0.6564 -0.7250
vn -0.0610 0.9516 0.3013
vn 0.1682 -0.9753 -0.1434
vn 0.3543 0.7130 0.6051
vn -0.5038 0.7978 -0.3311
vn 0.1450 0.6705 0.7276
vn -0.9147 0.0480 -0.4014
vn -0.2772 0.9442 0.1777
vn -0.0891 -0.5996 -0.7954
vn 0.6295 0.7556 -0.1811
vn 0.6219 0.7575 0.1988
vn 0.5154 0.7697 0.3768
vn -0.7029 0.6984 0.1347
vn -0.9045 -0.1930 -0.3802
vn -0.9110 -0.3951 0.1185
vn -0.8057 -0.5462 -0.2292
vn 0.6345 0.7508 -0.1834
vn 0.6343 0.7677 -0.0917
vn 0.4201 0.8113 0.4065
vn 0.7136 0.3019 0.6322
vn -0.0505 0.8116 -0.5820
vn 0.8196 0.5537 0.1472
vn -0.0385 0.8136 0.5801
vn 0.1329 0.9351 0.3284
vn 0.5831 0.8121 0.0198
vn 0.3392 0.8503 0.4025
vn 0.0965 0.7905 0.6048
vn 0.2238 0.9716 -0.0771
vn 0.2363 0.9198 0.3131
vn 0.8280 -0.0391 -0.5593
vn 0.0010 0.9186 0.3951
vn -0.0521 0.8499 0.5243
vn 0.7667 -0.3759 0.5204
vn 0.0995 0.8359 0.5398
vn 0.0402 0.2152 0.9757
vn -0.0641 0.8463 0.5288
vn 0.4537 0.8434 -0.2878
vn 0.5938 0.8008 -0.0789
vn 0.2882 0.8870 0.3609
vn 0.4077 0.8941 -0.1854
vn 0.1680 0.9816 0.0904
vn 0.3221 0.8486 0.4197
vn 0.4843 0.8712 0.0806
vn -0.9712 0.1654 -0.1714
vn -0.0826 0.9555 0.2832
vn -0.0447 0.9643 0.2609
vn -0.9100 0.2334 -0.3428
vn 0.6040 0.7589 -0.2433
vn 0.4924 0.8695 0.0391
vn 0.4989 0.6458 0.5780
vn -0.2593 0.9614 -0.0925
vn -0.4837 0.8740 0.0469
vn -0.9878 -0.1433 -0.0608
vn 0.5462 0.8265 -0.1360
vn 0.2666 0.9286 0.2581
vn 0.4969 0.7873 0.3649
vn 0.4785 0.7897 0.3839
vn 0.4502 0.7122 0.5386
vn -0.4527 0.8065 0.3802
vn 0.7633 0.4025 0.5053
vn -0.6189 0.5649 -0.5457
vn 0.0283 0.7250 0.6881
vn 0.5274 0.8395 -0.1311
vn 0.4976 0.8346 0.2363
vn -0.1976 0.7697 0.6071
vn -0.9773 -0.2097 0.0292
vn 0.7975 0.5306 0.2873
vn -0.8142 -0.0602 -0.5774
vn 0.4630 0.8837 -0.0693
vn 0.4766 0.8787 0.0265
vn -0.1709 0.9043 0.3911
vn -0.7928 -0.5620 0.2360
vn -0.1244 0.7058 0.6974
vn 0.3780 0.8495 0.3680
vn -0.9030 -0.3950 -0.1689
vn 0.8028 -0.5139 -0.3023
vn 0.3988 0.9160 0.0439
vn -0.0229 0.7235 0.6899
vn -0.8486 -0.4015 -0.3446
vn 0.2192 0.8809 0.4195
vn 0.1542 0.8908 0.4275
vn -0.2436 0.8183 0.5206
vn -0.0916 0.9938 -0.0624
vn 0.4098 0.8924 0.1889
vn 0.2165 0.7921 0.5707
vn 0.0899 0.7582 0.6458
vn -0.0503 -0.8343 -0.5490
vn 0.8392 0.5418 0.0472
vn 0.1766 0.8300 0.5290
vn -0.3663 -0.0629 -0.9284
vn 0.2776 0.9091 0.3105
vn 0.2593 0.9096 0.3247
vn -0.0743 -0.5660 -0.8211
vn 0.2684 0.8080 0.5245
vn -0.0930 0.6527 0.7519
vn -0.6660 -0.6968 0.2662
vn -0.8491 -0.5269 0.0376
vn -0.8880 -0.4558 0.0608
vn -0.7957 0.1541 -0.5857
vn 0.4326 0.8978 -0.0827
vn -0.1980 0.9121 0.3590
vn -0.4751 0.8069 0.3510
vn -0.8495 0.4962 0.1794
vn -0.2555 -0.8498 0.4611
vn -0.7685 0.4729 0.4311
vn -0.1378 -0.6416 -0.7546
vn -0.4650 0.2214 0.8572
vn -0.2694 -0.0188 0.9629
vn -0.4613 0.8855 0.0561
vn -0.6845 0.6109 0.3978
vn -0.7042 0.5973 0.3839
vn -0.4890 0.1576 0.8579
vn -0.5744 -0.0564 -0.8166
vn -0.1602 0.1260 0.9790
vn -0.0165 0.4996 0.8661
vn 0.1788 -0.8334 -0.5229
vn -0.1117 0.8011 0.5880
vn -0.4569 0.7316 0.5059
vn -0.6292 0.3241 0.7065
vn 0.3071 -0.2318 -0.9230
vn -0.8065 0.3980 0.4372
vn -0.2294 0.8348 0.5004
vn -0.5631 0.3450 -0.7509
vn -0.3565 0.3399 0.8703
vn -0.3274 -0.6627 -0.6736
vn -0.1827 -0.7143 -0.6756
vn -0.4702 0.6976 0.5405
vn -0.8589 -0.0959 0.5031
vn -0.5061 -0.5811 0.6373
vn -0.4779 0.8780 0.0281
vn -0.8094 -0.1882 0.5562
vn -0.4815 -0.6194 -0.6201
vn -0.7540 -0.5577 0.3471
vn 0.8145 -0.1409 -0.5628
vn -0.7829 -0.1234 0.6098
vn -0.8162 -0.4285 0.3876
vn -0.8025 -0.0920 0.5895
vn -0.1807 0.9250 0.3344
vn -0.3626 0.2316 0.9027
vn -0.7175 0.6876 -0.1119
vn -0.1909 -0.5331 -0.8242
vn 0.6352 -0.5673 -0.5240
vn -0.8262 -0.0371 0.5622
vn -0.2061 0.0931 0.9741
vn -0.5006 -0.1095 0.8587
vn -0.1894 -0.1049 0.9763
vn -0.7169 -0.2564 -0.6483
vn 0.0321 -0.9990 0.0318
vn 0.0958 -0.7083 -0.6994
vn 0.0545 0.0594 -0.9967
vn -0.7997 -0.1091 0.5904
vn -0.6368 -0.1775 0.7503
vn -0.6769 0.6651 0.3154
vn -0.8311 -0.0251 0.5555
vn -0.7391 -0.1979 0.6439
vn -0.7499 0.3076 0.5857
vn -0.7899 -0.3852 0.4771
vn -0.8513 -0.1264 0.5092
vn -0.5318 0.8352 0.1404
vn -0.8762 0.3746 0.3032
vn -0.8066 0.5173 0.2862
vn -0.7861 0.5084 0.3517
vn -0.4929 -0.7037 -0.5118
vn -0.6055 0.1187 0.7869
vn -0.2359 -0.4585 -0.8568
vn -0.5551 -0.2002 0.8073
vn -0.4265 -0.3532 0.8327
vn 0.7545 -0.6112 -0.2391
vn -0.5938 0.6834 0.4248
vn -0.2382 0.8302 0.5040
vn -0.6688 0.6567 0.3486
vn 0.7793 -0.1679 -0.6037
vn -0.8793 0.3746 0.2940
vn -0.4698 0.6063 0.6417
vn -0.8061 -0.3432 0.4821
vn 0.4558 -0.8840 -0.1036
vn -0.8515 -0.2000 0.4848
vn -0.7901 -0.3850 0.4769
vn -0.6575 -0.3656 0.6588
vn -0.8671 0.4212 0.2661
vn -0.7915 0.2247 0.5683
vn 0.1977 0.3845 -0.9017
vn -0.3411 0.8503 0.4007
vn -0.4917 -0.1302 -0.8610
vn -0.4485 -0.0671 0.8912
vn -0.4938 -0.4456 0.7467
vn -0.0024 0.2867 0.9580
vn 0.6372 -0.6874 0.3484
vn 0.5409 -0.8390 -0.0589
vn -0.6461 0.0804 0.7590
vn -0.9738 -0.2162 -0.0709
vn -0.4280 -0.8162 0.3882
vn -0.2635 -0.8787 0.3982
vn -0.4443 -0.7916 0.4196
vn -0.0383 -0.9536 0.2988
vn -0.5672 0.2625 -0.7807
vn -0.6504 -0.1289 0.7486
vn -0.1534 -0.3905 -0.9077
vn -0.2581 0.6948 0.6712
vn -0.4292 -0.4643 0.7747
vn 0.4133 -0.4294 0.8030
vn -0.8135 0.0103 0.5814
vn -0.9126 -0.1012 0.3962
vn -0.8636 -0.4736 -0.1730
vn -0.9249 -0.0196 0.3798
vn 0.1332 -0.9318 -0.3376
vn -0.2965 0.0324 -0.9545
vn -0.9043 0.3647 -0.2218
vn -0.6626 0.4100 0.6267
vn -0.4516 0.4321 0.7806
vn -0.6807 -0.1979 0.7053
vn 0.3358 0.1703 0.9264
vn -0.3617 -0.5520 0.7513
vn 0.8399 0.5131 0.1767
vn -0.4998 0.3286 0.8014
vn -0.5161 0.5275 0.6748
vn -0.4861 0.7721 0.4093
vn -0.8366 -0.2622 0.4810
vn -0.5498 0.6762 0.4904
vn -0.1800 0.9342 0.3081
vn 0.2520 -0.3200 0.9133
vn -0.6817 -0.1636 0.7131
vn -0.5130 0.4387 0.7378
vn -0.6904 -0.3509 0.6326
vn -0.6268 0.1168 0.7704
vn -0.2376 0.0431 0.9704
vn -0.6023 -0.2831 0.7464
vn -0.2420 0.8946 0.3758
vn 0.2300 -0.9732 -0.0062
vn -0.7090 -0.2353 0.6648
vn -0.6407 0.6029 0.4754
vn -0.3660 -0.0614 -0.9286
vn -0.5708 0.1408 -0.8089
vn -0.4416 -0.0515 0.8957
vn -0.5387 -0.2855 -0.7927
vn 0.1195 -0.4550 -0.8824
vn -0.5710 -0.0427 0.8198
vn -0.5363 -0.4250 0.7292
vn -0.6155 -0.1380 0.7760
vn -0.5518 -0.1201 0.8253
vn -0.4976 -0.4505 0.7412
vn -0.7120 0.4261 0.5581
vn -0.2938 0.9502 -0.1040
vn -0.5026 -0.3998 0.7665
vn -0.1211 0.0523 0.9913
vn -0.5459 -0.2528 0.7988
vn -0.9095 -0.2278 -0.3478
vn -0.5129 0.1004 -0.8526
vn -0.5625 -0.4499 0.6937
vn -0.6112 -0.3736 0.6977
vn 0.0413 -0.0759 0.9963
vn -0.0420 0.2041 -0.9781
vn -0.2315 0.3705 -0.8995
vn -0.4691 -0.1458 0.8710
vn 0.2352 0.0164 0.9718
vn -0.4076 0.8066 0.4281
vn -0.8928 0.4362 -0.1124
vn -0.4811 0.6237 0.6160
vn -0.5936 0.3058 0.7444
vn -0.4495 0.6898 0.5675
vn -0.2252 -0.0151 0.9742
vn 0.3581 0.1863 0.9149
vn -0.7525 0.1881 0.6312
vn -0.5168 0.1810 0.8367
vn -0.6042 0.4383 0.6655
vn -0.8803 -0.0070 0.4743
vn -0.4187 -0.3532 0.8366
vn -0.9079 0.1553 0.3892
vn -0.7073 -0.6699 0.2258
vn 0.3527 -0.8823 -0.3116
vn -0.6872 0.4118 0.5984
vn 0.0191 0.2768 -0.9607
vn -0.6149 0.1642 0.7713
vn -0.6127 -0.1275 0.7799
vn 0.0343 0.1548 -0.9873
vn -0.1086 0.0909 -0.9899
vn -0.2492 0.2070 -0.9461
vn 0.3794 0.1767 -0.9082
vn 0.1039 0.7018 0.7048
vn -0.2372 -0.4040 -0.8835
vn -0.4436 0.2738 0.8534
vn -0.9246 0.1816 -0.3348
vn -0.8181 0.5277 0.2287
vn -0.9226 -0.3396 -0.1829
vn -0.6507 0.0389 0.7583
vn -0.8282 -0.0253 0.5598
vn -0.1273 0.4345 -0.8917
vn -0.6393 0.1492 0.7543
vn -0.1262 0.7941 -0.5945
vn -0.6441 0.3197 -0.6950
vn -0.8500 -0.2558 0.4605
vn -0.9156 0.3391 0.2158
vn -0.7749 0.5880 -0.2319
vn 0.0757 -0.0688 -0.9948
vn -0.5152 0.4407 0.7351
vn -0.7137 0.4121 0.5664
vn -0.9918 0.1150 0.0563
vn -0.2830 0.8961 0.3420
vn -0.4058 -0.0519 0.9125
vn -0.7996 -0.0099 0.6005
vn -0.8602 0.1298 0.4931
vn -0.5734 -0.2243 0.7880
vn -0.5882 -0.0102 0.8086
vn -0.4671 0.3769 0.7998
vn -0.8480 0.2056 0.4885
vn -0.9024 0.3315 0.2753
vn -0.7593 0.5600 -0.3314
vn -0.4098 -0.0098 0.9121
vn -0.7009 0.1181 0.7034
vn -0.4140 -0.0144 0.9102
vn -0.6388 0.7299 0.2432
vn -0.7663 0.2519 0.5910
vn -0.5837 -0.5075 -0.6338
vn 0.0849 -0.4307 -0.8985
vn -0.9175 0.0714 -0.3913
vn -0.7569 -0.4801 0.4434
vn -0.5689 0.3880 0.7252
vn -0.4201 -0.8151 0.3988
vn -0.7035 0.5986 0.3832
vn -0.6266 0.3287 0.7066
vn -0.4367 -0.2410 0.8667
vn 0.1855 -0.8855 -0.4260
vn -0.8641 -0.3238 0.3853
vn -0.0858 -0.6879 0.7207
vn -0.8394 -0.0399 0.5421
vn -0.0551 -0.0531 0.9971
vn -0.4033 -0.3198 0.8573
vn -0.3194 0.3728 -0.8712
vn -0.1061 -0.0949 0.9898
vn 0.1771 -0.0387 0.9834
vn 0.1014 -0.9945 0.0265
vn 0.0222 -0.5504 0.8346
vn -0.4079 -0.0512 -0.9116
vn -0.5271 0.7033 0.4770
vn -0.9886 0.0943 -0.1176
vn -0.8328 -0.5302 0.1591
vn -0.5932 0.6457 0.4808
vn -0.1324 0.1157 0.9844
vn -0.1407 0.4134 -0.8996
vn -0.5798 0.5750 0.5773
vn -0.7434 0.1132 0.6591
vn -0.6039 0.6677 0.4353
vn -0.8903 0.1792 0.4187
vn -0.8822 0.3475 0.3178
vn -0.8199 0.1054 0.5627
vn -0.3613 0.9317 0.0379
vn -0.5761 0.0079 0.8173
vn -0.6966 0.2327 0.6787
vn -0.6693 0.3446 0.6582
vn -0.2863 0.8950 0.3422
vn -0.8073 -0.3131 0.5003
vn -0.9041 0.1141 0.4118
vn 0.1003 -0.2718 -0.9571
vn -0.8861 -0.0361 0.4620
vn -0.9384 0.3100 0.1526
vn -0.1848 0.9249 0.3322
vn 0.1414 0.3077 0.9409
vn -0.6650 -0.2245 0.7123
vn -0.9314 0.3469 -0.1105
vn -0.9147 0.1339 0.3813
vn -0.8992 0.2026 0.3879
vn -0.7623 0.5103 0.3982
vn -0.8306 -0.2485 0.4984
vn -0.1375 -0.1065 0.9848
vn -0.6042 0.4062 0.6855
vn -0.7899 0.0223 0.6129
vn -0.7893 0.0554 0.6115
vn -0.7586 -0.0061 0.6515
vn -0.6587 -0.4358 -0.6134
vn 0.6392 -0.4557 -0.6194
vn 0.9234 -0.1228 0.3636
vn -0.8534 -0.3409 0.3943
vn -0.4714 -0.1308 0.8722
vn -0.1815 -0.4041 -0.8965
vn 0.2885 0.2173 0.9325
vn -0.5954 -0.0692 0.8005
vn -0.0385 0.0611 -0.9974
vn -0.4870 0.6189 0.6163
vn -0.0519 0.7617 0.6458
vn -0.5716 -0.0977 0.8147
vn 0.6602 0.5849 0.4713
vn -0.2042 -0.0345 -0.9783
vn -0.3410 -0.1677 -0.9250
vn -0.7392 -0.0214 0.6731
vn -0.7627 0.0246 0.6463
vn -0.6426 0.6427 0.4170
vn -0.6844 0.1531 0.7129
vn -0.8955 0.3519 0.2726
vn -0.0129 -0.9295 0.3685
vn 0.1938 -0.8449 0.4986
vn -0.9471 -0.1069 0.3026
vn -0.6983 0.5572 0.4493
vn -0.7219 0.4705 0.5074
vn -0.8182 -0.2321 0.5260
vn -0.8024 0.1940 0.5644
vn -0.7112 0.2580 0.6539
vn -0.5041 0.0904 -0.8589
vn 0.2111 0.3544 -0.9110
vn -0.8752 0.2066 0.4374
vn -0.7893 0.4237 0.4443
vn 0.1668 -0.7563 0.6326
vn -0.7749 0.5024 0.3835
vn -0.7599 0.4562 0.4631
vn -0.4997 0.3334 0.7995
vn -0.3334 0.6498 0.6831
vn -0.6382 -0.3335 -0.6939
vn -0.2999 0.8281 0.4735
vn -0.4632 0.1555 -0.8725
vn -0.5427 -0.2921 -0.7875
vn -0.7925 -0.2241 0.5672
vn -0.7666 -0.0908 0.6356
vn -0.8145 -0.0052 0.5801
vn -0.7656 0.3498 0.5399
vn -0.5760 0.6557 0.4882
vn -0.1896 0.6097 0.7696
vn -0.3796 -0.8570 0.3485
vn -0.4965 0.2083 0.8426
vn -0.8590 -0.2602 0.4408
vn -0.7043 -0.5194 0.4839
vn -0.7282 0.5623 0.3918
vn -0.4500 0.8100 0.3762
vn -0.8997 -0.0612 0.4323
vn -0.7826 0.1766 0.5969
vn -0.9166 -0.3036 0.2601
vn -0.4299 0.1016 0.8972
vn -0.4575 0.6812 0.5716
vn -0.8876 -0.2973 -0.3519
vn 0.6775 0.4613 0.5729
vn -0.2594 -0.8463 0.4653
vn -0.8145 -0.3878 0.4314
vn -0.5681 -0.5721 0.5915
vn -0.4510 0.6664 0.5938
vn -0.6760 -0.2279 -0.7008
vn -0.2284 -0.8766 0.4236
vn -0.6929 -0.2090 0.6900
vn -0.8811 0.3767 0.2858
vn -0.6107 0.6798 0.4061
vn -0.5363 0.4593 0.7081
vn 0.2902 0.8378 -0.4625
vn -0.8103 -0.3147 0.4943
vn -0.7470 0.1932 0.6361
vn -0.3612 0.7161 0.5973
vn -0.3915 0.3946 0.8313
vn 0.2144 -0.9463 -0.2419
vn -0.6266 0.2082 0.7510
vn -0.7034 0.5655 0.4307
vn -0.1319 0.5988 0.7900
vn -0.1999 -0.7775 0.5962
vn -0.5264 0.4650 0.7118
vn -0.3793 0.7313 0.5669
vn -0.3724 0.7554 0.5392
vn -0.2986 0.8472 0.4394
vn -0.5593 0.7198 0.4112
vn 0.0907 -0.0991 -0.9909
vn -0.0450 -0.3063 -0.9509
vn -0.5527 0.3371 -0.7621
vn -0.6979 0.2568 0.6685
vn -0.4119 0.0231 -0.9109
vn -0.8197 -0.3059 0.4843
vn -0.8903 0.4553 -0.0085
vn -0.4564 -0.3902 0.7996
vn -0.1889 0.2019 -0.9610
vn -0.5866 0.5368 0.6064
vn -0.6096 0.6954 0.3805
vn -0.7440 0.4777 0.4672
vn -0.7510 0.2610 0.6065
vn -0.8536 0.2800 0.4392
vn -0.3513 -0.1259 -0.9277
vn -0.5201 -0.4141 -0.7470
vn 0.1861 -0.5672 -0.8023
vn -0.7392 0.3182 -0.5936
vn -0.7675 -0.2703 0.5813
vn -0.8181 -0.0472 0.5732
vn -0.7567 -0.0914 0.6474
vn -0.6809 0.2643 0.6830
vn -0.3439 -0.2164 0.9137
vn -0.9119 0.1180 0.3930
vn -0.4502 0.7785 0.4373
vn -0.6948 -0.0665 0.7161
vn -0.6493 0.4679 0.5995
vn -0.5241 0.7441 0.4143
vn -0.0174 -0.1935 -0.9809
vn -0.1575 -0.5320 0.8320
vn -0.0823 -0.0361 -0.9960
vn -0.7216 -0.0115 0.6922
vn -0.8972 0.0183 0.4412
vn 0.8975 -0.3368 -0.2848
vn 0.0785 0.1279 -0.9887
vn -0.8624 0.3123 0.3985
vn -0.8610 0.3321 0.3851
vn 0.2687 -0.5596 -0.7840
vn -0.8072 0.4371 0.3968
vn -0.7334 0.4268 0.5291
vn -0.3108 -0.3629 -0.8785
vn -0.5721 -0.1382 -0.8085
vn -0.0168 -0.4821 -0.8759
vn -0.7955 0.0237 0.6055
vn -0.5724 0.0493 -0.8185
vn -0.7852 -0.0304 0.6186
vn -0.9148 0.2648 0.3050
vn -0.9069 0.2215 0.3585
vn -0.6357 0.5869 0.5014
vn -0.2045 0.2547 -0.9452
vn -0.4741 0.7567 0.4502
vn -0.4384 0.5100 0.7400
vn -0.5472 0.5707 0.6122
vn -0.4046 0.7470 0.5276
vn -0.8110 -0.5480 -0.2050
vn 0.1395 0.0581 -0.9885
vn -0.6995 -0.3259 0.6359
vn -0.6946 0.2634 0.6695
vn -0.2304 -0.2944 -0.9275
vn -0.7807 0.3530 0.5157
vn -0.4878 0.6926 0.5314
vn -0.1944 0.6803 0.7066
vn -0.8312 0.1270 0.5413
vn -0.8514 -0.2826 0.4418
vn -0.3648 0.7779 0.5117
vn 0.0534 -0.9968 -0.0601
vn -0.7375 0.1485 0.6588
vn -0.7753 0.0343 0.6307
vn -0.6110 -0.0096 0.7916
vn -0.8420 0.2084 0.4976
vn -0.8577 0.2582 0.4446
vn -0.7122 0.4522 0.5369
vn -0.6231 0.5679 0.5378
vn -0.0685 0.0839 0.9941
vn -0.4659 0.7983 0.3816
vn -0.5654 0.3021 0.7675
vn -0.6774 -0.2325 0.6980
vn -0.6109 0.7235 -0.3216
vn -0.5882 0.5880 0.5552
vn -0.5815 0.5487 0.6007
vn -0.6802 0.2052 0.7037
vn -0.6040 -0.4512 0.6570
vn 0.9167 0.3992 0.0166
vn -0.1149 0.2714 -0.9556
vn -0.5558 0.3698 -0.7445
vn 0.0556 0.8989 -0.4346
vn -0.9290 -0.1531 -0.3369
vn 0.2445 0.8143 -0.5265
vn -0.8319 -0.0049 -0.5548
vn -0.2719 0.5345 -0.8003
vn -0.5857 -0.2074 -0.7835
vn -0.9907 0.1275 0.0476
vn -0.9988 0.0456 -0.0151
vn -0.6808 0.1365 -0.7196
vn -0.8736 -0.1759 -0.4537
vn -0.7029 -0.4321 -0.5650
vn -0.9497 0.0707 -0.3051
vn -0.5321 -0.4846 -0.6943
vn 0.2240 -0.9116 -0.3446
vn 0.2110 0.8532 -0.4770
vn -0.9426 -0.0065 -0.3340
vn -0.8006 -0.2708 -0.5345
vn -0.8913 -0.1002 -0.4422
vn -0.3691 -0.5522 -0.7475
vn -0.7265 -0.5624 -0.3950
vn -0.8639 0.4088 0.2942
vn -0.9491 0.0736 -0.3063
vn -0.9443 -0.0678 -0.3219
vn -0.8533 0.1278 -0.5055
vn -0.9587 -0.1412 -0.2469
vn -0.8515 -0.3132 -0.4206
vn -0.7073 -0.5017 -0.4980
vn -0.9765 0.1171 -0.1809
vn -0.6555 -0.5848 -0.4778
vn -0.4189 -0.6949 -0.5845
vn -0.4128 -0.7030 -0.5792
vn 0.2996 0.6528 -0.6958
vn -0.8464 -0.3188 -0.4266
vn -0.9374 -0.1576 -0.3107
vn -0.9872 0.1562 0.0307
vn -0.9654 0.1447 -0.2168
vn -0.4118 -0.6754 -0.6117
vn -0.8264 -0.3801 -0.4155
vn -0.9806 0.1555 -0.1190
vn -0.4181 -0.6595 -0.6247
vn -0.9863 0.1639 -0.0192
vn -0.7751 -0.4987 -0.3879
vn -0.7993 -0.4552 -0.3922
vn -0.8608 -0.3900 -0.3269
vn -0.4626 -0.7397 -0.4887
vn -0.8094 -0.4468 -0.3810
vn -0.7792 0.5589 0.2837
vn -0.9690 0.1864 -0.1622
vn -0.9824 0.0422 -0.1820
vn -0.9691 -0.1322 -0.2082
vn -0.4730 -0.7247 -0.5010
vn 0.7091 0.4325 0.5569
vn -0.9275 -0.2748 -0.2533
vn -0.9385 -0.2179 -0.2679
vn -0.4897 0.8647 -0.1119
vn 0.6201 0.2013 -0.7583
vn -0.9365 -0.2607 -0.2347
vn -0.9269 0.2616 0.2690
vn -0.1054 0.8456 -0.5232
vn -0.2756 0.7072 -0.6511
vn -0.4987 -0.8584 -0.1203
vn -0.9705 0.2168 -0.1058
vn -0.9838 -0.0456 -0.1735
vn -0.4912 -0.7475 -0.4472
vn 0.3296 0.1736 0.9280
vn -0.1232 0.7640 -0.6334
vn -0.4957 -0.7377 -0.4583
vn -0.0242 0.8721 -0.4887
vn -0.8517 0.4606 0.2499
vn -0.8591 -0.4186 -0.2945
vn -0.9934 -0.1049 0.0470
vn 0.2293 0.3438 -0.9106
vn 0.1753 0.5872 -0.7902
vn -0.7562 0.0483 -0.6526
vn -0.9836 0.0235 -0.1789
vn -0.7423 -0.3969 -0.5398
vn -0.7961 -0.4072 -0.4477
vn -0.8005 0.0648 -0.5958
vn -0.7729 0.1017 -0.6263
vn -0.8575 0.2445 -0.4527
vn -0.7262 0.4199 -0.5443
vn -0.2019 0.2517 -0.9465
vn -0.9377 0.3009 -0.1739
vn -0.9964 -0.0621 -0.0585
vn -0.7361 -0.1275 0.6648
vn -0.8510 0.4967 0.1702
vn -0.2737 0.8726 -0.4046
vn 0.0370 0.8690 -0.4935
vn -0.7779 -0.3536 -0.5195
vn -0.8513 0.2769 -0.4456
vn -0.6712 0.5679 -0.4764
vn -0.5550 -0.7442 -0.3718
vn -0.9540 -0.2864 -0.0886
vn -0.0724 0.7772 -0.6250
vn -0.7940 -0.3555 -0.4932
vn -0.4959 0.6097 -0.6183
vn -0.9670 -0.1960 -0.1626
vn -0.8378 -0.4758 -0.2677
vn -0.2967 0.9540 -0.0431
vn -0.9573 -0.2345 0.1692
vn -0.7316 -0.2027 -0.6509
vn -0.7217 -0.2534 -0.6441
vn -0.9236 -0.2943 -0.2455
vn -0.9725 0.0024 -0.2330
vn -0.7755 0.2172 -0.5929
vn 0.4272 0.5394 0.7256
vn -0.9165 0.1954 0.3491
vn -0.9273 0.3578 -0.1101
vn -0.8346 -0.4796 -0.2712
vn 0.6247 -0.3494 -0.6983
vn -0.4436 0.8582 -0.2583
vn -0.7813 -0.1901 -0.5945
vn -0.8464 -0.2755 -0.4558
vn -0.9638 -0.0203 -0.2659
vn -0.7822 0.2561 -0.5679
vn -0.6968 0.6089 -0.3792
vn -0.4940 0.8150 -0.3029
vn -0.5693 0.8175 0.0875
vn -0.9858 -0.0365 -0.1641
vn -0.5612 -0.7333 -0.3839
vn -0.9673 -0.2518 -0.0308
vn -0.9319 0.2816 0.2284
vn -0.7987 -0.3265 -0.5055
vn -0.8870 -0.3571 -0.2927
vn -0.8904 0.3512 -0.2897
vn -0.8693 0.3770 -0.3197
vn -0.9826 -0.1389 -0.1230
vn -0.9814 -0.0636 -0.1809
vn 0.3404 0.8080 -0.4808
vn 0.1853 -0.2074 0.9605
vn -0.8179 -0.2964 -0.4932
vn -0.9621 -0.2706 0.0323
vn -0.8978 -0.3517 -0.2652
vn -0.9213 -0.1860 -0.3414
vn -0.9253 -0.1772 -0.3353
vn -0.7867 -0.3059 -0.5363
vn -0.9688 -0.0187 -0.2470
vn -0.8571 0.4261 -0.2894
vn -0.5878 -0.7358 -0.3363
vn -0.9795 -0.1983 -0.0363
vn -0.8395 -0.3543 0.4119
vn -0.8693 0.1758 -0.4620
vn 0.1249 0.6978 -0.7054
vn -0.7371 -0.1554 -0.6577
vn -0.8978 -0.4148 -0.1478
vn -0.9084 -0.3320 -0.2542
vn -0.8359 0.1332 -0.5324
vn -0.9171 0.2203 0.3324
vn -0.8477 -0.4728 -0.2404
vn -0.6056 -0.7001 -0.3784
vn -0.8994 0.3392 0.2759
vn -0.9001 0.1768 -0.3983
vn -0.6887 0.6152 -0.3837
vn -0.9097 -0.1205 -0.3975
vn -0.8868 -0.2913 -0.3588
vn -0.9089 -0.3294 -0.2558
vn -0.9748 -0.1443 -0.1702
vn -0.9551 0.0778 -0.2859
vn -0.4433 0.0515 -0.8949
vn -0.6696 0.3739 -0.6417
vn -0.9057 -0.0180 0.4236
vn -0.0655 0.7472 -0.6613
vn -0.9505 -0.1878 0.2477
vn -0.8386 0.5073 -0.1984
vn -0.8417 -0.0655 -0.5360
vn -0.9476 -0.1960 -0.2521
vn -0.8819 -0.4260 -0.2020
vn -0.9560 -0.2313 -0.1803
vn -0.7869 -0.2452 -0.5662
vn -0.0794 0.0128 -0.9968
vn -0.6325 -0.7727 -0.0543
vn -0.9935 0.0486 -0.1026
vn -0.9666 -0.1727 -0.1894
vn -0.5978 -0.7013 -0.3882
vn -0.9867 -0.1611 0.0195
vn -0.9020 0.3530 0.2486
vn 0.0500 0.1765 -0.9830
vn -0.8545 -0.4805 0.1974
vn -0.6346 0.3452 -0.6915
vn -0.6350 0.3471 -0.6902
vn -0.2368 0.4011 -0.8849
vn -0.3149 0.8570 -0.4080
vn -0.9327 -0.2549 -0.2553
vn -0.8822 -0.2125 -0.4203
vn -0.9918 -0.0544 -0.1156
vn -0.9081 0.4064 -0.1015
vn -0.9400 0.3311 -0.0825
vn -0.9595 -0.2240 -0.1710
vn -0.9971 -0.0750 0.0091
vn -0.8101 0.1319 -0.5713
vn -0.7843 0.5098 -0.3536
vn -0.3140 0.9162 -0.2491
vn -0.5569 0.7176 -0.4181
vn -0.9558 0.0865 -0.2810
vn -0.9081 -0.0335 -0.4174
vn -0.9160 -0.2819 -0.2853
vn -0.9027 -0.3208 -0.2867
vn -0.9526 -0.1497 -0.2648
vn -0.8676 -0.1466 -0.4751
vn -0.8515 0.5090 0.1259
vn -0.4729 -0.7551 -0.4542
vn -0.7218 -0.6789 -0.1343
vn -0.0521 0.6972 -0.7150
vn -0.5173 0.6309 -0.5783
vn -0.7051 0.4828 -0.5194
vn 0.1239 -0.7990 -0.5885
vn -0.9058 -0.0394 -0.4219
vn -0.8927 -0.2772 -0.3552
vn -0.9050 -0.2361 -0.3540
vn -0.9432 0.0015 -0.3322
vn -0.9347 -0.3531 -0.0404
vn -0.6465 0.1746 -0.7427
vn -0.5903 -0.6918 -0.4160
vn -0.6837 -0.0055 -0.7298
vn -0.5986 0.7548 -0.2682
vn -0.7038 0.6783 -0.2113
vn -0.3261 0.9230 -0.2042
vn -0.5383 0.7703 -0.3419
vn 0.0150 0.5627 -0.8265
vn -0.3790 0.7653 -0.5202
vn -0.9337 0.3553 -0.0454
vn -0.7491 0.5878 -0.3054
vn -0.8070 -0.5183 -0.2831
vn -0.7385 0.2668 -0.6192
vn -0.7096 0.4771 -0.5186
vn -0.9684 0.1296 -0.2133
vn -0.9763 -0.1139 -0.1842
vn -0.7696 -0.3095 -0.5585
vn 0.0626 0.8416 -0.5365
vn -0.9850 0.0593 0.1620
vn -0.9928 0.0863 -0.0834
vn -0.8495 0.5251 0.0514
vn -0.6980 -0.5350 -0.4760
vn -0.8844 -0.4442 -0.1434
vn -0.9970 -0.0773 -0.0012
vn -0.9649 -0.2012 -0.1688
vn 0.3610 -0.8766 -0.3183
vn -0.8774 0.4567 -0.1467
vn -0.8565 0.4839 -0.1797
vn -0.7106 0.6747 -0.1997
vn -0.9558 0.1616 -0.2456
vn -0.8308 0.4207 -0.3644
vn -0.9737 -0.1264 -0.1897
vn -0.9750 -0.0596 -0.2140
vn -0.8852 -0.2636 -0.3833
vn -0.8483 -0.2616 -0.4603
vn -0.7146 -0.4448 -0.5400
vn -0.6830 -0.6887 -0.2434
vn -0.9930 0.0499 0.1074
vn -0.9484 0.2632 0.1771
vn 0.4677 0.3015 -0.8309
vn -0.0517 -0.9986 0.0052
vn -0.9298 -0.2475 -0.2724
vn 0.5881 0.1592 -0.7929
vn 0.0479 0.4142 -0.9089
vn -0.8207 0.5484 -0.1606
vn -0.7649 0.5376 -0.3548
vn -0.8094 -0.1884 0.5562
vn -0.7757 -0.4275 0.4642
vn -0.4847 -0.1250 -0.8657
vn -0.7157 -0.6881 -0.1192
vn -0.8737 0.4731 -0.1132
vn 0.3519 0.2419 -0.9042
vn -0.6461 -0.4579 0.6107
vn -0.8989 -0.2133 -0.3826
vn -0.9558 0.1304 -0.2637
vn -0.8173 0.4784 -0.3212
vn -0.5807 0.7802 -0.2326
vn -0.6040 0.7657 -0.2211
vn -0.9309 0.2765 -0.2388
vn -0.9427 -0.2709 -0.1948
vn -0.0286 0.8129 -0.5817
vn -0.0392 0.8233 -0.5663
vn -0.9762 -0.1942 -0.0962
vn -0.9454 0.2980 -0.1321
vn -0.9169 0.3929 0.0702
vn -0.8914 -0.3139 0.3270
vn -0.7786 -0.5975 -0.1915
vn -0.9917 -0.0483 -0.1193
vn -0.8845 -0.4468 -0.1342
vn -0.7302 0.6177 -0.2919
vn -0.9371 0.0728 0.3413
vn -0.8650 -0.1907 -0.4641
vn -0.9486 -0.0764 -0.3072
vn 0.2078 0.3101 -0.9277
vn 0.0820 0.9675 -0.2394
vn -0.5496 0.7627 -0.3410
vn -0.9910 -0.0573 0.1210
vn -0.9496 0.2131 -0.2299
vn -0.8444 0.4469 -0.2954
vn -0.7061 0.6394 -0.3043
vn -0.9226 -0.0331 -0.3843
vn -0.9610 -0.0726 -0.2669
vn -0.8852 -0.3107 -0.3463
vn -0.3188 0.5419 -0.7776
vn -0.2690 -0.9342 0.2343
vn -0.1312 -0.9909 0.0306
vn -0.8927 0.4224 0.1569
vn -0.9069 0.2974 -0.2983
vn -0.9804 0.1953 -0.0243
vn -0.7661 -0.1351 -0.6283
vn -0.3253 -0.8723 -0.3650
vn -0.9592 0.2572 0.1174
vn -0.8527 0.5160 0.0819
vn -0.8125 -0.5613 -0.1574
vn -0.6479 -0.6989 -0.3030
vn -0.6871 0.5519 -0.4726
vn -0.6294 0.6758 -0.3836
vn -0.0003 0.2062 -0.9785
vn 0.2354 0.8156 -0.5286
vn -0.0676 0.2649 -0.9619
vn -0.6535 -0.5978 -0.4642
vn 0.5603 0.8122 -0.1625
vn -0.7453 -0.3839 -0.5451
vn -0.7089 -0.0092 -0.7052
vn -0.6992 -0.0183 -0.7147
vn 0.5286 0.6436 -0.5535
vn -0.2275 0.6709 -0.7058
vn -0.6578 -0.7335 -0.1712
vn -0.9161 -0.3993 0.0356
vn -0.7815 -0.5987 -0.1755
vn 0.6455 0.4573 -0.6118
vn -0.9965 -0.0658 0.0510
vn -0.9891 0.1085 0.0994
vn -0.7433 -0.3831 -0.5484
vn -0.9842 -0.1427 -0.1053
vn -0.8449 -0.5272 0.0906
vn -0.8884 -0.4085 -0.2095
vn -0.8007 -0.5553 -0.2247
vn -0.9953 0.0892 0.0381
vn -0.9038 0.4279 -0.0005
vn -0.9852 -0.1307 0.1114
vn -0.7600 -0.0877 -0.6440
vn -0.8316 -0.0218 -0.5550
vn -0.7003 -0.1404 -0.6999
vn -0.9865 -0.0991 -0.1300
vn -0.8613 0.4153 0.2927
vn -0.2516 -0.4773 -0.8420
vn -0.8358 -0.5419 -0.0884
vn -0.9983 -0.0329 0.0476
vn -0.9330 0.2794 0.2267
vn -0.5889 0.4433 -0.6758
vn 0.5818 -0.0121 -0.8132
vn -0.9445 -0.0920 0.3153
vn -0.9806 0.1808 -0.0756
vn -0.9694 0.2351 -0.0709
vn 0.2950 0.8281 -0.4767
vn 0.3147 0.2547 -0.9144
vn -0.1865 0.7413 -0.6447
vn -0.8318 -0.0236 -0.5545
vn -0.6869 0.3191 -0.6530
vn -0.6695 0.6491 0.3610
vn -0.6149 0.7136 0.3356
vn -0.8950 0.3890 0.2183
vn 0.8818 -0.4539 -0.1284
vn -0.9556 -0.2350 0.1777
vn -0.8684 0.3812 0.3172
vn -0.5347 0.8449 -0.0140
vn -0.8374 -0.4537 0.3049
vn -0.6060 0.3644 -0.7071
vn -0.5286 0.8487 -0.0177
vn -0.9961 0.0845 0.0257
vn 0.5869 0.2927 -0.7549
vn 0.6997 0.5648 -0.4376
vn 0.0792 0.8795 -0.4692
vn -0.2297 0.6091 -0.7591
vn -0.6758 -0.1369 -0.7243
vn -0.7265 0.2600 -0.6361
vn -0.7103 0.1409 -0.6896
vn 0.1873 0.1212 -0.9748
vn -0.8057 -0.5717 -0.1547
vn -0.7608 -0.5450 -0.3524
vn -0.9229 0.3248 -0.2067
vn -0.8840 -0.4177 -0.2100
vn -0.9734 0.2292 -0.0030
vn -0.9961 0.0846 0.0256
vn -0.8288 -0.4659 0.3099
vn 0.2140 0.4644 -0.8594
vn 0.4396 0.3772 -0.8152
vn 0.3378 0.6659 -0.6651
vn -0.5096 0.7251 -0.4632
vn -0.8366 -0.3116 -0.4506
vn -0.8716 -0.0374 -0.4888
vn 0.0256 -0.9995 -0.0166
vn -0.1888 -0.9374 -0.2925
vn -0.1248 0.7286 -0.6735
vn -0.0954 0.8752 -0.4742
vn -0.8601 -0.4343 -0.2674
vn -0.6336 0.6738 -0.3801
vn -0.9851 0.1352 -0.1061
vn -0.8089 -0.5746 -0.1242
vn -0.9009 -0.3821 -0.2057
vn -0.9469 -0.2758 -0.1654
vn 0.1267 0.7530 -0.6457
vn -0.7713 -0.2134 -0.5996
vn 0.5707 0.2970 -0.7656
vn 0.0965 -0.9949 0.0289
vn -0.6466 -0.4282 -0.6314
vn -0.7122 -0.1025 -0.6945
vn -0.7854 0.1854 -0.5906
vn -0.7580 0.2453 -0.6043
vn -0.7411 0.1888 -0.6443
vn -0.6248 0.2242 -0.7479
vn -0.6543 0.3298 -0.6806
vn -0.8605 0.0610 -0.5058
vn -0.2203 0.0488 -0.9742
vn 0.3668 0.2940 -0.8826
vn 0.2067 0.4469 -0.8704
vn -0.9801 0.1894 0.0588
vn -0.6091 0.7234 -0.3251
vn -0.3694 -0.0821 -0.9256
vn -0.6836 0.3367 -0.6475
vn -0.6568 -0.1185 0.7447
vn -0.5751 0.0541 -0.8163
vn -0.0616 0.3356 -0.9400
vn -0.7794 -0.2969 -0.5517
vn -0.8219 0.2222 -0.5245
vn -0.1982 0.7821 -0.5909
vn 0.1761 0.4458 -0.8776
vn -0.4811 -0.3560 -0.8011
vn 0.1875 0.6481 -0.7381
vn -0.9672 0.1457 -0.2079
vn -0.8002 -0.5218 -0.2956
vn -0.8392 0.0752 -0.5386
vn -0.7748 -0.0896 -0.6259
vn -0.6692 0.6528 -0.3549
vn -0.7295 0.3725 -0.5737
vn 0.2906 -0.8369 -0.4638
vn -0.7896 -0.3202 -0.5234
vn -0.7193 -0.3385 -0.6067
vn -0.7458 -0.1155 -0.6560
vn -0.6728 -0.2370 -0.7009
vn -0.7517 -0.0857 -0.6539
vn 0.3099 -0.9240 0.2242
vn -0.0736 0.6092 -0.7896
vn 0.2612 -0.1160 -0.9583
vn 0.0020 -0.9995 -0.0302
vn -0.7495 -0.0329 -0.6612
vn -0.9412 0.3378 0.0006
vn -0.6692 0.3742 -0.6419
vn -0.8574 0.2500 -0.4498
vn -0.9642 -0.2027 -0.1708
vn -0.9216 -0.2554 -0.2924
vn -0.4659 -0.8408 -0.2756
vn -0.4957 -0.8338 -0.2430
vn -0.4624 -0.8428 -0.2753
vn -0.7689 -0.3694 -0.5219
vn -0.8854 -0.2429 -0.3963
vn -0.7583 -0.5554 -0.3414
vn -0.8470 -0.0770 -0.5260
vn -0.7819 -0.2934 -0.5500
vn -0.7634 0.3107 -0.5662
vn -0.6805 0.4072 -0.6092
vn -0.6605 0.4614 -0.5923
vn 0.1095 0.5894 -0.8004
vn 0.0763 0.9106 -0.4062
vn 0.0761 0.5807 -0.8105
vn -0.1144 -0.7776 0.6183
vn -0.5413 0.3044 -0.7838
vn -0.6021 0.1337 -0.7872
vn -0.9866 0.0581 -0.1526
vn -0.9617 -0.0080 -0.2740
vn -0.9309 0.3550 0.0856
vn -0.9783 0.1430 -0.1497
vn -0.0205 0.4389 -0.8983
vn -0.8048 -0.4284 0.4108
vn -0.8930 -0.4200 -0.1620
vn -0.7372 0.6542 0.1691
vn -0.6244 0.6824 -0.3801
vn -0.7229 0.4431 -0.5302
vn -0.8804 0.0001 -0.4741
vn -0.6062 -0.6094 -0.5110
vn -0.5991 -0.6145 -0.5132
vn -0.9156 0.1382 -0.3776
vn -0.7650 0.3353 -0.5498
vn -0.2530 0.9236 -0.2880
vn -0.9652 -0.0990 0.2422
vn 0.6408 0.5732 -0.5107
vn -0.7789 0.6228 0.0734
vn 0.6385 0.5386 0.5497
vn -0.9099 0.0975 -0.4033
vn -0.9169 -0.1236 -0.3796
vn -0.4936 -0.8319 -0.2536
vn -0.8392 -0.4908 -0.2343
vn -0.8056 -0.3041 -0.5084
vn -0.9396 -0.1482 -0.3084
vn -0.9535 -0.0468 -0.2979
vn -0.9225 0.0946 -0.3743
vn -0.8978 0.1421 -0.4167
vn -0.7531 0.0253 -0.6574
vn -0.6955 0.2056 -0.6884
vn -0.9619 0.0704 -0.2641
vn -0.9370 -0.3492 -0.0138
vn -0.0022 -0.9995 0.0314
vn -0.7136 0.5140 -0.4760
vn -0.7522 0.4451 -0.4858
vn -0.7029 0.6968 -0.1430
vn -0.6755 0.7230 -0.1450
vn -0.9372 -0.0237 0.3480
vn -0.6263 0.3813 -0.6800
vn -0.8162 -0.5496 0.1780
vn -0.6233 0.7322 -0.2746
vn -0.8896 0.2801 -0.3607
vn -0.6017 -0.6142 -0.5106
vn -0.7609 -0.6470 0.0502
vn -0.9051 -0.2597 -0.3366
vn -0.8095 -0.5558 -0.1891
vn -0.6403 0.2791 -0.7156
vn -0.8129 0.0390 -0.5811
vn -0.6564 0.3106 -0.6875
vn -0.8264 0.2263 -0.5156
vn -0.6895 0.3224 -0.6486
vn -0.6680 0.3473 -0.6582
vn -0.7306 0.3227 -0.6017
vn -0.9884 0.1515 -0.0140
vn -0.5676 0.5584 -0.6050
vn -0.7383 0.3724 -0.5623
vn -0.3840 0.8572 -0.3431
vn -0.6073 -0.6201 -0.4967
vn -0.9189 -0.2460 -0.3085
vn -0.9937 -0.0514 -0.0998
vn -0.9916 -0.0763 -0.1040
vn -0.9025 0.1480 -0.4046
vn -0.8402 0.3353 -0.4263
vn -0.6491 0.2856 -0.7050
vn -0.8136 0.2948 -0.5011
vn -0.7855 -0.0000 -0.6189
vn -0.7284 0.5918 -0.3453
vn -0.5456 0.8354 0.0659
vn -0.8537 0.4869 -0.1848
vn -0.5931 0.6521 -0.4722
vn -0.8578 0.5057 -0.0922
vn -0.9923 0.0802 -0.0939
vn -0.9690 -0.1292 -0.2107
vn -0.6500 -0.5859 -0.4840
vn -0.8310 -0.4442 -0.3348
vn -0.8103 -0.5528 -0.1944
vn -0.9117 -0.0546 -0.4073
vn -0.8669 0.2432 -0.4352
vn -0.8724 0.3107 -0.3773
vn -0.8791 0.2963 -0.3734
vn -0.8544 0.1704 -0.4910
vn -0.8881 -0.0655 -0.4549
vn -0.8912 0.0036 -0.4536
vn -0.8654 0.2062 -0.4567
vn -0.6773 0.1406 -0.7221
vn -0.7931 0.3310 -0.5113
vn -0.6402 0.6514 -0.4073
vn -0.6689 0.7123 0.2126
vn -0.9548 0.2015 -0.2187
vn -0.9062 -0.3842 -0.1768
vn -0.9988 0.0289 0.0392
vn -0.6476 -0.7306 -0.2164
vn -0.8693 -0.3180 -0.3784
vn -0.8457 0.2792 -0.4547
vn -0.9404 0.1391 -0.3103
vn -0.9394 0.1376 -0.3140
vn -0.6244 0.5401 -0.5643
vn -0.7114 0.7018 -0.0380
vn -0.7369 0.6670 -0.1096
vn -0.5797 0.8106 0.0827
vn 0.0304 0.3786 -0.9250
vn -0.3945 0.8932 -0.2158
vn -0.8840 0.0290 -0.4665
vn -0.1458 0.4269 -0.8925
vn -0.6290 -0.7332 -0.2583
vn -0.8947 -0.1436 -0.4230
vn -0.9140 -0.1815 -0.3629
vn -0.9075 -0.1963 -0.3713
vn -0.9446 0.1753 -0.2775
vn -0.6445 -0.4967 -0.5814
vn -0.8126 -0.2739 -0.5144
vn -0.6757 -0.4251 -0.6022
vn -0.9442 0.0803 -0.3196
vn -0.7055 0.3948 -0.5885
vn -0.8405 0.1168 -0.5290
vn -0.8715 0.0407 -0.4888
vn -0.7512 0.6552 0.0799
vn -0.9038 0.4086 0.1277
vn -0.9545 0.2381 0.1797
vn 0.2622 0.2879 -0.9211
vn -0.8413 -0.4789 -0.2507
vn -0.8126 -0.5509 -0.1902
vn -0.7410 -0.6403 -0.2023
vn -0.9220 -0.1378 -0.3619
vn -0.8602 0.2105 -0.4645
vn -0.8737 0.2554 -0.4141
vn -0.9468 -0.0258 -0.3209
vn -0.6421 -0.4980 -0.5828
vn -0.9026 0.0819 -0.4227
vn 0.6009 0.5805 -0.5496
vn 0.5606 0.6742 -0.4808
vn 0.1650 0.2171 -0.9621
vn -0.5451 0.6963 -0.4670
vn 0.2424 0.8156 -0.5254
vn 0.0385 -0.9369 -0.3475
vn 0.1445 0.8331 -0.5339
vn 0.7803 0.3969 -0.4834
vn 0.0140 -0.7348 -0.6782
vn -0.1173 0.4741 -0.8726
vn 0.6580 0.5132 -0.5510
vn 0.1240 -0.7992 -0.5881
vn 0.0518 -0.8130 -0.5799
vn 0.3661 0.5754 -0.7314
vn 0.0706 0.6388 -0.7661
vn 0.4094 0.2297 -0.8830
vn -0.2470 0.6600 -0.7095
vn 0.2449 0.7198 -0.6496
vn 0.7776 0.5018 -0.3789
vn 0.1942 0.5544 -0.8093
vn -0.3960 0.4813 -0.7820
vn -0.0614 0.8597 -0.5072
vn 0.6412 0.0896 -0.7621
vn -0.1448 0.9302 -0.3374
vn -0.1344 0.4357 -0.8900
vn -0.3598 0.7862 -0.5023
vn 0.4696 -0.8273 -0.3084
vn 0.6162 0.1458 -0.7740
vn 0.0257 0.7876 -0.6156
vn 0.3860 0.4667 -0.7958
vn 0.5713 0.2285 -0.7883
vn -0.1890 0.9370 -0.2938
vn -0.0439 0.5064 -0.8612
vn -0.0755 0.7241 -0.6856
vn 0.0853 -0.9760 -0.2002
vn -0.0847 0.5838 -0.8074
vn 0.1838 -0.8447 0.5027
vn -0.1856 0.4975 -0.8473
vn -0.1324 0.7357 -0.6642
vn -0.0474 0.7747 -0.6305
vn 0.1992 -0.4525 -0.8692
vn 0.4251 0.5175 -0.7426
vn 0.5295 0.3728 -0.7620
vn 0.1559 0.2905 -0.9441
vn 0.3867 0.6577 -0.6465
vn 0.5203 0.6444 -0.5603
vn 0.8933 -0.0390 -0.4478
vn 0.7188 0.3072 -0.6237
vn 0.3899 0.8747 -0.2881
vn 0.5790 0.4437 -0.6841
vn 0.6268 0.2062 -0.7514
vn 0.7091 0.4688 -0.5268
vn -0.0833 0.7316 -0.6766
vn 0.0312 0.3232 -0.9458
vn -0.0446 -0.9990 -0.0054
vn -0.2394 0.5959 -0.7665
vn -0.4082 0.2447 -0.8795
vn 0.3589 0.7106 -0.6051
vn 0.2204 0.5121 -0.8301
vn 0.6112 0.4645 -0.6408
vn 0.6408 0.3457 -0.6855
vn 0.0574 -0.9857 0.1583
vn 0.6891 0.4876 -0.5361
vn 0.4803 0.6730 -0.5625
vn 0.2502 0.5124 -0.8215
vn 0.3806 0.2175 -0.8988
vn -0.2787 0.5866 -0.7604
vn 0.8525 0.0458 -0.5208
vn 0.7955 0.0231 -0.6055
vn 0.3620 0.4744 -0.8024
vn 0.4051 0.4593 -0.7905
vn -0.5535 0.7744 0.3065
vn -0.2146 -0.1191 -0.9694
vn 0.2110 0.5068 -0.8358
vn 0.5433 0.2890 -0.7882
vn 0.3559 0.2402 -0.9031
vn 0.4301 0.6143 -0.6616
vn 0.0624 0.5977 -0.7993
vn 0.6025 0.7957 -0.0617
vn 0.6379 -0.1848 -0.7476
vn -0.0877 0.8532 -0.5142
vn 0.5880 0.2900 -0.7551
vn 0.5098 0.5486 -0.6626
vn 0.6699 0.4362 -0.6008
vn 0.4454 0.7871 -0.4267
vn -0.1278 0.5807 -0.8040
vn 0.7792 0.2654 -0.5679
vn 0.4383 0.7855 -0.4368
vn 0.7639 0.3615 -0.5346
vn 0.7673 0.3362 -0.5461
vn 0.3522 0.2357 -0.9057
vn 0.6470 0.0961 -0.7564
vn -0.0003 -0.9997 0.0228
vn 0.8738 0.4862 -0.0066
vn -0.0928 0.8913 -0.4439
vn 0.4472 0.2755 -0.8510
vn -0.3302 0.9038 -0.2721
vn 0.9020 -0.4220 -0.0906
vn 0.8475 0.3855 -0.3650
vn 0.6790 0.6197 -0.3935
vn -0.2476 0.5372 -0.8063
vn 0.4334 0.4358 -0.7889
vn 0.3234 0.6024 -0.7297
vn -0.0157 -0.9985 0.0522
vn 0.7743 0.5587 -0.2971
vn 0.6042 0.3684 -0.7066
vn -0.3847 -0.8433 -0.3753
vn -0.0275 0.8942 -0.4469
vn 0.7577 -0.5842 0.2907
vn 0.0196 -0.9978 0.0636
vn 0.4752 0.8348 -0.2780
vn 0.5001 0.8441 -0.1935
vn 0.6142 0.1609 -0.7726
vn -0.0603 0.6328 -0.7720
vn 0.2306 0.5649 -0.7923
vn -0.1592 0.4203 -0.8933
vn -0.0056 0.8698 -0.4934
vn 0.6488 0.5716 -0.5024
vn 0.1927 0.9792 0.0626
vn 0.5842 0.5151 -0.6272
vn 0.0608 0.7994 -0.5978
vn 0.8041 0.4419 -0.3977
vn 0.8917 0.4485 -0.0608
vn 0.2369 0.0877 -0.9676
vn -0.0017 0.8632 -0.5048
vn -0.0207 0.9105 -0.4130
vn 0.4266 0.4651 -0.7757
vn -0.2672 0.6863 -0.6764
vn 0.0440 -0.3305 -0.9428
vn 0.3635 0.6639 -0.6535
vn 0.2751 0.5837 -0.7639
vn -0.2305 0.5231 -0.8205
vn -0.3068 0.8340 -0.4585
vn 0.4596 0.4291 -0.7776
vn 0.4513 0.4382 -0.7774
vn -0.1907 0.8490 -0.4929
vn -0.9166 -0.1686 -0.3625
vn -0.1677 0.8114 -0.5599
vn 0.1795 0.4321 -0.8838
vn 0.5181 0.5569 -0.6491
vn -0.9576 0.1826 0.2228
vn 0.0111 0.6404 -0.7680
vn 0.3804 0.7415 -0.5527
vn 0.3475 0.6704 -0.6556
vn -0.1854 0.5294 -0.8279
vn 0.0792 0.7555 -0.6503
vn 0.0849 0.4081 -0.9090
vn 0.2857 0.8216 -0.4934
vn -0.1695 0.4637 -0.8696
vn -0.2443 -0.6147 0.7500
vn 0.5278 0.3991 -0.7498
vn -0.6229 0.5361 -0.5698
vn 0.1317 0.4303 -0.8930
vn -0.3316 0.2640 -0.9057
vn 0.0730 0.6229 -0.7789
vn -0.1292 0.8319 -0.5396
vn -0.6915 0.0434 -0.7211
vn -0.2611 0.9114 -0.3181
vn -0.2037 0.6053 -0.7694
vn 0.6319 0.1377 -0.7627
vn 0.0883 0.7083 -0.7004
vn 0.3320 0.7767 -0.5353
vn -0.1045 0.2738 -0.9561
vn -0.3807 0.4501 -0.8077
vn 0.1386 0.1895 -0.9721
vn 0.7361 0.1672 -0.6559
vn 0.8992 0.0246 0.4369
vn -0.0738 0.5066 -0.8590
vn 0.6832 -0.0442 -0.7289
vn -0.6312 0.3239 -0.7048
vn -0.0469 0.6389 -0.7679
vn 0.3945 0.5656 -0.7242
vn 0.3118 0.3954 -0.8640
vn -0.1693 0.7373 -0.6540
vn -0.1830 0.8435 -0.5050
vn -0.0668 -0.5847 -0.8085
vn -0.1618 0.4738 -0.8656
vn 0.8088 0.5673 -0.1552
vn 0.0540 0.2454 -0.9679
vn 0.2895 0.1398 -0.9469
vn -0.3797 0.6521 -0.6561
vn -0.2372 0.8207 -0.5197
vn 0.0337 0.6675 -0.7438
vn -0.2060 0.7362 -0.6447
vn -0.2187 0.9200 -0.3253
vn -0.0083 0.6267 -0.7792
vn -0.0750 0.6251 -0.7769
vn -0.1364 -0.4923 0.8597
vn 0.0890 0.4722 -0.8770
vn 0.1627 0.3459 -0.9241
vn -0.1443 0.9396 -0.3105
vn 0.3500 0.4176 -0.8385
vn -0.2425 0.4803 -0.8429
vn -0.0427 0.6977 -0.7151
vn 0.2680 0.3957 -0.8784
vn 0.0913 0.8762 -0.4732
vn -0.1612 0.7041 -0.6916
vn 0.1965 0.9021 -0.3841
vn 0.4425 0.3184 -0.8383
vn -0.0918 0.6657 -0.7405
vn -0.1073 0.5888 -0.8011
vn -0.1981 0.2968 -0.9342
vn 0.3624 0.7924 -0.4907
vn -0.0001 0.9078 -0.4194
vn 0.2907 0.5576 -0.7776
vn 0.2477 0.6687 -0.7010
vn -0.2070 0.9365 -0.2830
vn 0.7164 0.1969 -0.6693
vn 0.1379 -0.1128 -0.9840
vn 0.6497 0.2280 -0.7252
vn 0.2915 0.5626 -0.7737
vn -0.0799 -0.8024 0.5914
vn -0.2065 0.8007 -0.5623
vn 0.3464 0.3506 -0.8701
vn 0.0477 0.4148 -0.9087
vn -0.0507 0.5638 -0.8243
vn -0.1543 0.5640 -0.8113
vn -0.2073 0.6927 -0.6908
vn 0.6639 0.4401 -0.6046
vn 0.3706 0.2238 -0.9014
vn 0.0116 0.9611 0.2759
vn 0.2953 0.5557 -0.7772
vn 0.7474 -0.4348 -0.5023
vn 0.4003 0.4776 -0.7821
vn 0.3822 0.1872 -0.9049
vn 0.0135 0.5361 -0.8441
vn -0.3036 0.6193 -0.7240
vn -0.0266 0.8160 -0.5774
vn 0.6957 0.1841 0.6944
vn -0.6364 0.5159 -0.5734
vn 0.4142 0.4774 -0.7749
vn -0.0546 0.5364 -0.8422
vn -0.3049 -0.1489 0.9407
vn 0.5694 -0.8218 0.0200
vn 0.0137 0.6690 -0.7431
vn -0.2314 0.7044 -0.6710
vn -0.2462 0.5358 -0.8076
vn 0.2231 0.0748 -0.9719
vn -0.5976 0.6841 0.4181
vn -0.2017 0.4327 -0.8787
vn -0.1956 0.9061 -0.3751
vn 0.4600 0.0309 -0.8874
vn 0.0589 0.8330 -0.5501
vn 0.6195 0.6403 -0.4541
vn -0.2311 0.5340 -0.8133
vn 0.1521 0.3168 -0.9362
vn 0.2195 0.8844 -0.4119
vn 0.0444 0.9246 -0.3784
vn 0.6522 0.6513 -0.3879
vn 0.3934 0.5512 -0.7358
vn -0.2899 0.9192 -0.2664
vn 0.3873 0.1203 -0.9141
vn 0.2123 0.5414 -0.8135
vn 0.0448 0.4668 -0.8832
vn -0.2152 0.7057 -0.6751
vn 0.1789 0.4697 -0.8645
vn 0.1127 0.7346 -0.6691
vn -0.0520 0.8599 -0.5078
vn 0.1478 0.8332 -0.5328
vn 0.3097 0.7516 -0.5823
vn 0.0506 0.6541 -0.7547
vn 0.0073 0.5625 -0.8268
vn 0.6280 0.1677 -0.7599
vn -0.3087 0.7082 -0.6349
vn 0.1262 0.4986 -0.8576
vn 0.2327 0.5500 -0.8021
vn 0.3375 0.6439 -0.6867
vn 0.3632 0.6292 -0.6872
vn 0.5126 0.6689 -0.5384
vn 0.6989 0.4028 -0.5910
vn -0.2125 0.6693 -0.7119
vn -0.1899 0.6168 -0.7639
vn -0.3346 0.8270 -0.4517
vn -0.9234 0.0911 0.3729
vn 0.7125 0.2957 -0.6364
vn -0.4155 0.8431 -0.3414
vn 0.4030 0.8343 -0.3762
vn 0.6836 0.5951 -0.4224
vn 0.2937 0.7097 -0.6403
vn 0.1279 0.5058 -0.8531
vn 0.6526 0.4907 -0.5773
vn 0.2062 0.6351 -0.7444
vn -0.1600 0.8038 -0.5730
vn 0.1329 0.9401 -0.3138
vn 0.0560 0.3799 -0.9233
vn 0.1443 0.4283 -0.8921
vn 0.0530 0.7659 -0.6407
vn 0.4757 0.4135 -0.7764
vn 0.1734 0.9406 -0.2920
vn -0.0843 0.8159 -0.5720
vn -0.1442 0.7715 -0.6197
vn -0.0890 0.5940 -0.7995
vn 0.6134 0.4228 -0.6671
vn -0.2229 0.7776 -0.5880
vn -0.0828 0.8139 -0.5750
vn -0.6757 0.1953 -0.7108
vn -0.1871 0.9184 -0.3486
vn -0.3355 -0.0290 0.9416
vn 0.5817 0.2613 -0.7703
vn 0.7383 0.5635 -0.3705
vn 0.7386 0.4551 -0.4974
vn -0.0673 0.5346 -0.8424
vn -0.1458 0.3264 -0.9339
vn -0.0819 0.4112 -0.9079
vn -0.0068 0.6772 -0.7357
vn -0.7356 -0.6033 -0.3082
vn -0.2612 0.8772 -0.4028
vn -0.0156 0.1063 -0.9942
vn -0.6173 0.4184 -0.6662
vn -0.5847 0.6239 -0.5185
vn -0.6792 0.1449 -0.7195
vn 0.2514 0.6401 -0.7260
vn -0.2380 0.5510 -0.7999
vn -0.0658 0.8698 -0.4890
vn 0.5652 0.2529 -0.7852
vn -0.0977 0.8476 -0.5215
vn -0.0360 0.6794 -0.7329
vn 0.1279 0.2655 -0.9556
vn -0.0013 0.0726 -0.9974
vn 0.3833 -0.8999 0.2078
vn -0.2834 0.7332 0.6181
vn 0.8643 0.4915 -0.1065
vn -0.0864 0.9848 -0.1509
vn 0.1033 0.2886 -0.9518
vn 0.8616 0.0604 -0.5041
vn 0.2444 0.9388 -0.2427
vn 0.0788 0.2552 -0.9637
vn -0.1035 0.8018 -0.5886
vn -0.1741 0.9556 -0.2377
vn -0.4037 0.6728 -0.6200
vn 0.3175 0.2364 -0.9183
vn 0.5836 0.3253 -0.7440
vn 0.5211 0.0949 -0.8482
vn 0.4318 0.7406 -0.5148
vn 0.0805 0.8495 -0.5214
vn -0.3991 -0.6239 0.6719
vn 0.0825 0.7241 -0.6848
vn 0.1509 0.7804 -0.6068
vn 0.8432 -0.0556 -0.5347
vn 0.0402 0.7224 0.6903
vn 0.1849 0.8135 -0.5513
vn 0.2954 0.8382 -0.4585
vn 0.5232 0.4409 -0.7293
vn 0.1130 0.9615 -0.2504
vn 0.8584 0.2518 -0.4469
vn 0.2220 0.4310 -0.8746
vn 0.0462 0.6443 -0.7634
vn 0.2299 0.5437 0.8072
vn 0.0053 0.5322 -0.8466
vn -0.1057 0.9031 -0.4163
vn 0.4967 0.3554 -0.7918
vn 0.3157 0.8224 -0.4733
vn -0.3428 0.7725 -0.5346
vn -0.1486 0.7292 -0.6679
vn 0.2059 0.4836 -0.8507
vn 0.5857 0.2279 -0.7779
vn 0.0945 0.8809 -0.4638
vn -0.2833 0.8254 -0.4884
vn 0.1275 0.7709 -0.6241
vn 0.0719 0.6934 -0.7169
vn 0.1180 0.4212 -0.8993
vn -0.0889 0.5815 -0.8087
vn -0.3263 0.5855 -0.7421
vn 0.1249 0.7415 0.6592
vn 0.0492 0.6809 -0.7307
vn -0.0982 0.9453 -0.3110
vn -0.0222 0.7179 -0.6958
vn -0.1009 0.9035 -0.4166
vn 0.2128 0.5056 -0.8361
vn 0.0122 0.5049 -0.8631
vn -0.2600 0.4869 -0.8338
vn -0.2698 0.7108 -0.6495
vn -0.0542 0.8873 -0.4580
vn 0.2355 0.3581 -0.9035
vn 0.4373 -0.7063 -0.5567
vn 0.6138 0.7321 -0.2955
vn 0.3145 0.5675 -0.7609
vn -0.4685 -0.8820 0.0513
vn 0.2527 0.4533 -0.8548
vn 0.6282 0.7761 -0.0554
vn 0.1708 0.5440 -0.8215
vn 0.5169 0.7852 -0.3409
vn 0.5551 0.5115 -0.6559
vn 0.2695 -0.7398 -0.6164
vn 0.1852 0.9304 -0.3162
vn 0.1863 0.9286 -0.3211
vn -0.1044 0.5324 -0.8401
vn -0.1178 0.6754 -0.7280
vn -0.0109 -0.9995 0.0311
vn 0.0002 0.3238 -0.9461
vn 0.5020 0.7686 -0.3966
vn -0.0763 0.6817 -0.7276
vn -0.4760 0.5917 -0.6507
vn -0.3633 0.2438 -0.8992
vn 0.0806 0.6117 -0.7870
vn -0.2079 0.9481 -0.2404
vn 0.3121 0.3009 -0.9012
vn 0.1563 0.4944 -0.8550
vn 0.2676 0.7876 -0.5550
vn 0.2153 0.5049 -0.8359
vn 0.1118 0.7675 -0.6312
vn -0.1012 0.5329 -0.8401
vn -0.0596 -0.3637 -0.9296
vn -0.0437 0.7185 -0.6941
vn 0.3493 0.6411 -0.6834
vn 0.3238 0.3738 -0.8691
vn -0.3021 0.2282 -0.9256
vn -0.3400 0.4688 -0.8153
vn 0.2430 0.8946 -0.3751
vn 0.3722 0.4803 -0.7942
vn -0.0915 0.5946 -0.7988
vn 0.0448 0.5363 -0.8428
vn -0.3359 0.2581 -0.9059
vn -0.3123 0.9286 -0.2002
vn -0.5526 0.4129 -0.7240
vn 0.2914 0.4615 -0.8379
vn 0.4923 0.2741 -0.8262
vn 0.2930 0.6674 -0.6846
vn 0.4714 0.6583 -0.5869
vn 0.4655 0.6005 -0.6502
vn -0.0196 0.5167 -0.8559
vn -0.0116 0.5180 -0.8553
vn 0.3458 0.6229 -0.7017
vn 0.1187 0.2639 -0.9572
vn 0.0459 0.7701 -0.6363
vn 0.3106 0.2942 -0.9039
vn -0.5483 0.5267 -0.6496
vn -0.1600 0.5389 -0.8271
vn 0.3284 0.4439 -0.8338
vn 0.4930 0.2771 -0.8247
vn 0.2590 0.7081 -0.6569
vn -0.0099 0.9125 -0.4090
vn -0.2119 -0.1487 -0.9659
vn 0.0128 -0.9983 0.0568
vn -0.0586 0.1800 -0.9819
vn -0.4918 0.3633 -0.7913
vn -0.5149 -0.8462 -0.1370
vn -0.4243 0.1449 -0.8939
vn -0.4020 0.0972 -0.9105
vn -0.4278 -0.0143 -0.9038
vn -0.3146 0.3231 -0.8925
vn -0.1339 0.0605 -0.9891
vn 0.0943 -0.6095 -0.7872
vn -0.4278 0.4846 -0.7630
vn -0.4753 -0.0804 -0.8762
vn -0.2496 -0.0060 -0.9683
vn 0.5791 -0.1445 -0.8023
vn 0.4195 0.0563 -0.9060
vn -0.2153 -0.8104 -0.5449
vn -0.5955 -0.6884 -0.4141
vn 0.4103 0.3598 -0.8380
vn 0.8237 0.4802 0.3016
vn -0.0803 0.0459 -0.9957
vn 0.5257 -0.2934 -0.7985
vn 0.3552 0.0779 -0.9316
vn 0.1341 0.1945 -0.9717
vn -0.4577 0.2244 -0.8604
vn -0.6253 0.4673 -0.6250
vn -0.5958 0.0624 -0.8007
vn 0.4126 -0.2727 -0.8691
vn 0.2752 -0.0292 -0.9609
vn -0.2899 -0.4447 -0.8475
vn -0.6715 -0.7410 -0.0026
vn 0.7575 -0.0930 -0.6462
vn 0.4052 -0.2909 -0.8667
vn -0.2724 -0.3018 -0.9136
vn -0.3584 0.3534 -0.8641
vn 0.2750 0.1245 -0.9534
vn -0.4142 0.0575 -0.9084
vn 0.2033 0.0275 -0.9787
vn -0.5343 -0.6570 -0.5319
vn -0.1954 0.1640 -0.9669
vn -0.2452 0.2483 -0.9371
vn -0.7467 -0.3636 -0.5570
vn -0.1543 0.3278 -0.9321
vn -0.3541 0.1018 -0.9297
vn -0.3088 -0.6615 -0.6834
vn -0.2505 -0.1521 -0.9561
vn -0.1949 -0.2538 -0.9474
vn -0.3494 -0.3912 -0.8514
vn -0.1557 -0.7062 -0.6907
vn -0.0928 0.2095 -0.9734
vn 0.0921 -0.8841 -0.4581
vn -0.2683 0.4405 -0.8567
vn 0.1621 -0.5307 -0.8319
vn 0.1754 -0.4918 -0.8528
vn -0.0238 0.4201 -0.9072
vn 0.0238 0.4501 -0.8927
vn 0.2229 -0.8889 -0.4003
vn -0.0968 0.7020 -0.7056
vn 0.1682 -0.7950 -0.5828
vn -0.1962 0.0858 -0.9768
vn 0.5231 -0.6842 -0.5082
vn -0.0587 -0.0960 -0.9936
vn -0.0124 0.0505 -0.9986
vn -0.0860 0.2955 -0.9515
vn 0.0243 -0.9877 0.1545
vn -0.6350 -0.4070 -0.6566
vn -0.4386 -0.5914 -0.6767
vn -0.5207 -0.2793 -0.8068
vn 0.2833 -0.4550 -0.8443
vn -0.5156 -0.7176 -0.4683
vn 0.2239 0.1430 -0.9641
vn 0.2510 0.0733 -0.9652
vn -0.4040 0.4934 -0.7702
vn -0.0409 -0.9534 0.2991
vn 0.0115 -0.0240 -0.9996
vn 0.0335 -0.9991 -0.0273
vn -0.8206 0.3861 -0.4213
vn -0.7960 0.5369 -0.2794
vn -0.3113 -0.1539 -0.9378
vn -0.1122 -0.1857 -0.9762
vn 0.3656 -0.6285 -0.6865
vn 0.2947 -0.4572 -0.8391
vn 0.1186 -0.0518 -0.9916
vn -0.5338 -0.0593 -0.8436
vn -0.4060 -0.0427 -0.9129
vn -0.2604 0.2458 -0.9337
vn 0.2862 0.1711 -0.9428
vn -0.1090 0.0419 -0.9932
vn -0.5069 -0.3820 -0.7727
vn -0.5230 0.1729 -0.8346
vn -0.5555 0.2015 -0.8068
vn -0.6943 -0.6916 -0.1993
vn -0.5822 -0.3702 -0.7239
vn -0.1878 0.2248 -0.9561
vn -0.5294 0.1201 -0.8399
vn 0.0153 -0.1595 -0.9871
vn 0.0376 -0.0290 -0.9989
vn -0.7797 -0.5962 -0.1911
vn 0.3368 0.1475 -0.9299
vn -0.4242 0.3557 -0.8328
vn 0.6415 -0.0701 -0.7639
vn -0.3956 -0.2940 -0.8701
vn -0.2187 0.0354 -0.9752
vn -0.4470 0.3169 -0.8365
vn -0.4487 0.1548 -0.8802
vn -0.1256 0.0965 -0.9874
vn -0.1621 0.0754 -0.9839
vn 0.1426 -0.1703 -0.9750
vn -0.1859 0.1218 -0.9750
vn 0.3465 0.1625 -0.9239
vn -0.3174 0.0046 -0.9483
vn 0.0891 -0.6012 -0.7941
vn -0.0067 -0.9914 0.1311
vn -0.8605 -0.2055 -0.4661
vn -0.3684 0.3252 -0.8710
vn -0.7995 -0.3160 -0.5108
vn 0.1584 -0.3665 -0.9168
vn -0.4391 -0.0279 -0.8980
vn -0.0161 -0.1762 -0.9842
vn -0.4877 0.8640 0.1251
vn -0.2570 -0.1408 -0.9561
vn 0.0371 -0.9987 -0.0340
vn -0.5180 -0.1028 -0.8492
vn 0.0691 0.1231 -0.9900
vn -0.1828 -0.2492 -0.9510
vn -0.0380 -0.0194 -0.9991
vn 0.2204 -0.6971 -0.6822
vn 0.1193 -0.5227 -0.8441
vn 0.1522 0.3828 -0.9112
vn 0.1213 -0.3034 -0.9451
vn -0.6289 -0.2314 -0.7423
vn 0.3089 0.4664 0.8289
vn 0.2810 -0.8905 -0.3578
vn 0.3846 -0.3054 -0.8711
vn -0.4234 0.3836 -0.8207
vn 0.0430 -0.6615 -0.7487
vn 0.4131 0.5690 -0.7110
vn -0.0356 0.1923 -0.9807
vn -0.4169 0.2688 -0.8683
vn 0.0682 -0.5902 -0.8044
vn 0.3268 -0.2254 -0.9178
vn -0.4269 -0.6893 -0.5853
vn 0.0171 -0.5088 -0.8607
vn -0.0609 -0.9159 0.3967
vn 0.1064 0.1729 -0.9792
vn 0.3348 0.0765 -0.9392
vn 0.3592 0.0017 -0.9333
vn 0.0100 -0.9990 0.0445
vn -0.4136 0.0572 -0.9087
vn 0.2546 -0.5764 -0.7765
vn -0.4073 -0.1986 -0.8914
vn -0.5669 0.2617 -0.7812
vn 0.1030 -0.8893 -0.4456
vn 0.4499 -0.0427 -0.8921
vn -0.7496 -0.5637 -0.3470
vn 0.0931 -0.3797 -0.9204
vn 0.3089 -0.4805 -0.8207
vn -0.2389 -0.4579 -0.8563
vn -0.4039 0.1868 -0.8955
vn -0.4419 0.3351 -0.8321
vn -0.0816 -0.1469 -0.9858
vn 0.0126 -0.0595 -0.9981
vn 0.6320 0.0509 -0.7733
vn -0.4060 0.0024 -0.9139
vn -0.2257 -0.1565 -0.9615
vn -0.3750 -0.3079 -0.8744
vn -0.2923 -0.2707 -0.9172
vn -0.4024 -0.2455 -0.8819
vn -0.5069 -0.3817 -0.7729
vn 0.2272 -0.3137 -0.9220
vn 0.1505 -0.4719 -0.8687
vn -0.4716 0.7547 0.4561
vn -0.2751 -0.2724 -0.9220
vn 0.7155 0.1895 -0.6724
vn 0.1967 0.1542 -0.9683
vn 0.6404 -0.0409 -0.7669
vn -0.3089 0.2748 -0.9105
vn -0.0712 -0.6357 -0.7686
vn -0.1867 0.0602 -0.9806
vn -0.4061 0.2464 -0.8800
vn 0.7917 -0.2834 -0.5411
vn 0.4100 -0.7499 -0.5192
vn 0.0149 0.0015 -0.9999
vn -0.5641 -0.5180 -0.6430
vn -0.4407 -0.6843 -0.5810
vn -0.0693 -0.2260 -0.9717
vn -0.7460 -0.6027 0.2833
vn 0.5538 0.0373 -0.8318
vn 0.5533 0.0745 -0.8296
vn -0.0146 -0.2370 -0.9714
vn -0.1073 -0.4696 -0.8764
vn -0.2323 -0.2997 -0.9253
vn -0.5250 -0.0589 -0.8490
vn 0.1501 -0.3638 -0.9193
vn 0.2164 -0.4754 -0.8527
vn 0.4664 -0.7299 -0.4996
vn 0.4917 -0.8220 -0.2872
vn -0.4977 -0.2415 0.8330
vn -0.6802 -0.0630 -0.7303
vn -0.1452 0.4293 -0.8914
vn 0.4776 -0.1907 -0.8576
vn 0.4177 0.0410 -0.9076
vn -0.9110 -0.2616 -0.3188
vn -0.0823 -0.1466 -0.9858
vn -0.8004 0.5242 -0.2908
vn -0.3731 -0.1839 -0.9094
vn 0.0769 -0.9936 0.0824
vn -0.0060 0.0135 -0.9999
vn 0.7541 -0.2481 -0.6081
vn 0.4869 0.0840 -0.8694
vn 0.0287 -0.9991 -0.0328
vn -0.4513 0.1798 -0.8741
vn 0.3011 -0.7572 -0.5797
vn 0.2515 0.3102 -0.9168
vn 0.1613 -0.9832 -0.0854
vn 0.7918 -0.1365 -0.5953
vn 0.5208 -0.0128 -0.8536
vn 0.4021 0.0159 -0.9155
vn -0.4184 0.8307 -0.3672
vn -0.2841 -0.3723 -0.8836
vn -0.4402 -0.2816 -0.8526
vn -0.7751 -0.1134 -0.6216
vn -0.5802 -0.6353 -0.5097
vn -0.7354 -0.3849 -0.5578
vn 0.3827 -0.6419 -0.6645
vn 0.3732 -0.5993 -0.7083
vn 0.3473 0.1147 -0.9307
vn 0.0980 -0.2897 -0.9521
vn 0.1105 -0.1897 -0.9756
vn -0.0875 -0.4667 -0.8801
vn -0.0907 -0.2187 -0.9716
vn -0.4493 0.1283 -0.8841
vn 0.0503 -0.9603 0.2743
vn 0.5018 -0.5028 -0.7039
vn 0.3639 0.1213 -0.9235
vn 0.6087 -0.0134 -0.7933
vn 0.4702 0.0365 -0.8818
vn 0.4429 0.0023 -0.8966
vn 0.0461 0.1923 -0.9803
vn -0.6545 -0.0086 -0.7561
vn -0.0664 -0.0688 -0.9954
vn -0.1872 -0.8381 -0.5123
vn 0.0212 -0.5896 0.8074
vn -0.1576 -0.0576 -0.9858
vn -0.7876 0.5373 -0.3016
vn 0.4313 -0.6244 -0.6513
vn 0.4483 -0.0384 -0.8931
vn 0.5500 -0.2384 -0.8004
vn 0.4844 0.0723 -0.8718
vn -0.4454 -0.5427 -0.7120
vn -0.6290 0.1533 -0.7622
vn -0.4258 0.3318 -0.8418
vn -0.2082 -0.7406 -0.6389
vn 0.0178 0.1306 -0.9913
vn -0.2892 -0.2057 -0.9349
vn 0.2395 -0.6670 -0.7055
vn 0.4096 -0.4279 -0.8057
vn 0.3270 0.0059 -0.9450
vn 0.3369 0.1666 -0.9267
vn 0.4927 -0.2127 -0.8438
vn 0.4577 0.1947 -0.8675
vn 0.4087 0.1170 -0.9052
vn 0.4315 -0.0058 -0.9021
vn 0.4702 0.0323 -0.8820
vn -0.6931 0.7184 -0.0591
vn 0.1239 -0.0663 -0.9901
vn -0.1812 0.4323 -0.8833
vn -0.4266 0.3657 -0.8272
vn -0.2185 -0.8659 -0.4499
vn 0.3939 0.0224 -0.9189
vn 0.3431 -0.2112 -0.9152
vn 0.0804 0.1638 -0.9832
vn -0.1595 -0.8451 -0.5103
vn 0.0820 -0.0703 -0.9941
vn 0.6774 -0.0332 -0.7349
vn 0.1988 -0.6524 -0.7314
vn 0.2165 -0.5541 -0.8038
vn 0.1253 -0.1713 -0.9772
vn -0.0918 -0.1029 0.9904
vn -0.7445 -0.0725 -0.6637
vn 0.0856 -0.5294 -0.8440
vn -0.0707 0.1111 -0.9913
vn 0.3502 -0.4233 -0.8356
vn 0.4145 -0.1243 -0.9015
vn 0.3825 -0.2388 -0.8926
vn 0.3413 -0.0661 -0.9376
vn 0.5135 -0.0615 -0.8559
vn 0.1082 -0.1945 -0.9749
vn 0.6930 0.0636 -0.7182
vn 0.1930 -0.2154 -0.9573
vn -0.2335 0.2614 -0.9366
vn -0.3615 0.4834 -0.7973
vn 0.1857 -0.1701 -0.9678
vn 0.5275 -0.5211 -0.6710
vn 0.6001 -0.3548 -0.7169
vn 0.3390 -0.1550 -0.9279
vn 0.4212 -0.2104 -0.8822
vn 0.4382 0.0343 -0.8982
vn 0.4840 0.1448 -0.8630
vn 0.4476 -0.0016 -0.8942
vn -0.1909 -0.3169 -0.9291
vn 0.0535 0.4075 -0.9116
vn -0.2108 -0.0932 -0.9731
vn -0.1191 0.4573 -0.8813
vn -0.1745 -0.5473 -0.8186
vn 0.2723 -0.4586 -0.8459
vn 0.3569 -0.2170 -0.9086
vn 0.1250 -0.4738 -0.8717
vn 0.2460 -0.0971 -0.9644
vn 0.1912 0.1026 -0.9762
vn 0.4095 0.2302 -0.8828
vn 0.3764 0.1822 -0.9084
vn 0.3829 -0.1967 -0.9026
vn -0.4043 0.6098 -0.6816
vn 0.3772 0.1983 -0.9046
vn -0.2276 0.3575 -0.9057
vn -0.4135 -0.0781 -0.9072
vn -0.1841 -0.4710 -0.8627
vn -0.5428 -0.3856 -0.7461
vn 0.4938 -0.2195 -0.8414
vn 0.0832 -0.1961 -0.9770
vn 0.4005 -0.2089 -0.8922
vn 0.1698 -0.0402 0.9847
vn -0.0628 0.3111 -0.9483
vn -0.0161 -0.0291 -0.9994
vn -0.4922 -0.2654 -0.8291
vn 0.1644 -0.1463 -0.9755
vn 0.3053 0.1335 -0.9428
vn 0.2937 -0.0114 -0.9558
vn 0.2634 0.0055 -0.9647
vn -0.5208 -0.0387 -0.8528
vn -0.5656 0.0742 -0.8213
vn -0.1729 0.4592 -0.8714
vn 0.5316 -0.7663 -0.3607
vn 0.2923 0.2014 -0.9349
vn -0.6157 -0.4434 -0.6514
vn -0.7966 -0.4947 0.3473
vn 0.2228 -0.6244 -0.7486
vn 0.2503 -0.5932 -0.7652
vn 0.2678 -0.1682 -0.9487
vn 0.3391 -0.3449 -0.8753
vn 0.2635 0.0667 -0.9624
vn 0.2394 -0.3101 -0.9201
vn 0.3261 0.0339 -0.9447
vn 0.0107 -0.1228 -0.9924
vn -0.0029 -0.1871 -0.9823
vn 0.3134 0.2020 -0.9279
vn 0.2963 -0.3283 -0.8969
vn 0.2327 0.0414 -0.9717
vn 0.3009 -0.3946 -0.8682
vn 0.3443 0.0151 -0.9387
vn 0.1734 -0.4396 -0.8813
vn 0.6189 -0.0184 -0.7853
vn 0.3803 0.1782 -0.9076
vn -0.1035 -0.4722 -0.8754
vn 0.1735 0.1282 -0.9765
vn -0.6530 0.1826 -0.7350
vn 0.0679 -0.3593 -0.9308
vn 0.0112 -0.4379 -0.8989
vn 0.0729 -0.6456 -0.7602
vn 0.6453 -0.0200 -0.7636
vn 0.4438 0.1511 -0.8833
vn 0.4293 0.0151 -0.9030
vn -0.2437 0.0212 -0.9696
vn -0.2859 0.0666 -0.9560
vn -0.3869 -0.3601 0.8489
vn -0.4523 0.3801 -0.8068
vn -0.4969 -0.0391 -0.8669
vn 0.1567 0.0811 -0.9843
vn 0.2132 -0.1553 -0.9646
vn 0.1501 -0.5765 -0.8032
vn 0.0084 -0.4403 -0.8978
vn 0.2003 -0.4065 -0.8914
vn 0.4804 0.1160 -0.8693
vn 0.5553 0.2092 -0.8049
vn 0.4251 0.0189 -0.9050
vn 0.0041 -1.0000 -0.0057
vn 0.2347 0.0828 -0.9685
vn 0.2147 0.2368 -0.9475
vn -0.0970 0.0552 -0.9938
vn 0.6380 -0.7624 -0.1080
vn -0.0072 -0.4082 -0.9129
vn 0.0110 -0.2847 -0.9586
vn 0.1134 -0.4488 -0.8864
vn 0.1876 0.0554 -0.9807
vn 0.3960 0.0155 -0.9181
vn 0.3319 0.1061 -0.9373
vn 0.3496 -0.3968 -0.8487
vn 0.3515 -0.1815 -0.9184
vn -0.2652 0.2821 -0.9220
vn -0.2448 -0.0156 -0.9694
vn -0.6087 0.3222 -0.7250
vn 0.6456 0.0031 -0.7637
vn 0.3670 0.2525 -0.8953
vn -0.4663 -0.1334 -0.8745
vn 0.1407 -0.3515 -0.9256
vn 0.1439 0.0715 -0.9870
vn -0.0013 -0.8303 -0.5574
vn -0.2140 -0.2962 -0.9309
vn -0.1660 -0.9174 -0.3616
vn -0.4100 -0.3426 -0.8453
vn -0.5577 0.0390 -0.8291
vn 0.1813 -0.2703 -0.9455
vn 0.1590 0.0786 -0.9841
vn 0.0777 -0.3638 -0.9282
vn 0.3932 -0.5927 -0.7029
vn -0.1277 -0.2763 -0.9525
vn -0.0224 -0.0160 -0.9996
vn 0.1822 0.0178 -0.9831
vn 0.1587 -0.4282 -0.8896
vn 0.3299 -0.3751 -0.8663
vn -0.3009 0.1428 -0.9429
vn -0.6069 0.3362 -0.7202
vn -0.2661 -0.2493 -0.9311
vn -0.2107 -0.3508 -0.9124
vn -0.0443 0.0349 -0.9984
vn 0.3652 -0.2652 -0.8923
vn 0.3589 0.2466 -0.9002
vn 0.2012 -0.0272 -0.9792
vn -0.0036 0.3412 -0.9400
vn 0.0098 -0.0476 -0.9988
vn 0.9077 -0.2832 -0.3097
vn 0.2620 0.2518 -0.9316
vn 0.3723 -0.2676 -0.8887
vn 0.4847 -0.1667 -0.8586
vn 0.1100 -0.3758 -0.9202
vn 0.2255 -0.1555 -0.9618
vn 0.1833 -0.0726 -0.9804
vn 0.2139 -0.0971 -0.9720
vn 0.2961 0.1946 -0.9351
vn 0.0834 0.2196 -0.9720
vn 0.0823 0.0828 -0.9932
vn 0.0946 -0.0210 -0.9953
vn -0.2450 0.2217 -0.9438
vn 0.1545 0.3465 -0.9252
vn -0.4091 -0.3100 -0.8582
vn -0.2628 0.4303 -0.8636
vn 0.1113 -0.2583 -0.9596
vn 0.2599 -0.4996 -0.8263
vn 0.5740 -0.3247 -0.7517
vn 0.3119 0.2056 -0.9276
vn 0.2818 0.1747 -0.9434
vn 0.3970 0.2085 -0.8938
vn -0.2920 -0.4380 -0.8502
vn -0.0262 0.2083 -0.9777
vn -0.0292 0.3766 -0.9259
vn -0.2652 -0.2772 -0.9235
vn -0.5217 -0.4105 -0.7479
vn -0.2398 0.4242 -0.8733
vn 0.0483 -0.3328 -0.9418
vn 0.1147 -0.7583 -0.6418
vn 0.0902 -0.7463 -0.6595
vn 0.2746 0.0821 -0.9581
vn 0.3382 -0.2174 -0.9156
vn 0.3294 -0.0063 -0.9442
vn 0.4050 0.1744 -0.8975
vn 0.0205 -0.4606 -0.8874
vn 0.5673 -0.3866 -0.7272
vn 0.6129 0.0773 -0.7864
vn -0.0522 -0.0400 -0.9978
vn -0.5689 0.2949 -0.7677
vn -0.3316 0.1508 -0.9313
vn -0.0112 0.0869 -0.9962
vn 0.1145 -0.1836 -0.9763
vn 0.1622 0.0802 -0.9835
vn 0.1507 -0.4789 -0.8648
vn 0.2327 -0.2426 -0.9418
vn 0.2267 0.0343 -0.9734
vn 0.5094 -0.1653 -0.8445
vn 0.5197 0.3106 -0.7959
vn 0.4026 0.2171 -0.8892
vn -0.3165 0.1445 -0.9375
vn -0.1107 0.1812 -0.9772
vn -0.2472 -0.3888 -0.8876
vn -0.2505 -0.0035 -0.9681
vn 0.1066 -0.5762 -0.8104
vn 0.0753 -0.2612 -0.9624
vn 0.1964 0.0657 -0.9783
vn 0.1135 -0.4498 -0.8859
vn 0.0978 -0.3267 -0.9400
vn -0.0736 -0.0292 -0.9969
vn 0.2805 0.2160 -0.9352
vn 0.2164 -0.3721 -0.9026
vn 0.6400 0.1480 -0.7540
vn -0.5396 -0.2171 -0.8134
vn -0.7567 -0.6493 -0.0755
vn -0.5658 -0.2609 -0.7822
vn 0.1884 -0.0194 -0.9819
vn 0.1689 -0.1211 -0.9782
vn 0.1230 -0.2722 -0.9543
vn 0.1450 -0.1904 -0.9709
vn 0.0686 -0.0288 -0.9972
vn -0.3260 -0.5732 -0.7518
vn -0.4126 -0.7339 -0.5396
vn -0.2437 -0.4738 -0.8462
vn -0.3097 -0.5266 -0.7917
vn 0.0276 -0.1890 -0.9816
vn 0.2160 -0.7368 -0.6406
vn 0.3404 -0.3236 -0.8828
vn 0.1644 -0.3309 -0.9292
vn 0.3512 0.2189 -0.9103
vn 0.1728 0.0023 -0.9850
vn 0.4093 -0.1754 -0.8954
vn 0.2725 -0.1946 -0.9423
vn 0.2505 -0.1555 -0.9555
vn 0.3234 0.2925 -0.8999
vn -0.1541 -0.0962 -0.9834
vn -0.6748 0.0751 -0.7341
vn -0.4373 0.1005 0.8937
vn 0.0742 0.0866 -0.9935
vn -0.6103 0.1853 -0.7702
vn 0.2426 -0.7407 -0.6265
vn 0.0292 -0.3547 -0.9345
vn 0.2098 -0.3670 -0.9062
vn 0.3597 -0.2945 -0.8854
vn 0.3774 -0.1677 -0.9108
vn 0.3465 -0.0095 -0.9380
vn 0.1804 0.2443 -0.9528
vn 0.3424 0.0608 -0.9376
vn 0.3898 0.1194 -0.9131
vn 0.1923 -0.4209 -0.8865
vn -0.0786 -0.9969 -0.0015
vn 0.0254 0.1979 -0.9799
vn 0.0839 -0.2018 -0.9758
vn 0.4466 -0.4056 -0.7975
vn 0.2494 -0.2616 -0.9324
vn 0.8631 -0.4861 -0.1369
vn -0.3917 -0.3296 -0.8590
vn -0.3903 -0.3296 -0.8597
vn 0.0546 -0.3441 -0.9373
vn 0.2604 -0.2950 -0.9193
vn 0.1669 -0.1629 -0.9724
vn 0.1769 -0.0630 -0.9822
vn 0.2214 -0.0115 -0.9751
vn 0.1328 0.3742 -0.9178
vn 0.1524 0.4090 -0.8997
vn -0.5297 -0.1545 -0.8340
vn 0.1404 0.0372 -0.9894
vn -0.0929 -0.0017 -0.9957
vn -0.3064 -0.2601 -0.9157
vn 0.0783 -0.4819 -0.8727
vn 0.0559 -0.3401 -0.9387
vn 0.1126 -0.5970 -0.7943
vn 0.0926 -0.1956 -0.9763
vn 0.0484 -0.0904 -0.9947
vn 0.1647 0.2272 -0.9598
vn -0.3600 -0.3575 -0.8617
vn 0.0168 -0.9996 -0.0224
vn 0.2329 -0.2652 -0.9356
vn 0.0736 0.0117 -0.9972
vn -0.0353 -0.7870 -0.6159
vn 0.2529 -0.1823 -0.9502
vn -0.0327 -0.4241 -0.9050
vn 0.1020 0.1126 -0.9884
vn 0.1021 -0.3227 -0.9410
vn -0.1184 0.2199 -0.9683
vn -0.8733 0.2297 -0.4296
vn 0.1151 0.0811 -0.9900
vn 0.0193 -0.7644 -0.6445
vn 0.1983 -0.1083 -0.9741
vn 0.0897 -0.1933 -0.9770
vn -0.0540 -0.3768 -0.9247
vn 0.2009 -0.0301 -0.9792
vn 0.0583 -0.1630 -0.9849
vn 0.3572 -0.1927 -0.9139
vn -0.0435 -0.0010 -0.9991
vn -0.0059 0.2361 -0.9717
vn 0.0886 -0.0551 -0.9945
vn -0.0199 0.0680 -0.9975
vn -0.1629 0.2631 -0.9509
vn -0.3478 0.4622 -0.8158
vn 0.3567 0.1887 -0.9150
vn 0.0363 -0.9985 -0.0420
vn -0.2108 0.0366 -0.9768
vn -0.2791 0.4150 -0.8659
vn 0.1300 -0.6171 -0.7760
vn 0.2836 -0.3008 -0.9106
vn 0.3492 0.3512 -0.8687
vn -0.0196 -0.9467 -0.3216
vn 0.0917 -0.2477 -0.9645
vn 0.0761 -0.0945 -0.9926
vn 0.2305 0.0078 -0.9730
vn 0.2772 0.1715 -0.9454
vn -0.8005 0.4937 -0.3398
vn 0.1086 -0.5092 -0.8538
vn -0.8688 0.3831 -0.3138
vn -0.7085 -0.6101 -0.3546
vn -0.0031 -0.9989 0.0473
vn -0.8049 -0.5645 0.1828
vn 0.1166 0.2813 -0.9525
vn 0.3324 -0.3719 -0.8667
vn 0.2687 -0.3477 -0.8983
vn 0.2350 -0.1893 -0.9534
vn 0.2965 -0.0204 -0.9548
vn 0.5037 -0.2728 -0.8197
vn 0.2019 -0.0537 -0.9779
vn 0.0987 0.0895 -0.9911
vn 0.2743 -0.1077 -0.9556
vn 0.1758 0.0680 -0.9821
vn -0.2041 -0.0085 -0.9789
vn -0.4230 0.3828 -0.8213
vn -0.5010 0.2882 -0.8160
vn -0.4869 0.1061 -0.8670
vn -0.0553 -0.8294 -0.5559
vn -0.7495 -0.5789 0.3211
vn 0.0600 -0.6375 -0.7681
vn -0.0093 -0.7505 -0.6608
vn -0.0527 -0.6444 -0.7629
vn -0.0432 -0.4255 -0.9039
vn -0.2877 -0.4771 -0.8304
vn 0.4661 -0.3045 -0.8307
vn 0.2280 -0.2275 -0.9467
vn -0.1858 0.1197 -0.9753
vn -0.1098 -0.6261 0.7720
vn 0.0249 0.7542 0.6561
vn 0.0366 0.0475 -0.9982
vn -0.1995 -0.6187 -0.7599
vn 0.1645 -0.4369 -0.8843
vn -0.3579 0.6900 -0.6291
vn -0.2628 0.3717 -0.8904
vn -0.4503 -0.0895 -0.8884
vn -0.0871 0.4655 -0.8808
vn 0.7176 -0.6510 0.2474
vn 0.9868 -0.1286 0.0986
vn -0.1308 0.4804 -0.8673
vn -0.0125 -0.4483 -0.8938
vn -0.0474 -0.1255 -0.9910
vn 0.0510 0.1362 -0.9894
vn -0.9575 0.0649 -0.2809
vn -0.1685 0.2295 -0.9586
vn -0.0848 0.0993 -0.9914
vn -0.3062 0.7211 -0.6215
vn -0.3471 -0.1223 -0.9298
vn -0.4927 -0.4547 -0.7419
vn -0.5396 -0.1065 -0.8352
vn 0.2479 0.0418 -0.9679
vn 0.1853 -0.4124 -0.8920
vn -0.0054 -0.4318 -0.9020
vn 0.0574 -0.4033 -0.9133
vn 0.1546 -0.1686 -0.9735
vn 0.2419 -0.1535 -0.9581
vn -0.5806 0.1822 -0.7935
vn -0.2186 -0.2665 -0.9387
vn -0.1758 0.2228 -0.9589
vn 0.4598 0.3122 -0.8313
vn -0.2030 -0.2492 -0.9469
vn -0.6869 -0.1006 -0.7197
vn 0.7769 -0.6168 0.1264
vn -0.4616 -0.5535 -0.6932
vn -0.6029 -0.2650 -0.7525
vn 0.0150 -0.4418 -0.8970
vn 0.1328 -0.2105 -0.9685
vn 0.1301 0.1021 -0.9862
vn -0.5179 -0.4141 -0.7485
vn 0.1294 -0.9841 0.1215
vn -0.5125 -0.3259 -0.7944
vn 0.2504 -0.2175 -0.9434
vn -0.2617 -0.5004 -0.8253
vn -0.1394 -0.2079 -0.9682
vn -0.0601 -0.1287 -0.9899
vn -0.0106 -0.2260 -0.9741
vn -0.1483 -0.3287 -0.9327
vn -0.3179 0.4096 -0.8551
vn -0.2308 0.9560 -0.1812
vn -0.7848 0.3155 -0.5334
vn -0.1096 0.2630 -0.9585
vn 0.2381 -0.1234 -0.9634
vn 0.2699 0.0746 -0.9600
vn -0.1716 -0.5130 -0.8410
vn -0.3418 -0.4181 -0.8416
vn -0.2448 -0.4251 -0.8714
vn 0.6297 -0.1862 -0.7542
vn 0.0565 0.4152 -0.9080
vn -0.3463 -0.2588 -0.9017
vn 0.1301 0.2319 -0.9640
vn -0.5257 0.4104 -0.7451
vn -0.2937 -0.0951 -0.9512
vn -0.7507 -0.0927 -0.6541
vn -0.7934 0.5397 0.2815
vn -0.6541 -0.0313 -0.7558
vn -0.6551 -0.0410 -0.7544
vn -0.3115 0.2763 -0.9092
vn -0.3463 -0.4150 -0.8413
vn -0.3416 -0.3549 -0.8703
vn -0.0364 0.1102 -0.9932
vn -0.0576 0.4916 -0.8689
vn 0.2570 0.3319 -0.9076
vn -0.0747 0.1994 -0.9771
vn -0.8114 -0.0561 -0.5818
vn -0.0383 -0.9350 0.3526
vn 0.0123 -0.9984 0.0550
vn -0.3575 -0.7540 -0.5511
vn -0.0449 -0.0560 -0.9974
vn -0.3310 -0.3777 -0.8648
vn 0.0407 0.1278 -0.9910
vn 0.1199 -0.0419 -0.9919
vn -0.4486 -0.1089 -0.8871
vn 0.0960 -0.2509 -0.9632
vn -0.0632 0.1640 -0.9844
vn 0.2584 0.1016 -0.9607
vn -0.0826 -0.8231 0.5619
vn -0.3742 0.8262 -0.4212
vn -0.3642 -0.4879 -0.7933
vn -0.3866 -0.2921 -0.8748
vn -0.2759 -0.3643 -0.8895
vn -0.1194 0.0115 -0.9928
vn -0.1313 0.2492 -0.9595
vn -0.1979 0.1861 -0.9624
vn -0.2636 0.0077 -0.9646
vn -0.5937 -0.4153 -0.6892
vn -0.3261 0.3237 -0.8882
vn -0.0512 0.4427 -0.8952
vn -0.0973 0.4175 -0.9035
vn -0.1377 -0.6781 -0.7219
vn -0.4939 -0.1355 -0.8589
vn -0.2116 -0.3922 -0.8952
vn -0.4721 0.1064 -0.8751
vn -0.4659 0.2922 -0.8352
vn 0.1548 0.2266 -0.9616
vn -0.2934 -0.1713 -0.9405
vn 0.0721 0.3369 -0.9388
vn -0.5593 -0.0714 -0.8259
vn 0.1351 0.2605 -0.9560
vn 0.0546 -0.9972 0.0517
vn -0.4337 -0.2556 -0.8640
vn -0.7932 0.4586 -0.4006
vn -0.5254 0.4270 -0.7359
vn -0.4353 -0.3388 -0.8341
vn -0.5233 -0.4169 -0.7432
vn -0.5666 -0.2941 -0.7697
vn -0.7613 -0.1202 -0.6372
vn -0.5670 -0.5178 -0.6407
vn -0.1683 0.0910 -0.9815
vn -0.1458 -0.5051 -0.8507
vn -0.3075 -0.3110 -0.8993
vn -0.5574 0.0924 -0.8251
vn -0.5150 -0.4250 -0.7444
vn -0.5500 -0.2782 -0.7874
vn -0.5474 -0.4048 -0.7325
vn -0.5106 -0.3606 -0.7806
vn 0.1007 -0.0226 -0.9947
vn -0.2760 0.2245 -0.9346
vn 0.6156 -0.3258 -0.7175
vn -0.1566 0.9280 -0.3381
vn -0.4296 0.1505 -0.8904
vn -0.5177 0.7632 -0.3867
vn -0.4152 -0.6633 0.6226
vn -0.4122 -0.0960 -0.9060
vn -0.0003 0.2265 -0.9740
vn -0.5333 0.2924 -0.7938
vn -0.0111 0.2703 -0.9627
vn -0.5212 -0.2235 -0.8237
vn -0.5206 -0.2776 -0.8074
vn -0.2743 0.1473 -0.9503
vn -0.4307 -0.0910 -0.8979
vn -0.3753 -0.0227 -0.9266
vn -0.3490 0.1686 -0.9218
vn -0.5330 0.1036 -0.8397
vn 0.4786 -0.8768 -0.0468
vn -0.0146 0.3255 -0.9454
vn 0.7300 -0.6260 -0.2741
vn 0.1643 -0.1314 -0.9776
vn -0.6389 0.3464 -0.6869
vn 0.1398 -0.0768 -0.9872
vn 0.1093 0.3315 -0.9371
vn -0.3918 0.4371 -0.8096
vn -0.4020 0.4265 -0.8102
vn -0.0794 0.1385 -0.9872
vn -0.9170 -0.1587 -0.3660
vn -0.6060 -0.1419 -0.7827
vn -0.5426 0.0822 -0.8360
vn -0.6361 0.3216 -0.7014
vn -0.5219 0.2338 -0.8203
vn -0.5768 -0.2121 -0.7889
vn -0.3967 0.1016 -0.9123
vn -0.0354 0.2682 -0.9627
vn -0.9128 0.3411 0.2245
vn -0.1740 0.4477 -0.8771
vn 0.0455 -0.9984 0.0348
vn 0.0580 -0.9968 0.0546
vn -0.4559 -0.8443 -0.2816
vn 0.1477 -0.9890 -0.0121
vn -0.4950 -0.6422 0.5853
vn -0.1145 -0.6817 0.7226
vn -0.1832 -0.9709 0.1540
vn 0.2295 -0.9056 -0.3567
vn 0.2468 -0.8947 -0.3723
vn -0.4558 -0.7648 0.4554
vn 0.1803 -0.7273 0.6622
vn 0.0245 -0.9996 -0.0153
vn 0.0201 -0.9996 -0.0210
vn 0.0338 -0.9954 0.0898
vn -0.5874 -0.8027 0.1033
vn -0.8967 -0.1936 0.3981
vn -0.4692 -0.8375 -0.2800
vn -0.3011 -0.9118 -0.2791
vn 0.2781 0.2398 0.9301
vn -0.8933 -0.2089 -0.3979
vn -0.4543 -0.8825 0.1213
vn 0.0311 -0.9983 0.0489
vn 0.0740 -0.9968 0.0315
vn 0.1022 -0.9920 0.0748
vn -0.4250 -0.8726 0.2408
vn -0.5460 -0.7894 0.2806
vn 0.1568 -0.9548 0.2524
vn 0.0083 -0.9969 -0.0782
vn -0.2771 -0.8750 -0.3969
vn 0.1936 -0.8446 0.4992
vn 0.5055 -0.8614 0.0492
vn 0.2661 -0.8936 -0.3614
vn 0.0924 -0.9924 -0.0815
vn -0.2250 -0.8647 -0.4491
vn -0.4874 -0.8549 0.1777
vn -0.2654 -0.9505 0.1617
vn -0.2439 -0.9177 0.3136
vn -0.5453 -0.8166 -0.1892
vn 0.7512 -0.6106 0.2508
vn 0.1284 -0.9917 -0.0119
vn 0.0659 -0.9974 0.0306
vn 0.3623 -0.8733 -0.3258
vn -0.0006 -0.9938 -0.1114
vn -0.3509 -0.8225 0.4476
vn -0.9583 0.0720 -0.2766
vn -0.2058 -0.9784 0.0192
vn -0.1007 -0.9657 -0.2394
vn -0.0158 -0.5437 -0.8391
vn -0.2352 -0.9713 -0.0347
vn 0.0408 -0.9987 -0.0313
vn 0.0910 -0.9948 -0.0461
vn 0.2098 -0.8709 0.4445
vn 0.2604 -0.3597 0.8960
vn 0.0356 -0.9965 0.0753
vn 0.1751 -0.8663 -0.4678
vn 0.5601 -0.6314 0.5363
vn 0.1155 -0.9930 -0.0266
vn -0.5827 -0.6268 0.5173
vn 0.0136 -0.9932 0.1158
vn 0.6027 -0.7792 -0.1723
vn 0.1135 -0.9912 -0.0683
vn -0.0800 -0.9968 0.0052
vn -0.1381 -0.9875 0.0759
vn 0.0975 -0.8188 0.5658
vn -0.0011 -0.9681 0.2505
vn -0.8219 -0.3261 -0.4670
vn 0.0038 -0.9977 0.0682
vn 0.0183 -0.9924 0.1214
vn -0.0032 -0.9951 -0.0986
vn -0.1427 -0.4837 0.8635
vn -0.6245 -0.7774 0.0754
vn -0.5157 -0.8514 0.0954
vn 0.0855 -0.9957 -0.0365
vn -0.1915 -0.9759 -0.1044
vn -0.5934 -0.7012 0.3952
vn -0.0951 -0.9919 0.0846
vn -0.0364 -0.9990 0.0240
vn 0.0805 -0.8607 0.5028
vn 0.1448 -0.9872 -0.0668
vn 0.0884 -0.9920 0.0904
vn 0.2011 -0.9765 0.0777
vn 0.1083 -0.6530 0.7496
vn 0.6073 -0.7361 0.2989
vn -0.0058 -0.9969 0.0785
vn -0.6932 0.1667 0.7012
vn 0.1104 -0.8092 0.5771
vn 0.1698 -0.8529 0.4937
vn -0.3296 -0.9228 -0.1995
vn 0.1499 -0.9830 0.1065
vn 0.2063 -0.8399 0.5021
vn -0.2277 -0.9599 -0.1636
vn -0.1716 -0.9826 0.0709
vn 0.0147 -0.9855 -0.1689
vn 0.1674 -0.9815 0.0928
vn 0.1860 0.1112 0.9762
vn -0.5559 -0.7886 0.2629
vn -0.4592 -0.8882 -0.0117
vn -0.5595 -0.7819 0.2748
vn -0.8740 -0.4764 0.0957
vn 0.5039 0.4516 0.7363
vn 0.1289 -0.9910 0.0355
vn 0.1377 -0.9873 0.0798
vn 0.0884 -0.9924 0.0850
vn -0.2522 -0.9354 0.2479
vn -0.0345 -0.9972 -0.0666
vn 0.1002 -0.9906 0.0931
vn 0.4105 -0.9119 0.0032
vn -0.7304 -0.6390 0.2413
vn -0.0238 -0.9984 0.0521
vn 0.0227 -0.9997 0.0041
vn 0.0428 -0.9986 0.0320
vn 0.1673 -0.9842 0.0584
vn 0.0837 -0.9953 -0.0481
vn 0.4039 -0.7965 0.4500
vn 0.0424 -0.9967 0.0697
vn -0.6211 -0.7553 -0.2091
vn 0.7501 0.4688 -0.4664
vn -0.5928 -0.8008 0.0856
vn -0.6756 -0.7356 0.0503
vn 0.0305 -0.7024 0.7112
vn -0.2650 -0.9588 -0.1021
vn -0.0504 -0.9816 0.1843
vn -0.5492 -0.7783 -0.3042
vn -0.7067 -0.6751 -0.2116
vn -0.1908 -0.8784 0.4383
vn -0.7487 -0.1532 0.6450
vn 0.1356 -0.9880 -0.0739
vn -0.7401 -0.6704 -0.0536
vn -0.6236 -0.7627 0.1718
vn -0.0077 -0.9997 0.0242
vn -0.6572 -0.7487 -0.0865
vn -0.6801 -0.6352 0.3660
vn 0.0037 -0.9983 0.0577
vn 0.1012 -0.8604 0.4994
vn -0.6702 -0.7421 0.0090
vn -0.0463 -0.9931 -0.1078
vn -0.2398 -0.9629 -0.1240
vn 0.0196 -0.9992 -0.0347
vn -0.1035 -0.9924 0.0665
vn 0.0655 -0.9852 0.1583
vn 0.2662 -0.6627 -0.7000
vn -0.7102 -0.6625 0.2380
vn -0.7312 -0.5935 0.3363
vn 0.0546 -0.9971 0.0521
vn -0.3660 -0.8298 0.4213
vn -0.6605 -0.7460 -0.0849
vn -0.1990 -0.9640 -0.1762
vn 0.0849 -0.8016 0.5918
vn 0.1912 -0.6988 0.6893
vn -0.3641 -0.8536 0.3726
vn 0.6937 0.4485 0.5636
vn -0.3617 -0.9132 -0.1875
vn -0.4918 -0.8700 -0.0357
vn -0.2557 -0.9104 0.3252
vn 0.0389 -0.9971 0.0658
vn 0.0806 -0.9928 -0.0891
vn 0.5140 -0.8564 0.0496
vn 0.0172 -0.9990 -0.0411
vn -0.0560 -0.9981 -0.0247
vn -0.5677 -0.5352 0.6255
vn -0.3573 -0.9177 -0.1735
vn 0.4436 -0.8504 0.2828
vn -0.2968 -0.9340 0.1990
vn 0.2680 -0.8439 0.4648
vn 0.4320 -0.8958 0.1042
vn 0.0125 -0.9998 -0.0164
vn 0.2710 -0.8896 0.3677
vn 0.4006 -0.8911 0.2131
vn -0.4719 -0.8703 0.1409
vn -0.1263 -0.8432 0.5226
vn 0.0950 -0.9529 0.2881
vn 0.0177 -0.9992 0.0348
vn 0.0187 -0.9865 0.1630
vn 0.0379 -0.9642 0.2625
vn -0.3834 -0.8996 0.2091
vn -0.5103 -0.5741 0.6403
vn 0.0162 -0.9997 -0.0191
vn 0.1107 -0.9728 0.2034
vn 0.1253 -0.6818 0.7208
vn -0.5093 -0.7702 0.3839
vn -0.1468 -0.9880 -0.0476
vn -0.0724 -0.9918 -0.1054
vn 0.3171 -0.9330 0.1701
vn -0.4583 0.8835 0.0968
vn 0.0227 -0.9996 -0.0163
vn -0.2186 -0.9605 -0.1722
vn -0.2965 -0.9446 -0.1410
vn -0.4873 -0.6891 0.5364
vn -0.6274 -0.3863 0.6762
vn -0.4263 -0.8248 0.3714
vn 0.0208 -0.9998 0.0051
vn -0.5827 -0.7772 -0.2377
vn 0.2657 -0.8880 -0.3753
vn 0.3303 -0.2467 0.9111
vn 0.6184 -0.7856 0.0196
vn -0.0111 -0.9996 0.0256
vn -0.7534 -0.6519 0.0865
vn -0.4206 -0.7619 0.4926
vn -0.3408 0.8423 0.4176
vn 0.3220 -0.9292 -0.1814
vn 0.2343 -0.8107 0.5365
vn -0.9177 -0.2898 -0.2717
vn -0.0231 -0.9991 0.0347
vn 0.0208 -0.9997 -0.0147
vn 0.0082 -0.9982 0.0600
vn 0.1395 -0.4374 0.8884
vn 0.4602 -0.4656 0.7559
vn -0.2691 -0.3375 0.9020
vn -0.8120 -0.5831 0.0249
vn -0.7084 -0.6807 0.1867
vn 0.0278 -0.9995 -0.0158
vn -0.6574 -0.6759 0.3332
vn -0.5272 -0.8497 -0.0038
vn -0.1866 -0.9809 0.0554
vn -0.2554 -0.9474 0.1928
vn -0.2591 -0.4023 0.8781
vn 0.0200 -0.9991 -0.0365
vn 0.1049 -0.9945 0.0036
vn -0.0146 -0.9980 0.0611
vn -0.8209 -0.4544 0.3460
vn -0.8415 0.2999 0.4493
vn -0.7337 -0.6719 -0.1009
vn -0.6657 0.7135 0.2185
vn -0.5201 -0.8533 0.0374
vn -0.2337 -0.4780 0.8467
vn -0.1904 0.4050 0.8943
vn 0.1420 -0.9877 0.0662
vn 0.1789 -0.9821 0.0586
vn 0.5466 -0.8366 -0.0364
vn 0.4081 -0.2030 0.8901
vn -0.5799 -0.8043 -0.1293
vn -0.6176 -0.7830 -0.0744
vn 0.0435 -0.9982 0.0423
vn -0.8015 -0.4944 0.3363
vn -0.7220 -0.6770 0.1427
vn 0.1889 -0.7206 0.6671
vn -0.2475 -0.8163 0.5219
vn -0.0335 -0.5855 0.8100
vn 0.0057 -0.9998 0.0203
vn -0.1173 -0.6829 0.7210
vn 0.4056 -0.8510 0.3336
vn 0.4867 -0.8340 0.2599
vn -0.0103 -0.9994 0.0331
vn -0.8418 -0.5360 -0.0637
vn -0.7341 -0.6778 -0.0412
vn -0.7769 -0.6287 -0.0344
vn -0.7927 -0.5957 0.1293
vn 0.0352 -0.9954 0.0893
vn -0.7980 -0.4257 0.4267
vn -0.2308 -0.9462 0.2268
vn -0.2257 -0.8459 0.4833
vn 0.0357 -0.5708 0.8203
vn 0.0346 -0.9986 -0.0392
vn 0.0009 -0.9995 -0.0309
vn 0.5195 -0.8459 0.1207
vn 0.5408 -0.8232 0.1728
vn 0.5260 -0.8275 0.1963
vn -0.7912 -0.0558 0.6089
vn -0.5646 -0.8249 0.0280
vn 0.0289 -0.9987 0.0423
vn 0.6114 -0.2709 -0.7435
vn 0.0129 -0.9993 -0.0351
vn 0.1392 -0.7415 0.6563
vn -0.6987 -0.2311 0.6770
vn -0.6687 -0.4073 0.6221
vn -0.2070 -0.9575 0.2010
vn -0.0892 -0.9770 0.1938
vn 0.2677 0.5789 0.7702
vn 0.4472 -0.8905 0.0838
vn -0.5640 -0.7741 -0.2877
vn -0.0775 -0.8242 0.5610
vn -0.5942 -0.7846 0.1769
vn -0.6962 -0.5934 0.4039
vn 0.0195 -0.9990 -0.0402
vn 0.0207 -0.9964 0.0824
vn 0.0206 -0.9991 0.0378
vn -0.0354 -0.9987 0.0370
vn -0.6579 -0.7324 0.1757
vn -0.3516 -0.4827 0.8021
vn 0.0089 -0.9967 0.0802
vn 0.0027 -0.9997 -0.0226
vn -0.4256 -0.8822 0.2016
vn -0.5330 -0.7636 0.3645
vn 0.6721 -0.6806 0.2915
vn -0.6568 -0.7355 -0.1662
vn -0.7449 -0.6664 0.0326
vn -0.6014 -0.7829 0.1595
vn -0.6077 -0.7590 0.2339
vn -0.7708 -0.5804 0.2627
vn -0.7879 -0.5230 0.3252
vn -0.5279 -0.6394 0.5590
vn -0.7938 -0.6020 0.0867
vn 0.0480 -0.9988 -0.0090
vn -0.4581 -0.1416 0.8776
vn -0.4885 0.8449 -0.2179
vn -0.6598 -0.7446 -0.1006
vn -0.6711 -0.7327 0.1131
vn 0.1247 -0.9917 -0.0301
vn 0.1091 -0.9538 0.2800
vn -0.1483 -0.7882 0.5973
vn -0.1538 -0.7424 0.6521
vn -0.0635 -0.9940 -0.0894
vn -0.2467 -0.9679 -0.0488
vn 0.0210 -0.9997 -0.0131
vn -0.7451 -0.6662 0.0316
vn -0.6238 -0.7795 -0.0564
vn -0.7789 -0.5879 0.2184
vn -0.6246 -0.7513 0.2130
vn -0.7296 -0.5212 0.4428
vn -0.5687 -0.6309 0.5277
vn 0.1696 -0.9855 -0.0005
vn -0.0095 -0.9981 0.0603
vn -0.2411 -0.9465 0.2147
vn -0.4388 -0.3693 0.8192
vn 0.0556 -0.8866 0.4593
vn -0.3111 -0.8393 0.4458
vn -0.3588 -0.7634 0.5371
vn -0.0269 -0.9995 -0.0157
vn 0.0644 -0.8537 -0.5168
vn 0.1396 -0.9575 -0.2524
vn -0.4858 -0.8672 -0.1094
vn -0.4232 -0.8503 -0.3128
vn -0.6394 -0.7665 0.0603
vn -0.7292 -0.6787 -0.0869
vn -0.5970 -0.7723 0.2170
vn -0.6776 -0.6758 0.2899
vn 0.0112 -0.9990 0.0429
vn 0.1250 -0.5312 0.8380
vn 0.6450 -0.7036 -0.2983
vn -0.8378 0.1857 0.5133
vn -0.0120 -0.9996 -0.0241
vn 0.0067 -0.9989 0.0468
vn 0.4346 -0.8557 0.2808
vn 0.2453 0.0900 0.9653
vn -0.3682 -0.9218 -0.1210
vn -0.6143 -0.5372 0.5780
vn -0.7071 -0.6165 0.3463
vn -0.6162 -0.6736 0.4081
vn -0.7421 -0.4338 0.5109
vn 0.0560 -0.8862 0.4599
vn -0.6165 -0.7870 -0.0227
vn -0.8966 0.4056 0.1777
vn -0.4100 -0.8607 -0.3018
vn -0.3460 -0.9211 -0.1786
vn -0.3566 -0.9230 -0.1449
vn -0.6500 -0.6681 0.3621
vn -0.5088 -0.8043 0.3070
vn -0.2627 -0.8856 0.3831
vn 0.0237 -0.8063 0.5910
vn 0.3031 -0.9411 0.1501
vn 0.0773 -0.3152 0.9459
vn 0.2543 -0.9403 0.2263
vn 0.0066 -0.8988 0.4382
vn -0.0511 -0.7023 0.7101
vn -0.2949 -0.9442 -0.1470
vn -0.5363 -0.8439 0.0133
vn -0.5297 -0.8482 -0.0082
vn 0.3108 0.1474 0.9390
vn -0.9225 0.1673 0.3478
vn -0.4558 -0.8553 -0.2464
vn -0.5734 -0.8027 0.1641
vn -0.5161 -0.8481 0.1196
vn -0.5457 -0.8369 0.0419
vn -0.0086 -0.9994 0.0324
vn 0.0183 -0.9990 0.0398
vn 0.0176 -0.9913 0.1302
vn -0.0241 -0.6528 0.7571
vn -0.1289 -0.9912 -0.0310
vn -0.1281 -0.9910 -0.0377
vn -0.7632 -0.1647 0.6249
vn -0.5000 -0.7823 0.3716
vn -0.5535 -0.7098 0.4357
vn 0.0373 -0.9993 -0.0069
vn 0.7071 -0.6499 0.2786
vn 0.3173 -0.9089 0.2705
vn 0.2455 -0.8887 0.3872
vn 0.2953 -0.8482 0.4397
vn -0.6172 -0.7865 0.0238
vn -0.3709 -0.8518 0.3700
vn -0.2295 -0.9417 -0.2461
vn -0.2597 -0.9457 -0.1955
vn -0.4103 -0.8854 0.2183
vn -0.5385 -0.7017 0.4665
vn -0.5303 -0.6110 0.5878
vn -0.1706 -0.9069 0.3853
vn -0.0016 -0.9999 0.0155
vn -0.9879 0.0976 0.1202
vn 0.5217 -0.8111 0.2645
vn 0.2064 -0.7120 0.6711
vn -0.5543 -0.0582 0.8303
vn -0.1241 -0.9774 0.1711
vn -0.0585 -0.9973 0.0451
vn -0.3126 -0.9351 0.1667
vn -0.4392 -0.4631 -0.7698
vn 0.5681 -0.5577 0.6052
vn -0.2120 -0.9460 -0.2453
vn -0.2550 -0.9536 -0.1600
vn -0.3325 -0.9365 -0.1112
vn -0.3405 -0.9390 -0.0492
vn -0.3401 -0.9087 0.2419
vn -0.5912 -0.6922 0.4140
vn 0.0388 -0.9989 -0.0267
vn -0.2816 -0.5448 0.7899
vn -0.0425 -0.9834 0.1762
vn 0.0140 -0.9998 -0.0159
vn 0.3230 0.0266 0.9460
vn 0.0006 -0.9983 0.0587
vn -0.5018 -0.2333 -0.8329
vn -0.0572 0.2292 -0.9717
vn -0.0204 -0.9986 -0.0494
vn -0.3620 -0.8706 0.3332
vn -0.2920 -0.9359 -0.1970
vn -0.2872 -0.9467 -0.1456
vn -0.4531 -0.7915 0.4102
vn -0.6341 -0.6022 0.4850
vn 0.4440 -0.7022 0.5566
vn 0.4913 -0.6174 0.6143
vn -0.1820 -0.9480 -0.2612
vn -0.1104 -0.9914 -0.0707
vn -0.4083 -0.8098 0.4213
vn -0.4236 -0.6261 0.6547
vn 0.3007 -0.9429 -0.1432
vn -0.7936 -0.1231 0.5958
vn -0.1404 -0.9885 -0.0558
vn 0.0778 -0.9967 0.0245
vn -0.3246 0.5801 -0.7471
vn -0.0364 -0.9892 0.1418
vn 0.2520 -0.9072 0.3368
vn -0.2744 0.5051 -0.8183
vn -0.3816 -0.8240 0.4189
vn 0.0634 -0.9975 -0.0306
vn 0.0533 -0.9985 0.0141
vn -0.0877 -0.9941 0.0635
vn -0.0542 -0.9947 -0.0870
vn -0.0754 -0.9668 -0.2441
vn 0.0147 -0.9999 -0.0052
vn -0.3776 -0.9205 0.1006
vn -0.6163 -0.7492 -0.2426
vn -0.3061 -0.9046 0.2966
vn -0.3146 -0.8802 0.3554
vn -0.4184 -0.7375 0.5302
vn -0.3857 -0.6730 0.6312
vn -0.3599 -0.4858 0.7965
vn 0.0220 -0.9974 0.0693
vn -0.5535 -0.7695 0.3186
vn -0.0441 -0.9979 0.0479
vn -0.3920 -0.8725 0.2917
vn 0.0204 -0.9996 -0.0169
vn -0.4155 -0.8113 0.4113
vn -0.4188 -0.8070 0.4163
vn 0.0643 -0.8583 -0.5091
vn -0.3537 -0.9340 -0.0509
vn -0.3170 -0.8683 0.3816
vn 0.0117 -0.9999 -0.0046
vn 0.0129 -0.9994 0.0332
vn -0.0296 -0.9946 0.0994
vn 0.6120 -0.7836 0.1071
vn -0.2668 -0.9576 0.1088
vn -0.2777 -0.9445 0.1754
vn -0.3983 -0.7851 0.4744
vn -0.7428 -0.0171 0.6693
vn -0.0990 -0.9915 0.0842
vn -0.6247 -0.1465 -0.7670
vn -0.1017 -0.9902 -0.0960
vn 0.0545 -0.9714 -0.2311
vn 0.4494 -0.7114 0.5403
vn 0.0012 -1.0000 -0.0049
vn -0.2566 -0.9625 -0.0882
vn -0.3132 -0.9367 -0.1566
vn -0.2302 -0.9709 0.0667
vn -0.2600 -0.9328 0.2495
vn -0.2598 -0.9218 0.2878
vn -0.0180 -0.9998 -0.0086
vn -0.0228 -0.9996 0.0156
vn -0.5005 -0.0354 -0.8650
vn -0.2306 -0.9154 0.3299
vn -0.2420 -0.8735 0.4223
vn -0.2352 -0.8786 0.4157
vn -0.3728 -0.4832 0.7922
vn -0.0329 -0.9981 0.0519
vn 0.3822 -0.8981 0.2177
vn 0.2638 -0.9410 0.2120
vn -0.0830 -0.9914 -0.1014
vn 0.0127 -0.9998 0.0133
vn -0.1284 -0.9893 0.0689
vn 0.2386 -0.3078 0.9210
vn 0.2624 0.4003 0.8780
vn -0.2688 -0.9450 0.1863
vn -0.2210 -0.9140 0.3403
vn -0.2732 -0.8706 0.4092
vn 0.3997 -0.7875 0.4692
vn 0.3854 0.9216 0.0462
vn -0.2563 -0.8503 0.4596
vn -0.2763 -0.8119 0.5143
vn -0.2892 -0.6628 0.6907
vn -0.2677 -0.6432 0.7174
vn 0.0476 -0.9988 -0.0065
vn -0.1700 -0.7947 0.5827
vn 0.1493 -0.7724 -0.6174
vn -0.7497 -0.6440 0.1527
vn -0.0041 -0.9972 -0.0751
vn 0.0130 -0.9999 -0.0040
vn -0.0147 -0.9998 0.0150
vn -0.0348 -0.9978 0.0564
vn -0.1444 -0.9895 -0.0019
vn -0.8343 -0.5445 -0.0867
vn -0.4581 -0.8700 -0.1821
vn -0.9302 -0.2876 -0.2282
vn -0.0251 -0.9927 0.1177
vn -0.7911 -0.6116 0.0064
vn -0.2576 -0.7833 0.5658
vn -0.1855 -0.8380 -0.5132
vn -0.4477 -0.8672 -0.2180
vn -0.4542 -0.8635 -0.2191
vn -0.6896 -0.7102 -0.1415
vn -0.7778 -0.4160 -0.4711
vn -0.1223 -0.9850 0.1217
vn 0.5840 -0.8089 -0.0684
vn -0.5004 -0.8630 -0.0694
vn -0.4829 -0.8740 0.0545
vn 0.0446 -0.9986 -0.0274
vn 0.0479 -0.9973 0.0550
vn -0.5310 -0.8019 -0.2739
vn -0.5954 -0.8017 0.0527
vn -0.1257 -0.9916 -0.0319
vn -0.0194 -0.9962 -0.0851
vn -0.1193 -0.9923 -0.0329
vn -0.2539 -0.9672 -0.0081
vn -0.1112 -0.9896 -0.0911
vn -0.2154 -0.9763 -0.0215
vn -0.0403 -0.9460 0.3216
vn 0.0074 -0.9991 0.0407
vn 0.1088 -0.9940 0.0133
vn -0.0659 -0.9958 -0.0638
vn -0.0657 -0.9958 -0.0641
vn 0.0198 -0.9997 0.0144
vn -0.0164 -0.9998 0.0108
vn 0.0012 -0.9989 0.0459
vn 0.1102 -0.3862 0.9158
vn -0.1966 -0.9621 0.1891
vn -0.6399 -0.7150 0.2817
vn -0.2426 -0.6465 0.7233
vn -0.3037 -0.9523 0.0287
vn 0.0264 -0.9987 0.0428
vn 0.0596 -0.9982 0.0072
vn 0.0254 -0.9996 0.0117
vn 0.0136 -0.9999 -0.0040
vn -0.0196 -0.9997 0.0136
vn -0.2473 -0.9659 0.0772
vn -0.4727 -0.8671 0.1570
vn -0.4709 -0.7621 0.4444
vn -0.5235 -0.6213 -0.5830
vn -0.1926 -0.8722 0.4496
vn -0.1891 -0.7599 0.6220
vn -0.1340 -0.6688 0.7313
vn -0.1200 -0.4373 0.8913
vn -0.1695 -0.9768 -0.1307
vn -0.0513 -0.9966 -0.0641
vn 0.0206 -0.9998 -0.0083
vn 0.0573 -0.9982 0.0201
vn -0.0073 -0.9985 0.0537
vn 0.0211 -0.4984 0.8667
vn -0.5995 -0.3607 0.7145
vn -0.1475 -0.6200 0.7706
vn 0.0279 -0.9995 0.0128
vn 0.0540 -0.9985 0.0131
vn 0.4541 -0.8900 -0.0404
vn -0.0194 -0.9997 0.0141
vn -0.1603 -0.9868 0.0215
vn -0.7167 -0.5421 0.4387
vn -0.1451 -0.8426 0.5186
vn 0.4594 -0.2231 0.8597
vn -0.7558 -0.3573 0.5487
vn -0.2286 -0.5648 0.7930
vn 0.0463 -0.9971 0.0605
vn 0.5788 -0.7777 0.2453
vn -0.0238 -0.9995 -0.0225
vn 0.2634 -0.8255 0.4991
vn -0.4158 -0.9077 -0.0561
vn -0.0286 -0.9982 0.0526
vn 0.1014 -0.9948 0.0054
vn -0.1711 -0.7676 0.6177
vn -0.1345 -0.9840 0.1171
vn 0.3731 -0.9170 -0.1408
vn 0.0535 -0.9984 -0.0177
vn -0.0504 -0.9986 0.0149
vn 0.5888 -0.6487 0.4823
vn -0.5697 -0.5968 0.5651
vn -0.0354 -0.6958 0.7174
vn 0.0927 -0.6536 0.7511
vn 0.0044 -0.9772 0.2125
vn 0.0081 -0.9990 0.0446
vn 0.2671 -0.9481 0.1723
vn 0.1728 -0.9849 -0.0029
vn 0.3478 -0.6978 0.6262
vn 0.3350 -0.6894 0.6423
vn 0.0009 -0.9917 0.1289
vn -0.4144 -0.9043 -0.1022
vn -0.2239 -0.9018 0.3696
vn 0.2455 -0.9073 0.3414
vn -0.6460 0.0125 0.7632
vn 0.0203 -0.5182 0.8550
vn 0.0399 -0.5058 0.8617
vn 0.0417 -0.5879 0.8078
vn -0.6684 -0.7354 -0.1115
vn 0.1906 -0.6989 0.6894
vn 0.3965 -0.6746 0.6226
vn 0.4802 -0.8025 0.3541
vn 0.1370 -0.9375 0.3199
vn 0.6112 -0.6572 0.4411
vn 0.6115 -0.6649 0.4288
vn 0.7673 -0.6144 0.1837
vn 0.0333 -0.9994 0.0018
vn 0.0309 -0.7457 0.6656
vn 0.0357 -0.9988 0.0329
vn 0.0019 -0.9989 0.0466
vn 0.0184 -0.9996 0.0219
vn 0.0066 -0.9999 0.0086
vn 0.5188 -0.7493 0.4116
vn 0.7085 -0.6758 0.2033
vn 0.6530 -0.7462 0.1298
vn 0.2564 -0.9642 -0.0680
vn 0.0015 -0.9976 -0.0685
vn 0.0057 -0.9997 -0.0251
vn -0.1350 -0.6398 0.7566
vn -0.3211 -0.9357 0.1459
vn -0.2512 -0.8978 0.3617
vn -0.2485 -0.8207 0.5144
vn -0.1142 -0.7216 0.6829
vn 0.1881 -0.7622 0.6194
vn -0.0214 -0.9996 0.0181
vn 0.4251 -0.6825 0.5945
vn 0.3295 -0.9014 -0.2809
vn -0.0370 -0.9655 0.2578
vn -0.1692 -0.9769 0.1304
vn 0.0908 -0.9957 -0.0186
vn 0.0618 -0.9922 -0.1079
vn 0.1856 -0.9808 -0.0592
vn -0.4276 -0.4898 0.7598
vn -0.4817 -0.3735 0.7928
vn 0.4629 -0.7060 0.5360
vn 0.0076 -0.7127 0.7014
vn 0.3809 -0.8586 0.3431
vn -0.0198 -0.9998 -0.0047
vn 0.0223 -0.9997 -0.0039
vn -0.2240 0.7373 0.6373
vn -0.1618 -0.9756 0.1485
vn -0.4564 -0.8666 0.2017
vn 0.1827 -0.9816 -0.0556
vn -0.8499 0.1708 0.4985
vn -0.4618 -0.3496 0.8152
vn 0.0300 -0.9969 0.0724
vn 0.0225 -0.9995 -0.0223
vn -0.0215 -0.9975 -0.0667
vn 0.0800 -0.8738 0.4797
vn -0.1612 -0.9809 -0.1086
vn 0.0843 -0.6054 0.7914
vn 0.0131 -0.9983 0.0573
vn 0.0847 -0.8457 0.5269
vn 0.3140 -0.5690 0.7600
vn 0.0704 -0.9975 0.0011
vn 0.0689 -0.9976 0.0012
vn 0.2776 -0.9436 -0.1803
vn -0.1236 -0.9919 0.0283
vn -0.2802 -0.6710 0.6865
vn -0.1456 -0.9599 0.2396
vn -0.1376 -0.4794 0.8668
vn 0.4153 -0.9079 -0.0561
vn 0.3040 -0.9314 0.2002
vn 0.0440 -0.9190 0.3917
vn 0.0205 -0.9996 -0.0172
vn 0.0383 -0.9989 -0.0280
vn 0.0272 -0.9991 0.0324
vn 0.0147 -0.9998 0.0125
vn -0.1029 -0.7964 0.5959
vn -0.4019 -0.7830 0.4748
vn 0.0319 -0.9970 0.0711
vn 0.0613 -0.9975 -0.0346
vn -0.4727 -0.6614 0.5824
vn -0.0256 -0.5818 0.8129
vn 0.0481 -0.9988 0.0095
vn -0.2907 -0.6609 0.6919
vn 0.0096 -0.9110 0.4122
vn -0.0125 -0.8565 0.5159
vn 0.0338 -0.9917 -0.1237
vn -0.0424 -0.9893 0.1399
vn -0.0283 -0.9994 0.0216
vn -0.1586 0.4480 -0.8799
vn 0.0087 -0.9984 0.0559
vn -0.0600 -0.8571 0.5117
vn 0.0440 -0.9978 -0.0496
vn -0.0170 -0.9995 -0.0251
vn -0.1006 -0.9949 0.0011
vn -0.2805 -0.6540 0.7026
vn -0.0108 -0.9814 0.1916
vn -0.8785 0.2188 -0.4247
vn 0.6266 -0.5143 0.5856
vn -0.2318 -0.9569 -0.1750
vn -0.4868 -0.6479 0.5859
vn 0.1532 -0.9882 -0.0029
vn -0.6246 -0.6135 -0.4833
vn -0.0020 -0.9981 0.0620
vn 0.0106 -0.5557 0.8313
vn -0.0654 -0.9628 0.2623
vn 0.0103 -0.9999 0.0107
vn 0.0039 -0.9999 0.0125
vn -0.7755 -0.6177 -0.1308
vn 0.0266 -0.9996 -0.0059
vn -0.1265 -0.4369 0.8906
vn 0.0332 -0.9978 0.0566
vn 0.0615 -0.9812 0.1830
vn 0.0062 -0.7365 0.6764
vn 0.0186 -0.9179 0.3964
vn 0.0051 -0.9999 0.0120
vn 0.1548 -0.9768 -0.1481
vn 0.0364 -0.9991 0.0229
vn -0.5592 -0.6462 0.5194
vn -0.0000 -0.9998 0.0175
vn 0.0464 -0.8372 0.5448
vn 0.3985 -0.7956 0.4563
vn 0.0324 -0.9888 -0.1460
vn -0.4460 -0.8863 0.1249
vn 0.0210 -0.9996 -0.0209
vn 0.0090 -0.9993 -0.0357
vn 0.0009 -0.9995 -0.0316
vn 0.0254 -0.9991 0.0351
vn -0.0603 -0.9790 0.1949
vn -0.0110 -0.9999 -0.0108
vn -0.5772 -0.6344 0.5142
vn -0.5809 -0.6479 0.4928
vn 0.0544 -0.9984 0.0152
vn 0.0345 -0.9964 0.0769
vn 0.0330 -0.9991 -0.0263
vn -0.0040 -0.9983 0.0581
vn -0.0902 -0.5189 0.8501
vn 0.0069 -0.9989 -0.0466
vn -0.0518 -0.9983 -0.0275
vn 0.0688 -0.9930 -0.0961
vn 0.0053 -0.9999 0.0148
vn -0.5483 -0.6351 0.5441
vn 0.0697 -0.9807 0.1829
vn -0.0593 -0.9636 0.2609
vn 0.0322 -0.9650 0.2603
vn 0.0765 -0.9936 0.0827
vn -0.2456 -0.9689 -0.0321
vn 0.0040 -0.9987 0.0515
vn -0.0040 -0.9907 0.1360
vn -0.0961 -0.7938 0.6006
vn 0.0355 -0.9988 0.0342
vn -0.1052 -0.7767 0.6210
vn -0.0962 -0.5259 0.8451
vn -0.0336 -0.9992 -0.0209
vn 0.1051 -0.9943 -0.0155
vn 0.0637 -0.9979 0.0137
vn -0.7949 -0.5772 0.1869
vn -0.7928 -0.5917 0.1460
vn 0.2709 -0.9324 0.2394
vn -0.0304 -0.9992 0.0268
vn -0.9936 -0.0381 0.1068
s 0
f 1331//1 1326//1 1360//1
f 158//2 1472//2 292//2
f 1472//3 1447//3 319//3
f 2840//4 2828//4 2834//4
f 127//5 146//5 427//5
f 2015//6 1149//6 1338//6
f 1315//7 1327//7 1159//7
f 1455//8 1491//8 1479//8
f 185//9 121//9 49//9
f 1512//10 1530//10 100//10
f 491//11 319//11 505//11
f 2843//12 2830//12 2825//12
f 978//13 753//13 1508//13
f 681//14 966//14 269//14
f 529//15 31//15 1952//15
f 2047//16 2482//16 2490//16
f 486//17 1643//17 1615//17
f 888//18 407//18 335//18
f 1478//19 1501//19 1490//19
f 1512//20 100//20 70//20
f 1529//21 1512//21 70//21
f 1989//22 1975//22 2005//22
f 270//23 99//23 127//23
f 99//24 281//24 127//24
f 179//25 127//25 427//25
f 2562//26 1761//26 1261//26
f 281//27 1472//27 158//27
f 146//28 158//28 315//28
f 340//29 395//29 622//29
f 1494//30 1493//30 451//30
f 1152//31 1478//31 1415//31
f 268//32 1510//32 1287//32
f 292//33 1472//33 319//33
f 272//34 328//34 255//34
f 146//35 247//35 342//35
f 2030//36 1453//36 2029//36
f 1613//37 1670//37 195//37
f 271//38 427//38 342//38
f 1166//39 579//39 1222//39
f 639//40 320//40 1446//40
f 1427//41 887//41 137//41
f 766//42 1247//42 1388//42
f 427//43 146//43 342//43
f 3//44 342//44 11//44
f 69//45 271//45 414//45
f 1196//46 506//46 669//46
f 705//47 481//47 523//47
f 1364//48 1674//48 1636//48
f 129//49 336//49 128//49
f 602//50 198//50 584//50
f 395//51 69//51 414//51
f 414//52 342//52 3//52
f 185//53 49//53 186//53
f 413//54 1137//54 61//54
f 11//55 342//55 306//55
f 250//56 670//56 902//56
f 1713//57 1192//57 1709//57
f 79//58 1448//58 1447//58
f 473//59 107//59 399//59
f 1152//60 1415//60 462//60
f 2646//61 2670//61 2663//61
f 696//62 537//62 407//62
f 1469//63 1455//63 1479//63
f 978//64 441//64 426//64
f 475//65 1193//65 1300//65
f 1086//66 1646//66 1669//66
f 1430//67 1441//67 1429//67
f 1453//68 969//68 268//68
f 248//69 266//69 138//69
f 198//70 658//70 584//70
f 703//71 3//71 11//71
f 2217//72 894//72 2307//72
f 1825//73 1826//73 1836//73
f 1434//74 1444//74 1455//74
f 2323//75 2408//75 2818//75
f 1444//76 1470//76 1455//76
f 35//77 289//77 309//77
f 362//78 461//78 391//78
f 289//79 270//79 179//79
f 1440//80 1469//80 1454//80
f 139//81 36//81 1494//81
f 1338//82 1167//82 509//82
f 1338//83 1149//83 1942//83
f 1327//84 192//84 1159//84
f 1428//85 1335//85 1434//85
f 1824//86 1823//86 1508//86
f 100//87 1530//87 50//87
f 7//88 395//88 1465//88
f 42//89 627//89 71//89
f 681//90 1315//90 966//90
f 317//91 231//91 264//91
f 264//92 231//92 265//92
f 233//93 248//93 138//93
f 196//94 233//94 138//94
f 233//95 236//95 248//95
f 1465//96 414//96 703//96
f 414//97 3//97 703//97
f 136//98 80//98 1584//98
f 1975//99 2006//99 2005//99
f 1853//100 1843//100 2253//100
f 1949//101 1950//101 1961//101
f 1624//102 1580//102 105//102
f 440//103 681//103 1510//103
f 1510//104 681//104 269//104
f 231//105 6//105 265//105
f 6//106 196//106 138//106
f 265//107 6//107 138//107
f 546//108 413//108 638//108
f 289//109 336//109 270//109
f 407//110 1445//110 250//110
f 658//111 272//111 584//111
f 2031//112 2030//112 2020//112
f 1695//113 1867//113 1680//113
f 1536//114 340//114 622//114
f 2424//115 868//115 866//115
f 1159//116 192//116 905//116
f 196//117 89//117 233//117
f 33//118 236//118 233//118
f 41//119 1584//119 236//119
f 33//120 41//120 236//120
f 1249//121 1280//121 1248//121
f 1030//122 546//122 638//122
f 99//123 432//123 281//123
f 185//124 182//124 121//124
f 1464//125 658//125 1792//125
f 6//126 89//126 196//126
f 89//127 143//127 233//127
f 143//128 33//128 233//128
f 115//129 546//129 1030//129
f 281//130 432//130 1472//130
f 5//131 516//131 496//131
f 1520//132 11//132 306//132
f 301//133 38//133 1807//133
f 1376//134 113//134 1721//134
f 1526//135 1517//135 1527//135
f 2485//136 2492//136 2479//136
f 40//137 231//137 92//137
f 40//138 6//138 231//138
f 1832//139 2239//139 2245//139
f 622//140 341//140 1526//140
f 2670//141 2677//141 2663//141
f 1201//142 1302//142 1868//142
f 75//143 395//143 340//143
f 2246//144 2254//144 2245//144
f 92//145 458//145 40//145
f 143//146 23//146 33//146
f 969//147 443//147 268//147
f 87//148 235//148 92//148
f 2341//149 2363//149 2349//149
f 1703//150 100//150 50//150
f 1216//151 1174//151 1260//151
f 1537//152 1536//152 1526//152
f 703//153 11//153 1520//153
f 282//154 703//154 1520//154
f 2408//155 778//155 851//155
f 2254//156 2246//156 2267//156
f 2321//157 2341//157 2313//157
f 1416//158 962//158 697//158
f 33//159 172//159 41//159
f 1188//160 1214//160 510//160
f 2698//161 2689//161 2666//161
f 2015//162 1900//162 1149//162
f 1399//163 1398//163 1378//163
f 365//164 347//164 82//164
f 1536//165 622//165 1526//165
f 2820//166 2836//166 1096//166
f 2379//167 2380//167 2395//167
f 504//168 544//168 532//168
f 610//169 624//169 655//169
f 344//170 392//170 421//170
f 135//171 378//171 325//171
f 190//172 208//172 245//172
f 33//173 23//173 172//173
f 1030//174 638//174 1157//174
f 1271//175 1996//175 1312//175
f 1873//176 2285//176 1882//176
f 1451//177 1468//177 953//177
f 414//178 271//178 342//178
f 1577//179 1562//179 1578//179
f 1689//180 288//180 1470//180
f 768//181 767//181 748//181
f 730//182 743//182 700//182
f 235//183 424//183 458//183
f 424//184 40//184 458//184
f 40//185 424//185 6//185
f 424//186 230//186 6//186
f 1239//187 1238//187 1200//187
f 2332//188 2299//188 2366//188
f 1917//189 1925//189 2041//189
f 283//190 249//190 234//190
f 309//191 75//191 340//191
f 395//192 7//192 341//192
f 629//193 648//193 672//193
f 691//194 768//194 748//194
f 154//195 208//195 190//195
f 88//196 835//196 110//196
f 2216//197 1737//197 2412//197
f 1262//198 1271//198 1250//198
f 494//199 638//199 252//199
f 1238//200 1262//200 1250//200
f 987//201 1765//201 31//201
f 395//202 341//202 622//202
f 161//203 703//203 282//203
f 707//204 691//204 672//204
f 769//205 768//205 691//205
f 191//206 246//206 263//206
f 697//207 962//207 408//207
f 325//208 378//208 377//208
f 477//209 479//209 598//209
f 1379//210 1365//210 1328//210
f 2019//211 2020//211 2030//211
f 1120//212 1949//212 1954//212
f 707//213 769//213 691//213
f 769//214 789//214 768//214
f 928//215 246//215 191//215
f 773//216 756//216 730//216
f 295//217 313//217 262//217
f 191//218 208//218 154//218
f 155//219 191//219 154//219
f 111//220 155//220 110//220
f 155//221 154//221 110//221
f 835//222 111//222 110//222
f 1310//223 1326//223 1331//223
f 309//224 340//224 1540//224
f 629//225 603//225 648//225
f 2156//226 2163//226 2152//226
f 683//227 672//227 648//227
f 683//228 707//228 672//228
f 435//229 519//229 489//229
f 276//230 261//230 243//230
f 544//231 577//231 576//231
f 345//232 344//232 313//232
f 345//233 313//233 295//233
f 1188//234 510//234 535//234
f 2216//235 2412//235 766//235
f 252//236 1137//236 398//236
f 1540//237 340//237 1536//237
f 598//238 1348//238 1037//238
f 1575//239 551//239 603//239
f 551//240 604//240 603//240
f 604//241 649//241 648//241
f 649//242 683//242 648//242
f 769//243 805//243 789//243
f 392//244 489//244 421//244
f 519//245 533//245 489//245
f 262//246 313//246 324//246
f 313//247 344//247 324//247
f 1176//248 1177//248 1185//248
f 701//249 730//249 700//249
f 295//250 262//250 263//250
f 490//251 545//251 519//251
f 191//252 263//252 208//252
f 435//253 490//253 519//253
f 697//254 408//254 510//254
f 1420//255 934//255 973//255
f 2839//256 2333//256 2815//256
f 2175//257 1189//257 1240//257
f 298//258 1520//258 377//258
f 244//259 276//259 243//259
f 420//260 434//260 433//260
f 1861//261 1880//261 1879//261
f 624//262 636//262 668//262
f 1681//263 1385//263 1695//263
f 72//264 1427//264 137//264
f 681//265 1327//265 1315//265
f 512//266 551//266 550//266
f 594//267 604//267 551//267
f 749//268 769//268 707//268
f 749//269 779//269 769//269
f 755//270 784//270 764//270
f 677//271 668//271 700//271
f 1215//272 1011//272 1367//272
f 66//273 679//273 678//273
f 754//274 755//274 764//274
f 1238//275 1250//275 1229//275
f 1984//276 1983//276 895//276
f 1952//277 426//277 1348//277
f 1198//278 800//278 428//278
f 498//279 512//279 550//279
f 708//280 707//280 683//280
f 708//281 749//281 707//281
f 784//282 808//282 62//282
f 62//283 135//283 325//283
f 1952//284 753//284 978//284
f 1620//285 1650//285 1801//285
f 328//286 705//286 255//286
f 527//287 551//287 512//287
f 527//288 594//288 551//288
f 642//289 649//289 604//289
f 649//290 684//290 683//290
f 684//291 708//291 683//291
f 624//292 668//292 677//292
f 134//293 190//293 189//293
f 764//294 784//294 793//294
f 194//295 63//295 193//295
f 1968//296 1975//296 1989//296
f 2552//297 2575//297 2551//297
f 605//298 604//298 594//298
f 604//299 605//299 642//299
f 659//300 649//300 642//300
f 659//301 684//301 649//301
f 750//302 749//302 708//302
f 350//303 14//303 413//303
f 263//304 245//304 208//304
f 678//305 716//305 731//305
f 763//306 764//306 793//306
f 69//307 179//307 271//307
f 2707//308 2767//308 2756//308
f 483//309 527//309 512//309
f 566//310 594//310 527//310
f 566//311 605//311 594//311
f 684//312 720//312 708//312
f 720//313 750//313 708//313
f 779//314 806//314 814//314
f 190//315 244//315 207//315
f 1229//316 1228//316 1199//316
f 1352//317 706//317 1622//317
f 348//318 361//318 249//318
f 437//319 560//319 1738//319
f 1376//320 2203//320 732//320
f 605//321 650//321 642//321
f 749//322 806//322 779//322
f 777//323 814//323 806//323
f 655//324 677//324 676//324
f 325//325 377//325 360//325
f 406//326 345//326 1024//326
f 276//327 262//327 324//327
f 483//328 539//328 527//328
f 566//329 618//329 605//329
f 618//330 606//330 605//330
f 605//331 606//331 650//331
f 650//332 659//332 642//332
f 174//333 215//333 214//333
f 489//334 455//334 421//334
f 687//335 743//335 729//335
f 716//336 796//336 757//336
f 283//337 348//337 249//337
f 1735//338 1323//338 2830//338
f 46//339 124//339 1573//339
f 37//340 1770//340 73//340
f 1713//341 1748//341 1192//341
f 2025//342 401//342 159//342
f 2183//343 682//343 819//343
f 2203//344 1376//344 1721//344
f 527//345 539//345 566//345
f 750//346 759//346 749//346
f 759//347 806//347 749//347
f 808//348 135//348 62//348
f 421//349 420//349 372//349
f 110//350 154//350 153//350
f 348//351 383//351 382//351
f 422//352 364//352 398//352
f 9//353 1301//353 1401//353
f 2366//354 2811//354 2816//354
f 2168//355 2169//355 2181//355
f 880//356 732//356 1175//356
f 2756//357 2805//357 2804//357
f 539//358 606//358 566//358
f 566//359 606//359 618//359
f 650//360 660//360 659//360
f 659//361 660//361 684//361
f 684//362 692//362 720//362
f 796//363 359//363 52//363
f 373//364 421//364 372//364
f 262//365 276//365 244//365
f 1290//366 1314//366 1289//366
f 2078//367 2315//367 2840//367
f 46//368 74//368 124//368
f 2844//369 2820//369 1096//369
f 1474//370 1491//370 1501//370
f 1491//371 1512//371 1501//371
f 1918//372 2351//372 2322//372
f 539//373 586//373 606//373
f 684//374 660//374 692//374
f 720//375 721//375 750//375
f 721//376 759//376 750//376
f 759//377 790//377 806//377
f 206//378 207//378 243//378
f 433//379 434//379 504//379
f 296//380 295//380 246//380
f 362//381 348//381 302//381
f 362//382 383//382 348//382
f 613//383 637//383 612//383
f 2276//384 2267//384 2304//384
f 1580//385 104//385 1563//385
f 1581//386 1580//386 1563//386
f 2823//387 2839//387 2815//387
f 513//388 483//388 2357//388
f 513//389 539//389 483//389
f 567//390 586//390 539//390
f 650//391 606//391 660//391
f 692//392 721//392 720//392
f 798//393 777//393 806//393
f 190//394 207//394 189//394
f 585//395 764//395 763//395
f 941//396 1416//396 697//396
f 145//397 654//397 676//397
f 147//398 200//398 165//398
f 200//399 199//399 165//399
f 90//400 1442//400 1432//400
f 880//401 1175//401 2283//401
f 567//402 539//402 513//402
f 595//403 586//403 567//403
f 606//404 651//404 660//404
f 721//405 692//405 660//405
f 721//406 751//406 759//406
f 790//407 798//407 806//407
f 1011//408 963//408 1367//408
f 774//409 796//409 716//409
f 637//410 679//410 612//410
f 109//411 110//411 153//411
f 559//412 577//412 533//412
f 324//413 344//413 373//413
f 796//414 795//414 757//414
f 1152//415 1454//415 1478//415
f 1301//416 56//416 1824//416
f 2047//417 2129//417 1781//417
f 2357//418 484//418 513//418
f 484//419 514//419 513//419
f 619//420 586//420 595//420
f 619//421 606//421 586//421
f 651//422 661//422 660//422
f 693//423 721//423 660//423
f 693//424 751//424 721//424
f 759//425 751//425 790//425
f 790//426 780//426 798//426
f 635//427 610//427 655//427
f 1378//428 1398//428 1390//428
f 366//429 1698//429 389//429
f 2832//430 2842//430 2817//430
f 1906//431 1915//431 2303//431
f 606//432 619//432 651//432
f 661//433 693//433 660//433
f 751//434 780//434 790//434
f 157//435 798//435 780//435
f 1418//436 2822//436 2838//436
f 261//437 323//437 312//437
f 599//438 610//438 577//438
f 134//439 154//439 190//439
f 215//440 234//440 249//440
f 654//441 655//441 676//441
f 933//442 284//442 234//442
f 559//443 533//443 519//443
f 1097//444 438//444 379//444
f 175//445 234//445 215//445
f 179//446 270//446 127//446
f 44//447 523//447 481//447
f 1554//448 1566//448 2594//448
f 514//449 567//449 513//449
f 693//450 734//450 751//450
f 734//451 780//451 751//451
f 315//452 326//452 297//452
f 362//453 411//453 383//453
f 1088//454 1089//454 1104//454
f 147//455 125//455 166//455
f 183//456 200//456 166//456
f 183//457 224//457 200//457
f 2013//458 2031//458 2020//458
f 2821//459 2814//459 2831//459
f 56//460 1678//460 1824//460
f 1501//461 1529//461 1534//461
f 469//462 514//462 484//462
f 587//463 595//463 567//463
f 619//464 643//464 651//464
f 643//465 661//465 651//465
f 760//466 780//466 734//466
f 814//467 777//467 906//467
f 756//468 755//468 743//468
f 245//469 244//469 190//469
f 1508//470 1301//470 1824//470
f 125//471 183//471 166//471
f 225//472 224//472 183//472
f 225//473 238//473 224//473
f 540//474 567//474 514//474
f 540//475 587//475 567//475
f 619//476 595//476 587//476
f 662//477 661//477 643//477
f 661//478 694//478 693//478
f 693//479 694//479 734//479
f 637//480 680//480 679//480
f 36//481 83//481 176//481
f 489//482 533//482 488//482
f 75//483 69//483 395//483
f 587//484 620//484 619//484
f 619//485 620//485 643//485
f 661//486 662//486 694//486
f 760//487 734//487 694//487
f 1323//488 1417//488 2813//488
f 533//489 577//489 544//489
f 62//490 456//490 793//490
f 174//491 175//491 215//491
f 83//492 747//492 176//492
f 884//493 77//493 125//493
f 77//494 148//494 125//494
f 148//495 183//495 125//495
f 395//496 414//496 1465//496
f 1404//497 1411//497 1075//497
f 469//498 448//498 485//498
f 528//499 514//499 469//499
f 485//500 528//500 469//500
f 528//501 540//501 514//501
f 528//502 587//502 540//502
f 652//503 662//503 643//503
f 722//504 760//504 694//504
f 2669//505 175//505 174//505
f 276//506 323//506 261//506
f 176//507 747//507 457//507
f 747//508 29//508 457//508
f 1225//509 1247//509 941//509
f 949//510 2834//510 1223//510
f 148//511 225//511 183//511
f 407//512 250//512 902//512
f 1466//513 641//513 1868//513
f 1733//514 390//514 448//514
f 588//515 587//515 528//515
f 588//516 620//516 587//516
f 620//517 652//517 643//517
f 722//518 694//518 662//518
f 760//519 722//519 780//519
f 722//520 781//520 780//520
f 781//521 581//521 780//521
f 780//522 581//522 157//522
f 459//523 438//523 157//523
f 363//524 362//524 302//524
f 774//525 797//525 796//525
f 754//526 743//526 755//526
f 485//527 499//527 528//527
f 685//528 722//528 662//528
f 581//529 459//529 157//529
f 459//530 237//530 438//530
f 362//531 391//531 411//531
f 359//532 436//532 393//532
f 456//533 360//533 116//533
f 747//534 20//534 29//534
f 715//535 948//535 1115//535
f 1658//536 1835//536 1681//536
f 796//537 436//537 359//537
f 2841//538 2821//538 1367//538
f 77//539 78//539 148//539
f 239//540 274//540 273//540
f 193//541 63//541 173//541
f 448//542 499//542 485//542
f 499//543 552//543 528//543
f 552//544 588//544 528//544
f 652//545 663//545 662//545
f 662//546 663//546 685//546
f 685//547 723//547 722//547
f 1826//548 1825//548 1802//548
f 747//549 177//549 20//549
f 1750//550 2179//550 2835//550
f 552//551 568//551 588//551
f 588//552 568//552 620//552
f 568//553 652//553 620//553
f 216//554 459//554 581//554
f 207//555 244//555 243//555
f 20//556 582//556 29//556
f 1338//557 1334//557 1167//557
f 239//558 201//558 274//558
f 201//559 290//559 274//559
f 449//560 448//560 390//560
f 449//561 499//561 448//561
f 568//562 663//562 652//562
f 723//563 781//563 722//563
f 781//564 216//564 581//564
f 1215//565 850//565 965//565
f 103//566 126//566 78//566
f 78//567 126//567 148//567
f 148//568 126//568 225//568
f 225//569 201//569 239//569
f 274//570 290//570 337//570
f 274//571 337//571 390//571
f 367//572 449//572 390//572
f 541//573 552//573 499//573
f 541//574 569//574 568//574
f 552//575 541//575 568//575
f 621//576 663//576 568//576
f 723//577 761//577 781//577
f 781//578 791//578 216//578
f 1176//579 1185//579 1199//579
f 189//580 207//580 206//580
f 303//581 795//581 52//581
f 421//582 455//582 420//582
f 126//583 201//583 225//583
f 367//584 390//584 337//584
f 367//585 430//585 449//585
f 541//586 499//586 449//586
f 621//587 568//587 569//587
f 570//588 621//588 569//588
f 621//589 653//589 663//589
f 724//590 723//590 685//590
f 724//591 761//591 723//591
f 761//592 791//592 781//592
f 1398//593 1408//593 1397//593
f 1311//594 1310//594 1270//594
f 757//595 795//595 773//595
f 153//596 134//596 109//596
f 455//597 434//597 420//597
f 20//598 142//598 582//598
f 1786//599 1785//599 1775//599
f 126//600 167//600 201//600
f 338//601 337//601 290//601
f 338//602 367//602 337//602
f 500//603 541//603 449//603
f 541//604 570//604 569//604
f 653//605 685//605 663//605
f 653//606 695//606 685//606
f 695//607 724//607 685//607
f 791//608 280//608 216//608
f 216//609 280//609 459//609
f 973//610 1030//610 1408//610
f 599//611 624//611 610//611
f 794//612 795//612 303//612
f 455//613 488//613 434//613
f 544//614 576//614 558//614
f 1142//615 636//615 624//615
f 582//616 142//616 55//616
f 1949//617 1968//617 1954//617
f 167//618 226//618 201//618
f 321//619 338//619 290//619
f 430//620 500//620 449//620
f 500//621 570//621 541//621
f 596//622 630//622 621//622
f 570//623 596//623 621//623
f 630//624 653//624 621//624
f 695//625 752//625 724//625
f 752//626 761//626 724//626
f 782//627 791//627 761//627
f 791//628 782//628 280//628
f 505//629 459//629 280//629
f 505//630 745//630 459//630
f 298//631 282//631 1520//631
f 488//632 504//632 434//632
f 373//633 372//633 324//633
f 54//634 55//634 142//634
f 55//635 54//635 496//635
f 963//636 1029//636 1367//636
f 256//637 290//637 201//637
f 256//638 321//638 290//638
f 668//639 678//639 701//639
f 412//640 1068//640 397//640
f 344//641 345//641 392//641
f 256//642 201//642 226//642
f 419//643 430//643 367//643
f 542//644 570//644 500//644
f 542//645 596//645 570//645
f 630//646 631//646 653//646
f 631//647 664//647 653//647
f 664//648 695//648 653//648
f 752//649 782//649 761//649
f 782//650 171//650 280//650
f 34//651 1159//651 1838//651
f 1215//652 2823//652 850//652
f 419//653 338//653 321//653
f 419//654 367//654 338//654
f 596//655 631//655 630//655
f 709//656 695//656 664//656
f 709//657 752//657 695//657
f 770//658 171//658 782//658
f 687//659 700//659 743//659
f 456//660 116//660 793//660
f 731//661 757//661 730//661
f 795//662 794//662 773//662
f 406//663 435//663 392//663
f 306//664 26//664 360//664
f 813//665 5//665 496//665
f 54//666 813//666 496//666
f 309//667 289//667 75//667
f 430//668 431//668 500//668
f 553//669 596//669 542//669
f 553//670 589//670 596//670
f 596//671 589//671 631//671
f 770//672 782//672 752//672
f 171//673 505//673 280//673
f 757//674 773//674 730//674
f 75//675 289//675 179//675
f 146//676 315//676 247//676
f 441//677 2015//677 1338//677
f 368//678 419//678 321//678
f 431//679 430//679 419//679
f 431//680 542//680 500//680
f 431//681 553//681 542//681
f 632//682 664//682 631//682
f 709//683 770//683 752//683
f 412//684 397//684 363//684
f 700//685 668//685 701//685
f 979//686 267//686 5//686
f 5//687 267//687 516//687
f 1174//688 333//688 1028//688
f 2019//689 2030//689 2029//689
f 1168//690 2467//690 1178//690
f 257//691 256//691 226//691
f 356//692 368//692 321//692
f 368//693 431//693 419//693
f 431//694 515//694 553//694
f 515//695 589//695 553//695
f 632//696 631//696 589//696
f 632//697 673//697 664//697
f 673//698 709//698 664//698
f 735//699 770//699 709//699
f 754//700 585//700 742//700
f 215//701 943//701 214//701
f 1975//702 1968//702 1961//702
f 1673//703 257//703 226//703
f 256//704 356//704 321//704
f 356//705 431//705 368//705
f 356//706 450//706 431//706
f 450//707 515//707 431//707
f 543//708 1688//708 515//708
f 673//709 710//709 709//709
f 710//710 735//710 709//710
f 735//711 792//711 770//711
f 792//712 171//712 770//712
f 4//713 505//713 171//713
f 638//714 494//714 1157//714
f 2304//715 2330//715 2303//715
f 488//716 533//716 544//716
f 576//717 610//717 635//717
f 678//718 731//718 701//718
f 731//719 730//719 701//719
f 1785//720 1796//720 1603//720
f 1415//721 1478//721 1500//721
f 257//722 356//722 256//722
f 1458//723 733//723 293//723
f 644//724 632//724 589//724
f 632//725 665//725 673//725
f 4//726 171//726 792//726
f 4//727 491//727 505//727
f 1271//728 1311//728 1270//728
f 323//729 358//729 312//729
f 1224//730 1028//730 333//730
f 763//731 793//731 807//731
f 544//732 558//732 532//732
f 934//733 115//733 973//733
f 1867//734 1695//734 1749//734
f 1478//735 1490//735 1500//735
f 291//736 339//736 356//736
f 257//737 291//737 356//737
f 339//738 1607//738 356//738
f 356//739 1607//739 450//739
f 1632//740 1507//740 288//740
f 2825//741 2813//741 1209//741
f 632//742 644//742 665//742
f 673//743 686//743 710//743
f 736//744 735//744 710//744
f 736//745 792//745 735//745
f 1786//746 1810//746 1785//746
f 245//747 262//747 244//747
f 504//748 488//748 544//748
f 636//749 678//749 668//749
f 1808//750 2656//750 2842//750
f 2157//751 714//751 1166//751
f 1323//752 2813//752 2830//752
f 665//753 686//753 673//753
f 711//754 736//754 710//754
f 86//755 491//755 4//755
f 576//756 635//756 609//756
f 358//757 372//757 420//757
f 106//758 151//758 105//758
f 151//759 130//759 105//759
f 2330//760 1946//760 2303//760
f 341//761 279//761 1525//761
f 41//762 136//762 1584//762
f 1810//763 1826//763 1802//763
f 686//764 711//764 710//764
f 151//765 187//765 130//765
f 187//766 151//766 227//766
f 240//767 1684//767 227//767
f 1501//768 1534//768 1490//768
f 107//769 7//769 1465//769
f 1678//770 1941//770 1824//770
f 644//771 686//771 665//771
f 57//772 4//772 792//772
f 396//773 491//773 86//773
f 546//774 350//774 413//774
f 755//775 773//775 785//775
f 263//776 262//776 245//776
f 378//777 303//777 298//777
f 2834//778 1387//778 1223//778
f 95//779 601//779 178//779
f 1302//780 1466//780 1868//780
f 107//781 1465//781 68//781
f 1954//782 1968//782 1974//782
f 1338//783 509//783 641//783
f 107//784 473//784 279//784
f 712//785 737//785 711//785
f 737//786 736//786 711//786
f 57//787 86//787 4//787
f 57//788 396//788 86//788
f 1343//789 1383//789 1382//789
f 869//790 85//790 332//790
f 773//791 755//791 756//791
f 796//792 52//792 795//792
f 115//793 1030//793 973//793
f 808//794 784//794 755//794
f 1163//795 2812//795 968//795
f 323//796 324//796 372//796
f 131//797 151//797 106//797
f 228//798 227//798 151//798
f 203//799 228//799 151//799
f 228//800 240//800 227//800
f 1986//801 285//801 823//801
f 1829//802 1632//802 1689//802
f 2811//803 787//803 2814//803
f 7//804 279//804 341//804
f 1526//805 341//805 1525//805
f 1197//806 626//806 1213//806
f 1520//807 306//807 360//807
f 1680//808 1867//808 1856//808
f 737//809 738//809 736//809
f 738//810 792//810 736//810
f 612//811 1133//811 1121//811
f 292//812 326//812 315//812
f 323//813 372//813 358//813
f 131//814 168//814 151//814
f 168//815 188//815 151//815
f 188//816 203//816 151//816
f 1037//817 1348//817 58//817
f 1465//818 703//818 161//818
f 1490//819 1534//819 1500//819
f 19//820 253//820 393//820
f 1525//821 279//821 1535//821
f 725//822 737//822 712//822
f 471//823 57//823 792//823
f 738//824 471//824 792//824
f 326//825 396//825 57//825
f 1314//826 1321//826 1289//826
f 2600//827 2599//827 2585//827
f 456//828 325//828 360//828
f 393//829 436//829 860//829
f 354//830 436//830 796//830
f 156//831 191//831 155//831
f 156//832 155//832 111//832
f 229//833 228//833 203//833
f 228//834 229//834 259//834
f 1608//835 1363//835 1574//835
f 121//836 639//836 181//836
f 2031//837 969//837 2030//837
f 1494//838 451//838 696//838
f 725//839 738//839 737//839
f 783//840 471//840 738//840
f 397//841 362//841 363//841
f 678//842 679//842 716//842
f 576//843 577//843 610//843
f 677//844 700//844 687//844
f 188//845 229//845 203//845
f 2330//846 1959//846 1946//846
f 486//847 530//847 1643//847
f 2589//848 2631//848 2603//848
f 471//849 326//849 57//849
f 246//850 295//850 263//850
f 2267//851 2276//851 2253//851
f 797//852 354//852 796//852
f 2812//853 2834//853 968//853
f 705//854 328//854 1458//854
f 279//855 7//855 107//855
f 457//856 30//856 511//856
f 530//857 575//857 574//857
f 607//858 623//858 574//858
f 1525//859 1516//859 1497//859
f 726//860 739//860 738//860
f 739//861 783//861 738//861
f 471//862 472//862 326//862
f 1326//863 1311//863 1332//863
f 319//864 326//864 292//864
f 131//865 132//865 168//865
f 188//866 204//866 229//866
f 229//867 204//867 241//867
f 1526//868 1525//868 1517//868
f 530//869 531//869 575//869
f 575//870 607//870 574//870
f 550//871 614//871 1595//871
f 739//872 740//872 783//872
f 297//873 326//873 472//873
f 731//874 716//874 757//874
f 679//875 680//875 716//875
f 404//876 453//876 486//876
f 531//877 530//877 486//877
f 634//878 623//878 607//878
f 941//879 766//879 1416//879
f 472//880 471//880 783//880
f 379//881 1449//881 964//881
f 612//882 679//882 66//882
f 302//883 348//883 283//883
f 784//884 62//884 793//884
f 132//885 169//885 188//885
f 168//886 132//886 188//886
f 188//887 169//887 204//887
f 241//888 242//888 310//888
f 242//889 322//889 310//889
f 453//890 487//890 486//890
f 487//891 517//891 486//891
f 486//892 517//892 531//892
f 531//893 556//893 575//893
f 575//894 556//894 607//894
f 161//895 282//895 495//895
f 727//896 740//896 739//896
f 638//897 61//897 252//897
f 153//898 154//898 134//898
f 392//899 435//899 489//899
f 276//900 324//900 323//900
f 302//901 283//901 234//901
f 204//902 169//902 241//902
f 169//903 242//903 241//903
f 68//904 1465//904 161//904
f 405//905 453//905 404//905
f 517//906 556//906 531//906
f 634//907 666//907 623//907
f 18//908 161//908 495//908
f 762//909 771//909 740//909
f 771//910 783//910 740//910
f 474//911 783//911 771//911
f 314//912 472//912 783//912
f 474//913 314//913 783//913
f 314//914 297//914 472//914
f 1379//915 1378//915 1365//915
f 2813//916 2837//916 1209//916
f 635//917 655//917 654//917
f 889//918 953//918 1468//918
f 88//919 110//919 109//919
f 302//920 349//920 363//920
f 284//921 302//921 234//921
f 132//922 152//922 169//922
f 152//923 205//923 169//923
f 205//924 242//924 169//924
f 1044//925 1223//925 921//925
f 1417//926 2837//926 2813//926
f 405//927 404//927 357//927
f 370//928 405//928 357//928
f 405//929 454//929 453//929
f 454//930 487//930 453//930
f 590//931 607//931 556//931
f 590//932 634//932 607//932
f 279//933 473//933 1535//933
f 762//934 772//934 771//934
f 314//935 247//935 297//935
f 2817//936 2753//936 2826//936
f 775//937 786//937 797//937
f 797//938 786//938 354//938
f 624//939 677//939 655//939
f 108//940 133//940 132//940
f 132//941 133//941 152//941
f 487//942 556//942 517//942
f 590//943 608//943 634//943
f 667//944 666//944 634//944
f 667//945 526//945 666//945
f 2078//946 2840//946 2812//946
f 342//947 26//947 306//947
f 378//948 298//948 377//948
f 170//949 206//949 205//949
f 152//950 170//950 205//950
f 205//951 260//951 242//951
f 405//952 371//952 454//952
f 454//953 470//953 487//953
f 556//954 518//954 590//954
f 116//955 360//955 314//955
f 62//956 325//956 456//956
f 934//957 350//957 546//957
f 205//958 206//958 260//958
f 294//959 343//959 311//959
f 311//960 343//960 371//960
f 2330//961 2369//961 1959//961
f 470//962 518//962 487//962
f 487//963 518//963 556//963
f 518//964 557//964 590//964
f 557//965 608//965 590//965
f 608//966 654//966 634//966
f 634//967 654//967 667//967
f 728//968 741//968 762//968
f 807//969 771//969 772//969
f 26//970 247//970 314//970
f 26//971 342//971 247//971
f 2669//972 174//972 214//972
f 489//973 488//973 455//973
f 1239//974 1262//974 1238//974
f 344//975 421//975 373//975
f 152//976 133//976 170//976
f 454//977 433//977 470//977
f 609//978 608//978 557//978
f 741//979 763//979 762//979
f 763//980 772//980 762//980
f 807//981 474//981 771//981
f 559//982 599//982 577//982
f 730//983 756//983 743//983
f 170//984 189//984 206//984
f 206//985 261//985 260//985
f 261//986 294//986 260//986
f 371//987 433//987 454//987
f 433//988 503//988 470//988
f 470//989 503//989 518//989
f 609//990 654//990 608//990
f 654//991 698//991 667//991
f 741//992 728//992 698//992
f 1311//993 1312//993 1332//993
f 349//994 384//994 363//994
f 358//995 371//995 343//995
f 358//996 420//996 371//996
f 371//997 420//997 433//997
f 532//998 557//998 518//998
f 145//999 698//999 654//999
f 807//1000 772//1000 763//1000
f 116//1001 314//1001 474//1001
f 360//1002 26//1002 314//1002
f 1332//1003 1312//1003 2051//1003
f 406//1004 392//1004 345//1004
f 109//1005 134//1005 133//1005
f 133//1006 134//1006 170//1006
f 170//1007 134//1007 189//1007
f 312//1008 294//1008 261//1008
f 294//1009 312//1009 343//1009
f 312//1010 358//1010 343//1010
f 504//1011 503//1011 433//1011
f 532//1012 518//1012 503//1012
f 532//1013 558//1013 557//1013
f 558//1014 609//1014 557//1014
f 635//1015 654//1015 609//1015
f 807//1016 793//1016 474//1016
f 793//1017 116//1017 474//1017
f 698//1018 145//1018 149//1018
f 2742//1019 2767//1019 2707//1019
f 206//1020 243//1020 261//1020
f 504//1021 532//1021 503//1021
f 558//1022 576//1022 609//1022
f 284//1023 960//1023 302//1023
f 1079//1024 2815//1024 2812//1024
f 939//1025 1021//1025 937//1025
f 2369//1026 2386//1026 1959//1026
f 1132//1027 1142//1027 559//1027
f 1082//1028 1128//1028 1105//1028
f 1408//1029 1398//1029 973//1029
f 921//1030 1027//1030 1062//1030
f 2372//1031 2380//1031 2363//1031
f 961//1032 1017//1032 985//1032
f 396//1033 326//1033 319//1033
f 1577//1034 857//1034 2805//1034
f 1679//1035 113//1035 799//1035
f 934//1036 351//1036 350//1036
f 412//1037 1041//1037 1068//1037
f 2400//1038 1997//1038 2386//1038
f 1035//1039 962//1039 1029//1039
f 112//1040 928//1040 156//1040
f 2675//1041 910//1041 933//1041
f 1748//1042 1745//1042 1234//1042
f 1552//1043 1930//1043 2122//1043
f 2811//1044 2814//1044 2821//1044
f 230//1045 89//1045 6//1045
f 1729//1046 468//1046 1291//1046
f 1127//1047 89//1047 230//1047
f 687//1048 729//1048 355//1048
f 955//1049 1820//1049 1886//1049
f 2482//1050 2047//1050 1754//1050
f 1127//1051 143//1051 89//1051
f 1307//1052 2837//1052 2818//1052
f 860//1053 436//1053 354//1053
f 408//1054 948//1054 715//1054
f 112//1055 156//1055 111//1055
f 1042//1056 976//1056 921//1056
f 2157//1057 1166//1057 1222//1057
f 1676//1058 1735//1058 1718//1058
f 519//1059 545//1059 559//1059
f 898//1060 230//1060 424//1060
f 898//1061 1127//1061 230//1061
f 1060//1062 143//1062 1127//1062
f 892//1063 915//1063 931//1063
f 112//1064 891//1064 914//1064
f 1050//1065 1070//1065 490//1065
f 951//1066 1057//1066 235//1066
f 1057//1067 898//1067 424//1067
f 1127//1068 855//1068 1060//1068
f 1060//1069 23//1069 143//1069
f 1051//1070 1050//1070 1031//1070
f 2829//1071 2830//1071 2843//1071
f 983//1072 818//1072 944//1072
f 970//1073 995//1073 980//1073
f 903//1074 873//1074 990//1074
f 1038//1075 406//1075 1024//1075
f 1008//1076 32//1076 442//1076
f 383//1077 425//1077 382//1077
f 1051//1078 1063//1078 1050//1078
f 834//1079 1057//1079 951//1079
f 946//1080 834//1080 951//1080
f 834//1081 898//1081 1057//1081
f 898//1082 897//1082 1127//1082
f 1127//1083 897//1083 855//1083
f 984//1084 23//1084 1060//1084
f 425//1085 1059//1085 382//1085
f 425//1086 1073//1086 1059//1086
f 425//1087 1094//1087 1073//1087
f 961//1088 945//1088 2643//1088
f 961//1089 985//1089 945//1089
f 946//1090 951//1090 925//1090
f 855//1091 984//1091 1060//1091
f 984//1092 1061//1092 23//1092
f 2005//1093 2006//1093 2013//1093
f 971//1094 1005//1094 943//1094
f 1073//1095 1094//1095 1106//1095
f 1129//1096 1136//1096 1112//1096
f 898//1097 834//1097 897//1097
f 1078//1098 1089//1098 1063//1098
f 822//1099 834//1099 946//1099
f 855//1100 1010//1100 984//1100
f 958//1101 1061//1101 984//1101
f 1061//1102 173//1102 23//1102
f 2315//1103 2828//1103 2840//1103
f 1017//1104 1048//1104 1041//1104
f 852//1105 829//1105 983//1105
f 1034//1106 822//1106 946//1106
f 1010//1107 958//1107 984//1107
f 147//1108 74//1108 125//1108
f 985//1109 384//1109 349//1109
f 1112//1110 1139//1110 1111//1110
f 858//1111 976//1111 872//1111
f 1889//1112 2139//1112 2048//1112
f 1034//1113 946//1113 879//1113
f 834//1114 999//1114 897//1114
f 999//1115 916//1115 897//1115
f 22//1116 173//1116 63//1116
f 2013//1117 2006//1117 2021//1117
f 1112//1118 1111//1118 1066//1118
f 897//1119 1010//1119 855//1119
f 958//1120 1001//1120 1061//1120
f 1061//1121 1001//1121 173//1121
f 960//1122 945//1122 985//1122
f 210//1123 49//1123 758//1123
f 1119//1124 834//1124 822//1124
f 1119//1125 999//1125 834//1125
f 897//1126 916//1126 1010//1126
f 989//1127 958//1127 1010//1127
f 1001//1128 193//1128 173//1128
f 895//1129 1983//1129 1975//1129
f 1250//1130 1270//1130 1249//1130
f 1148//1131 997//1131 896//1131
f 805//1132 1138//1132 789//1132
f 1138//1133 805//1133 879//1133
f 916//1134 920//1134 1010//1134
f 994//1135 958//1135 989//1135
f 994//1136 1001//1136 958//1136
f 1160//1137 2819//1137 329//1137
f 2139//1138 444//1138 1745//1138
f 1887//1139 2080//1139 1406//1139
f 1076//1140 936//1140 939//1140
f 896//1141 997//1141 1008//1141
f 931//1142 915//1142 957//1142
f 836//1143 863//1143 909//1143
f 930//1144 909//1144 942//1144
f 1133//1145 1132//1145 1103//1145
f 1255//1146 1231//1146 1206//1146
f 805//1147 1034//1147 879//1147
f 916//1148 932//1148 920//1148
f 1010//1149 920//1149 989//1149
f 106//1150 874//1150 131//1150
f 1117//1151 1133//1151 1103//1151
f 2303//1152 1915//1152 2285//1152
f 931//1153 957//1153 942//1153
f 2820//1154 2822//1154 2836//1154
f 805//1155 906//1155 1034//1155
f 906//1156 822//1156 1034//1156
f 906//1157 1119//1157 822//1157
f 999//1158 932//1158 916//1158
f 1001//1159 194//1159 193//1159
f 1396//1160 856//1160 1573//1160
f 942//1161 981//1161 956//1161
f 1128//1162 1124//1162 1105//1162
f 1229//1163 1250//1163 1228//1163
f 875//1164 932//1164 999//1164
f 444//1165 2238//1165 1745//1165
f 919//1166 612//1166 66//1166
f 1132//1167 1133//1167 1146//1167
f 1041//1168 412//1168 384//1168
f 1064//1169 1093//1169 1092//1169
f 995//1170 1032//1170 1013//1170
f 949//1171 85//1171 1087//1171
f 1200//1172 1238//1172 1229//1172
f 1146//1173 1133//1173 919//1173
f 1394//1174 1899//1174 1417//1174
f 805//1175 814//1175 906//1175
f 959//1176 999//1176 1119//1176
f 906//1177 959//1177 1119//1177
f 1002//1178 989//1178 920//1178
f 989//1179 1002//1179 994//1179
f 994//1180 1043//1180 1001//1180
f 1043//1181 194//1181 1001//1181
f 1099//1182 1124//1182 1118//1182
f 361//1183 382//1183 249//1183
f 273//1184 274//1184 1692//1184
f 1200//1185 1229//1185 1185//1185
f 927//1186 601//1186 950//1186
f 393//1187 253//1187 359//1187
f 777//1188 959//1188 906//1188
f 875//1189 935//1189 932//1189
f 935//1190 920//1190 932//1190
f 935//1191 1026//1191 920//1191
f 1026//1192 1002//1192 920//1192
f 1020//1193 1043//1193 994//1193
f 670//1194 63//1194 194//1194
f 844//1195 884//1195 856//1195
f 884//1196 74//1196 856//1196
f 921//1197 1062//1197 1055//1197
f 1008//1198 917//1198 32//1198
f 1117//1199 1092//1199 1121//1199
f 1092//1200 1122//1200 1121//1200
f 927//1201 197//1201 601//1201
f 1221//1202 38//1202 301//1202
f 1401//1203 1301//1203 1508//1203
f 959//1204 875//1204 999//1204
f 994//1205 1002//1205 1020//1205
f 1043//1206 670//1206 194//1206
f 848//1207 108//1207 132//1207
f 856//1208 843//1208 844//1208
f 937//1209 869//1209 939//1209
f 1093//1210 1110//1210 1092//1210
f 1091//1211 1092//1211 1117//1211
f 1091//1212 1117//1212 1090//1212
f 1003//1213 1020//1213 1002//1213
f 1020//1214 993//1214 1043//1214
f 993//1215 670//1215 1043//1215
f 63//1216 670//1216 250//1216
f 1006//1217 869//1217 937//1217
f 1093//1218 1123//1218 1110//1218
f 876//1219 875//1219 959//1219
f 843//1220 2803//1220 844//1220
f 1377//1221 1305//1221 212//1221
f 835//1222 827//1222 862//1222
f 1082//1223 1105//1223 1065//1223
f 836//1224 914//1224 891//1224
f 1091//1225 1090//1225 1071//1225
f 1055//1226 1062//1226 926//1226
f 949//1227 926//1227 85//1227
f 876//1228 837//1228 875//1228
f 837//1229 935//1229 875//1229
f 1003//1230 1002//1230 1026//1230
f 1003//1231 1009//1231 1020//1231
f 1020//1232 859//1232 993//1232
f 857//1233 884//1233 844//1233
f 931//1234 942//1234 909//1234
f 1016//1235 1053//1235 1039//1235
f 1044//1236 921//1236 1055//1236
f 836//1237 891//1237 862//1237
f 2841//1238 2816//1238 2821//1238
f 529//1239 1952//1239 1348//1239
f 1036//1240 959//1240 777//1240
f 1036//1241 876//1241 959//1241
f 1009//1242 854//1242 1020//1242
f 845//1243 857//1243 844//1243
f 1117//1244 1103//1244 1104//1244
f 1017//1245 1007//1245 1048//1245
f 32//1246 917//1246 852//1246
f 1070//1247 1063//1247 1088//1247
f 1014//1248 1032//1248 995//1248
f 798//1249 1036//1249 777//1249
f 837//1250 893//1250 935//1250
f 935//1251 893//1251 1026//1251
f 854//1252 859//1252 1020//1252
f 859//1253 901//1253 993//1253
f 902//1254 670//1254 993//1254
f 901//1255 902//1255 993//1255
f 267//1256 39//1256 516//1256
f 77//1257 884//1257 857//1257
f 1269//1258 1280//1258 1309//1258
f 112//1259 111//1259 835//1259
f 1005//1260 1004//1260 982//1260
f 970//1261 1014//1261 995//1261
f 1050//1262 490//1262 435//1262
f 535//1263 72//1263 1188//1263
f 878//1264 943//1264 915//1264
f 882//1265 967//1265 871//1265
f 1218//1266 1228//1266 1249//1266
f 1039//1267 1053//1267 1065//1267
f 65//1268 863//1268 836//1268
f 774//1269 716//1269 717//1269
f 950//1270 601//1270 96//1270
f 858//1271 882//1271 908//1271
f 883//1272 876//1272 1036//1272
f 883//1273 837//1273 876//1273
f 893//1274 1009//1274 1026//1274
f 1026//1275 1009//1275 1003//1275
f 2827//1276 787//1276 802//1276
f 2349//1277 2363//1277 2379//1277
f 1078//1278 1046//1278 1090//1278
f 1594//1279 1573//1279 124//1279
f 1144//1280 637//1280 1143//1280
f 1830//1281 1852//1281 1851//1281
f 837//1282 922//1282 893//1282
f 923//1283 859//1283 854//1283
f 950//1284 96//1284 890//1284
f 1113//1285 1157//1285 1419//1285
f 107//1286 68//1286 399//1286
f 845//1287 2805//1287 857//1287
f 1227//1288 1042//1288 1164//1288
f 1046//1289 1071//1289 1090//1289
f 1046//1290 1078//1290 1051//1290
f 858//1291 908//1291 1027//1291
f 218//1292 774//1292 972//1292
f 774//1293 218//1293 797//1293
f 218//1294 775//1294 797//1294
f 1036//1295 157//1295 438//1295
f 426//1296 1952//1296 978//1296
f 1097//1297 883//1297 1036//1297
f 893//1298 1102//1298 1009//1298
f 1102//1299 923//1299 854//1299
f 1009//1300 1102//1300 854//1300
f 1118//1301 1134//1301 1123//1301
f 1019//1302 913//1302 1125//1302
f 625//1303 102//1303 14//1303
f 1472//1304 79//1304 1447//1304
f 858//1305 872//1305 882//1305
f 251//1306 442//1306 218//1306
f 251//1307 218//1307 27//1307
f 882//1308 872//1308 967//1308
f 1134//1309 1144//1309 1143//1309
f 913//1310 1019//1310 746//1310
f 1097//1311 1036//1311 438//1311
f 883//1312 922//1312 837//1312
f 922//1313 991//1313 893//1313
f 133//1314 108//1314 109//1314
f 926//1315 1076//1315 85//1315
f 2013//1316 2020//1316 2005//1316
f 850//1317 2823//1317 2815//1317
f 1066//1318 1082//1318 1053//1318
f 1101//1319 990//1319 873//1319
f 1059//1320 1058//1320 1025//1320
f 1065//1321 1099//1321 1072//1321
f 1145//1322 896//1322 1151//1322
f 1124//1323 1135//1323 1118//1323
f 929//1324 970//1324 980//1324
f 1097//1325 922//1325 883//1325
f 424//1326 235//1326 1057//1326
f 960//1327 985//1327 349//1327
f 1135//1328 1124//1328 1147//1328
f 863//1329 892//1329 909//1329
f 1109//1330 490//1330 1070//1330
f 1129//1331 1112//1331 1106//1331
f 1124//1332 1145//1332 1151//1332
f 1151//1333 896//1333 251//1333
f 1144//1334 972//1334 680//1334
f 1118//1335 1123//1335 1093//1335
f 1039//1336 1072//1336 1052//1336
f 842//1337 964//1337 922//1337
f 1097//1338 842//1338 922//1338
f 964//1339 991//1339 922//1339
f 991//1340 887//1340 893//1340
f 893//1341 887//1341 1427//1341
f 929//1342 246//1342 928//1342
f 160//1343 385//1343 917//1343
f 911//1344 900//1344 953//1344
f 1447//1345 1448//1345 745//1345
f 74//1346 884//1346 125//1346
f 773//1347 794//1347 785//1347
f 882//1348 871//1348 908//1348
f 1123//1349 1143//1349 613//1349
f 892//1350 931//1350 909//1350
f 252//1351 1505//1351 82//1351
f 936//1352 873//1352 974//1352
f 303//1353 135//1353 808//1353
f 127//1354 281//1354 146//1354
f 1058//1355 1066//1355 1040//1355
f 1064//1356 1081//1356 1093//1356
f 1064//1357 1072//1357 1081//1357
f 1310//1358 1311//1358 1326//1358
f 350//1359 625//1359 14//1359
f 1044//1360 926//1360 949//1360
f 877//1361 915//1361 892//1361
f 1128//1362 1148//1362 1145//1362
f 862//1363 112//1363 835//1363
f 964//1364 842//1364 379//1364
f 1215//1365 1006//1365 1011//1365
f 943//1366 982//1366 915//1366
f 1270//1367 1310//1367 1280//1367
f 2496//1368 1168//1368 1178//1368
f 1073//1369 1066//1369 1058//1369
f 1111//1370 1128//1370 1082//1370
f 1016//1371 1039//1371 996//1371
f 1032//1372 1046//1372 1013//1372
f 1139//1373 997//1373 1148//1373
f 295//1374 1024//1374 345//1374
f 21//1375 869//1375 965//1375
f 146//1376 281//1376 158//1376
f 332//1377 1076//1377 939//1377
f 1927//1378 1935//1378 331//1378
f 1101//1379 908//1379 890//1379
f 1016//1380 996//1380 957//1380
f 382//1381 1025//1381 971//1381
f 842//1382 1097//1382 379//1382
f 964//1383 977//1383 991//1383
f 1092//1384 1110//1384 1122//1384
f 1174//1385 1920//1385 669//1385
f 46//1386 856//1386 74//1386
f 602//1387 639//1387 182//1387
f 1007//1388 1017//1388 961//1388
f 929//1389 980//1389 246//1389
f 2785//1390 2775//1390 88//1390
f 914//1391 930//1391 929//1391
f 1103//1392 1109//1392 1070//1392
f 2157//1393 2176//1393 825//1393
f 1073//1394 1112//1394 1066//1394
f 1047//1395 32//1395 852//1395
f 1039//1396 1033//1396 996//1396
f 1015//1397 1032//1397 1014//1397
f 382//1398 971//1398 249//1398
f 1464//1399 1435//1399 658//1399
f 991//1400 977//1400 887//1400
f 1087//1401 1163//1401 968//1401
f 1041//1402 1048//1402 1068//1402
f 1379//1403 1399//1403 1378//1403
f 1065//1404 1072//1404 1039//1404
f 2744//1405 2758//1405 2730//1405
f 1195//1406 2824//1406 1418//1406
f 332//1407 85//1407 1076//1407
f 1015//1408 996//1408 1033//1408
f 1078//1409 1090//1409 1089//1409
f 1133//1410 612//1410 919//1410
f 2129//1411 2189//1411 1781//1411
f 2818//1412 2408//1412 1155//1412
f 976//1413 1027//1413 921//1413
f 1052//1414 1072//1414 1064//1414
f 1416//1415 2816//1415 2841//1415
f 142//1416 20//1416 177//1416
f 1109//1417 1132//1417 559//1417
f 885//1418 908//1418 1101//1418
f 96//1419 267//1419 979//1419
f 990//1420 96//1420 979//1420
f 2833//1421 1160//1421 1197//1421
f 1564//1422 830//1422 874//1422
f 1206//1423 1205//1423 1190//1423
f 1101//1424 890//1424 990//1424
f 1083//1425 1113//1425 1094//1425
f 1109//1426 545//1426 490//1426
f 1743//1427 1340//1427 1418//1427
f 2283//1428 2315//1428 2078//1428
f 936//1429 885//1429 873//1429
f 1344//1430 1354//1430 1366//1430
f 1180//1431 1206//1431 1190//1431
f 1059//1432 1073//1432 1058//1432
f 1408//1433 1030//1433 1157//1433
f 1087//1434 85//1434 21//1434
f 1993//1435 1975//1435 1983//1435
f 2828//1436 1387//1436 2834//1436
f 1387//1437 1227//1437 1164//1437
f 1142//1438 1146//1438 636//1438
f 1117//1439 1104//1439 1090//1439
f 1110//1440 1123//1440 1122//1440
f 1122//1441 1123//1441 613//1441
f 960//1442 349//1442 302//1442
f 299//1443 1172//1443 2826//1443
f 27//1444 1151//1444 251//1444
f 2332//1445 2816//1445 2412//1445
f 1039//1446 1052//1446 1033//1446
f 1081//1447 1099//1447 1093//1447
f 918//1448 1248//1448 961//1448
f 1216//1449 492//1449 851//1449
f 1072//1450 1099//1450 1081//1450
f 888//1451 1115//1451 948//1451
f 962//1452 1416//1452 2841//1452
f 2836//1453 1197//1453 1096//1453
f 1038//1454 1050//1454 406//1454
f 1679//1455 802//1455 1551//1455
f 942//1456 957//1456 996//1456
f 1398//1457 1399//1457 1420//1457
f 919//1458 678//1458 636//1458
f 112//1459 914//1459 928//1459
f 96//1460 39//1460 267//1460
f 990//1461 979//1461 903//1461
f 908//1462 871//1462 890//1462
f 890//1463 96//1463 990//1463
f 835//1464 88//1464 2775//1464
f 948//1465 139//1465 888//1465
f 995//1466 1013//1466 980//1466
f 299//1467 2825//1467 1209//1467
f 919//1468 636//1468 1146//1468
f 1088//1469 1103//1469 1070//1469
f 442//1470 1047//1470 786//1470
f 1062//1471 1027//1471 936//1471
f 1139//1472 1136//1472 1019//1472
f 202//1473 741//1473 698//1473
f 1006//1474 965//1474 869//1474
f 1111//1475 1139//1475 1128//1475
f 1089//1476 1090//1476 1104//1476
f 411//1477 425//1477 383//1477
f 1105//1478 1124//1478 1099//1478
f 1121//1479 1133//1479 1117//1479
f 936//1480 974//1480 939//1480
f 2643//1481 918//1481 961//1481
f 913//1482 917//1482 1008//1482
f 979//1483 813//1483 903//1483
f 1911//1484 1324//1484 778//1484
f 61//1485 1137//1485 252//1485
f 950//1486 890//1486 871//1486
f 1105//1487 1099//1487 1065//1487
f 1145//1488 1148//1488 896//1488
f 914//1489 929//1489 928//1489
f 132//1490 131//1490 848//1490
f 422//1491 398//1491 1137//1491
f 852//1492 917//1492 829//1492
f 1058//1493 1040//1493 1005//1493
f 1025//1494 1058//1494 1005//1494
f 1025//1495 1005//1495 971//1495
f 915//1496 982//1496 957//1496
f 786//1497 983//1497 944//1497
f 1174//1498 669//1498 333//1498
f 246//1499 277//1499 296//1499
f 1179//1500 1178//1500 2467//1500
f 1146//1501 1142//1501 1132//1501
f 1012//1502 1031//1502 1038//1502
f 1038//1503 1031//1503 1050//1503
f 930//1504 956//1504 929//1504
f 1035//1505 948//1505 408//1505
f 912//1506 139//1506 948//1506
f 139//1507 912//1507 83//1507
f 968//1508 2834//1508 949//1508
f 874//1509 830//1509 848//1509
f 945//1510 960//1510 910//1510
f 1103//1511 1132//1511 1109//1511
f 960//1512 933//1512 910//1512
f 452//1513 1083//1513 425//1513
f 997//1514 1139//1514 1019//1514
f 1088//1515 1104//1515 1103//1515
f 878//1516 915//1516 877//1516
f 929//1517 956//1517 970//1517
f 1124//1518 1151//1518 1147//1518
f 860//1519 617//1519 45//1519
f 997//1520 1019//1520 1008//1520
f 1822//1521 1856//1521 1846//1521
f 891//1522 112//1522 862//1522
f 1035//1523 912//1523 948//1523
f 912//1524 899//1524 83//1524
f 779//1525 814//1525 805//1525
f 1259//1526 2152//1526 2163//1526
f 831//1527 848//1527 830//1527
f 1063//1528 1089//1528 1088//1528
f 864//1529 214//1529 878//1529
f 1128//1530 1145//1530 1124//1530
f 877//1531 892//1531 863//1531
f 253//1532 298//1532 359//1532
f 943//1533 249//1533 971//1533
f 872//1534 911//1534 953//1534
f 1033//1535 1052//1535 1015//1535
f 980//1536 1013//1536 1012//1536
f 1012//1537 1013//1537 1031//1537
f 962//1538 1035//1538 408//1538
f 939//1539 974//1539 1021//1539
f 1214//1540 941//1540 697//1540
f 831//1541 2809//1541 848//1541
f 2809//1542 108//1542 848//1542
f 1062//1543 936//1543 1076//1543
f 139//1544 83//1544 36//1544
f 1825//1545 1835//1545 1658//1545
f 889//1546 197//1546 927//1546
f 1147//1547 27//1547 1144//1547
f 974//1548 940//1548 1021//1548
f 1031//1549 1013//1549 1051//1549
f 907//1550 912//1550 1035//1550
f 177//1551 83//1551 899//1551
f 1044//1552 949//1552 1223//1552
f 1342//1553 1379//1553 1328//1553
f 1066//1554 1111//1554 1082//1554
f 1078//1555 1063//1555 1051//1555
f 1803//1556 1894//1556 2103//1556
f 911//1557 976//1557 460//1557
f 1134//1558 1135//1558 1144//1558
f 870//1559 907//1559 1035//1559
f 907//1560 899//1560 912//1560
f 907//1561 886//1561 899//1561
f 2809//1562 832//1562 108//1562
f 981//1563 996//1563 1015//1563
f 1123//1564 1134//1564 1143//1564
f 878//1565 214//1565 943//1565
f 2843//1566 2825//1566 299//1566
f 1029//1567 870//1567 1035//1567
f 1186//1568 1185//1568 1177//1568
f 1403//1569 1399//1569 1379//1569
f 332//1570 939//1570 869//1570
f 1053//1571 1082//1571 1065//1571
f 1093//1572 1099//1572 1118//1572
f 827//1573 836//1573 862//1573
f 1147//1574 1151//1574 27//1574
f 1083//1575 1094//1575 425//1575
f 296//1576 1012//1576 1024//1576
f 1017//1577 384//1577 985//1577
f 717//1578 716//1578 680//1578
f 1380//1579 1403//1579 1379//1579
f 963//1580 870//1580 1029//1580
f 904//1581 886//1581 907//1581
f 886//1582 177//1582 899//1582
f 597//1583 1426//1583 1425//1583
f 1403//1584 1420//1584 1399//1584
f 1195//1585 1418//1585 1340//1585
f 982//1586 1004//1586 957//1586
f 957//1587 1004//1587 1016//1587
f 1004//1588 1040//1588 1016//1588
f 1016//1589 1040//1589 1053//1589
f 872//1590 953//1590 967//1590
f 1185//1591 1229//1591 1199//1591
f 874//1592 106//1592 1606//1592
f 1008//1593 1019//1593 1125//1593
f 1049//1594 886//1594 904//1594
f 1000//1595 177//1595 886//1595
f 1050//1596 1063//1596 1070//1596
f 934//1597 546//1597 115//1597
f 1250//1598 1249//1598 1228//1598
f 251//1599 1008//1599 442//1599
f 967//1600 953//1600 927//1600
f 927//1601 953//1601 889//1601
f 1147//1602 1144//1602 1135//1602
f 1064//1603 1071//1603 1046//1603
f 1092//1604 1091//1604 1071//1604
f 981//1605 970//1605 956//1605
f 960//1606 284//1606 933//1606
f 919//1607 66//1607 678//1607
f 942//1608 956//1608 930//1608
f 1125//1609 913//1609 1008//1609
f 1112//1610 1136//1610 1139//1610
f 599//1611 559//1611 1142//1611
f 794//1612 303//1612 808//1612
f 1421//1613 934//1613 1420//1613
f 1049//1614 1000//1614 886//1614
f 315//1615 297//1615 247//1615
f 382//1616 361//1616 348//1616
f 406//1617 1050//1617 435//1617
f 726//1618 727//1618 739//1618
f 1135//1619 1134//1619 1118//1619
f 914//1620 909//1620 930//1620
f 909//1621 914//1621 836//1621
f 972//1622 774//1622 717//1622
f 1047//1623 852//1623 786//1623
f 545//1624 1109//1624 559//1624
f 972//1625 717//1625 680//1625
f 747//1626 83//1626 177//1626
f 870//1627 924//1627 907//1627
f 907//1628 924//1628 904//1628
f 986//1629 1049//1629 904//1629
f 924//1630 986//1630 904//1630
f 2304//1631 2303//1631 2285//1631
f 1106//1632 1112//1632 1073//1632
f 2239//1633 2246//1633 2245//1633
f 1015//1634 1052//1634 1032//1634
f 1064//1635 1092//1635 1071//1635
f 27//1636 218//1636 972//1636
f 1312//1637 1311//1637 1271//1637
f 1326//1638 1332//1638 1361//1638
f 2215//1639 1830//1639 1851//1639
f 785//1640 794//1640 808//1640
f 938//1641 1049//1641 986//1641
f 1049//1642 938//1642 1000//1642
f 1000//1643 142//1643 177//1643
f 1271//1644 1270//1644 1250//1644
f 441//1645 978//1645 2015//1645
f 166//1646 200//1646 147//1646
f 2350//1647 2341//1647 2349//1647
f 1390//1648 1397//1648 1503//1648
f 303//1649 378//1649 135//1649
f 926//1650 1044//1650 1055//1650
f 1015//1651 1014//1651 970//1651
f 1144//1652 27//1652 972//1652
f 355//1653 676//1653 687//1653
f 896//1654 1008//1654 251//1654
f 952//1655 142//1655 1000//1655
f 96//1656 601//1656 95//1656
f 833//1657 88//1657 832//1657
f 2800//1658 833//1658 832//1658
f 832//1659 88//1659 108//1659
f 88//1660 109//1660 108//1660
f 727//1661 762//1661 740//1661
f 95//1662 611//1662 39//1662
f 1064//1663 1046//1663 1032//1663
f 926//1664 1062//1664 1076//1664
f 1398//1665 1420//1665 973//1665
f 943//1666 1005//1666 982//1666
f 1163//1667 1087//1667 21//1667
f 1005//1668 1040//1668 1004//1668
f 384//1669 1017//1669 1041//1669
f 852//1670 983//1670 786//1670
f 277//1671 1012//1671 296//1671
f 460//1672 976//1672 1042//1672
f 1011//1673 870//1673 963//1673
f 924//1674 937//1674 986//1674
f 937//1675 938//1675 986//1675
f 940//1676 1000//1676 938//1676
f 1000//1677 940//1677 952//1677
f 1899//1678 1911//1678 2323//1678
f 1809//1679 2824//1679 1389//1679
f 805//1680 769//1680 779//1680
f 741//1681 585//1681 763//1681
f 382//1682 1059//1682 1025//1682
f 996//1683 981//1683 942//1683
f 1027//1684 885//1684 936//1684
f 1052//1685 1064//1685 1032//1685
f 860//1686 818//1686 617//1686
f 2643//1687 945//1687 910//1687
f 870//1688 1006//1688 924//1688
f 1021//1689 938//1689 937//1689
f 1021//1690 940//1690 938//1690
f 443//1691 440//1691 268//1691
f 1386//1692 746//1692 1019//1692
f 1136//1693 1386//1693 1019//1693
f 442//1694 32//1694 1047//1694
f 442//1695 786//1695 775//1695
f 976//1696 858//1696 1027//1696
f 1144//1697 680//1697 637//1697
f 1013//1698 1046//1698 1051//1698
f 28//1699 1042//1699 921//1699
f 944//1700 818//1700 860//1700
f 298//1701 303//1701 359//1701
f 142//1702 813//1702 54//1702
f 944//1703 860//1703 354//1703
f 585//1704 741//1704 202//1704
f 1360//1705 1519//1705 1054//1705
f 980//1706 277//1706 246//1706
f 937//1707 924//1707 1006//1707
f 903//1708 142//1708 952//1708
f 974//1709 873//1709 940//1709
f 885//1710 1101//1710 873//1710
f 1139//1711 1148//1711 1128//1711
f 277//1712 980//1712 1012//1712
f 881//1713 865//1713 1889//1713
f 913//1714 160//1714 917//1714
f 1012//1715 1038//1715 1024//1715
f 1079//1716 965//1716 2815//1716
f 442//1717 775//1717 218//1717
f 1449//1718 379//1718 237//1718
f 1027//1719 908//1719 885//1719
f 1230//1720 1239//1720 1200//1720
f 967//1721 950//1721 871//1721
f 967//1722 927//1722 950//1722
f 981//1723 1015//1723 970//1723
f 873//1724 952//1724 940//1724
f 952//1725 873//1725 903//1725
f 813//1726 142//1726 903//1726
f 928//1727 191//1727 156//1727
f 1498//1728 197//1728 889//1728
f 1040//1729 1066//1729 1053//1729
f 1994//1730 2014//1730 1993//1730
f 1621//1731 2021//1731 2014//1731
f 2013//1732 2021//1732 2031//1732
f 104//1733 1350//1733 1563//1733
f 2746//1734 2745//1734 2709//1734
f 2489//1735 2508//1735 2488//1735
f 744//1736 329//1736 1116//1736
f 949//1737 1087//1737 968//1737
f 38//1738 1221//1738 561//1738
f 1994//1739 1669//1739 2014//1739
f 1245//1740 479//1740 477//1740
f 1193//1741 479//1741 1245//1741
f 476//1742 1460//1742 1369//1742
f 1862//1743 1697//1743 1847//1743
f 1172//1744 329//1744 2819//1744
f 1348//1745 426//1745 1466//1745
f 1976//1746 1994//1746 1984//1746
f 2239//1747 1819//1747 2246//1747
f 114//1748 1114//1748 479//1748
f 1130//1749 1463//1749 1464//1749
f 1994//1750 1993//1750 1984//1750
f 1815//1751 1832//1751 1814//1751
f 1212//1752 900//1752 911//1752
f 1177//1753 1187//1753 1186//1753
f 1314//1754 1344//1754 1321//1754
f 329//1755 744//1755 1160//1755
f 1807//1756 1774//1756 776//1756
f 1831//1757 1814//1757 1832//1757
f 2836//1758 2832//1758 2833//1758
f 657//1759 439//1759 969//1759
f 439//1760 443//1760 969//1760
f 954//1761 9//1761 31//1761
f 1236//1762 329//1762 1172//1762
f 1159//1763 1194//1763 1544//1763
f 525//1764 1116//1764 329//1764
f 1075//1765 1330//1765 861//1765
f 1037//1766 1245//1766 477//1766
f 1212//1767 579//1767 1166//1767
f 1364//1768 476//1768 1369//1768
f 1354//1769 1391//1769 1384//1769
f 2174//1770 2170//1770 2175//1770
f 1236//1771 525//1771 329//1771
f 758//1772 1237//1772 1213//1772
f 1334//1773 1942//1773 1921//1773
f 2277//1774 2304//1774 2267//1774
f 1941//1775 1130//1775 1149//1775
f 2303//1776 1914//1776 1906//1776
f 443//1777 439//1777 440//1777
f 2677//1778 2707//1778 2663//1778
f 1263//1779 1289//1779 1274//1779
f 1921//1780 1792//1780 1334//1780
f 1266//1781 1116//1781 525//1781
f 38//1782 1774//1782 1807//1782
f 1630//1783 1341//1783 561//1783
f 510//1784 408//1784 715//1784
f 484//1785 1424//1785 469//1785
f 1266//1786 1202//1786 1116//1786
f 1303//1787 1288//1787 1274//1787
f 1294//1788 2791//1788 2792//1788
f 1798//1789 1633//1789 1812//1789
f 1202//1790 210//1790 1316//1790
f 2121//1791 1181//1791 2432//1791
f 1410//1792 278//1792 1381//1792
f 1227//1793 1222//1793 460//1793
f 2195//1794 2083//1794 2215//1794
f 1160//1795 744//1795 626//1795
f 1130//1796 1942//1796 1149//1796
f 758//1797 49//1797 1237//1797
f 1976//1798 1086//1798 1994//1798
f 2616//1799 2664//1799 2646//1799
f 1096//1800 1197//1800 1213//1800
f 1246//1801 1263//1801 1254//1801
f 1096//1802 209//1802 1377//1802
f 1709//1803 2128//1803 2089//1803
f 1343//1804 1371//1804 1383//1804
f 1700//1805 1881//1805 346//1805
f 861//1806 278//1806 1410//1806
f 21//1807 1079//1807 1163//1807
f 2822//1808 2820//1808 2838//1808
f 1180//1809 1190//1809 1169//1809
f 1926//1810 1934//1810 1933//1810
f 1974//1811 1989//1811 1988//1811
f 1289//1812 1303//1812 1274//1812
f 744//1813 1316//1813 626//1813
f 1264//1814 2140//1814 2082//1814
f 1266//1815 1415//1815 1202//1815
f 2032//1816 2096//1816 2159//1816
f 1422//1817 2049//1817 2103//1817
f 1874//1818 8//1818 625//1818
f 301//1819 1114//1819 1022//1819
f 1942//1820 1464//1820 1921//1820
f 1343//1821 1353//1821 1329//1821
f 1207//1822 1181//1822 1233//1822
f 1835//1823 1836//1823 346//1823
f 2048//1824 2139//1824 1745//1824
f 2743//1825 2742//1825 2707//1825
f 386//1826 1245//1826 1037//1826
f 1305//1827 2108//1827 212//1827
f 802//1828 880//1828 2283//1828
f 2838//1829 2835//1829 2179//1829
f 1303//1830 1333//1830 1288//1830
f 978//1831 1900//1831 2015//1831
f 441//1832 641//1832 1466//1832
f 1287//1833 269//1833 1162//1833
f 1247//1834 1225//1834 2131//1834
f 1603//1835 1796//1835 1639//1835
f 1348//1836 1302//1836 58//1836
f 1377//1837 209//1837 1305//1837
f 426//1838 441//1838 1466//1838
f 1367//1839 2831//1839 2823//1839
f 1259//1840 2151//1840 2430//1840
f 1371//1841 1404//1841 1383//1841
f 1260//1842 1174//1842 1028//1842
f 492//1843 1260//1843 1028//1843
f 2635//1844 2651//1844 2630//1844
f 2635//1845 2646//1845 2651//1845
f 475//1846 114//1846 1193//1846
f 1510//1847 269//1847 1287//1847
f 1822//1848 1665//1848 1856//1848
f 1333//1849 1343//1849 1288//1849
f 1164//1850 1042//1850 28//1850
f 2822//1851 2832//1851 2836//1851
f 2727//1852 849//1852 65//1852
f 1190//1853 1205//1853 1189//1853
f 2817//1854 2819//1854 2833//1854
f 1341//1855 1576//1855 1774//1855
f 598//1856 1037//1856 477//1856
f 1544//1857 386//1857 765//1857
f 1221//1858 1336//1858 561//1858
f 195//1859 1670//1859 1635//1859
f 579//1860 911//1860 460//1860
f 1197//1861 1160//1861 626//1861
f 1745//1862 2238//1862 1850//1862
f 1170//1863 1207//1863 1180//1863
f 1254//1864 1253//1864 1240//1864
f 1048//1865 1007//1865 1054//1865
f 1212//1866 911//1866 579//1866
f 1343//1867 1382//1867 1381//1867
f 269//1868 573//1868 1162//1868
f 1984//1869 1993//1869 1983//1869
f 1838//1870 1159//1870 1544//1870
f 881//1871 2048//1871 1748//1871
f 13//1872 1037//1872 58//1872
f 269//1873 966//1873 573//1873
f 417//1874 2196//1874 1471//1874
f 1353//1875 1381//1875 1370//1875
f 1658//1876 1681//1876 1666//1876
f 987//1877 529//1877 598//1877
f 1222//1878 579//1878 460//1878
f 10//1879 53//1879 1320//1879
f 1404//1880 1410//1880 1382//1880
f 1343//1881 1329//1881 1288//1881
f 2835//1882 2844//1882 1377//1882
f 1874//1883 1203//1883 8//1883
f 1274//1884 1273//1884 1253//1884
f 1825//1885 1836//1885 1835//1885
f 2827//1886 2333//1886 2839//1886
f 1246//1887 1254//1887 1240//1887
f 1246//1888 1240//1888 1231//1888
f 798//1889 157//1889 1036//1889
f 1254//1890 1274//1890 1253//1890
f 1354//1891 1384//1891 1366//1891
f 1236//1892 1266//1892 525//1892
f 462//1893 1415//1893 1266//1893
f 2431//1894 2150//1894 2149//1894
f 2817//1895 2826//1895 2819//1895
f 2520//1896 2552//1896 2505//1896
f 1887//1897 1406//1897 2041//1897
f 1314//1898 1290//1898 2231//1898
f 2674//1899 2698//1899 2666//1899
f 1171//1900 1182//1900 849//1900
f 849//1901 1182//1901 877//1901
f 1275//1902 1289//1902 1263//1902
f 1941//1903 1368//1903 1463//1903
f 1207//1904 1206//1904 1180//1904
f 1274//1905 1288//1905 1273//1905
f 1190//1906 1179//1906 1169//1906
f 1231//1907 1240//1907 1205//1907
f 1315//1908 1159//1908 34//1908
f 2042//1909 2115//1909 2122//1909
f 1223//1910 1164//1910 28//1910
f 2756//1911 1562//1911 2805//1911
f 1209//1912 1236//1912 299//1912
f 2430//1913 2151//1913 2431//1913
f 1114//1914 1765//1914 987//1914
f 1559//1915 1592//1915 1766//1915
f 1236//1916 699//1916 1266//1916
f 1404//1917 1382//1917 1383//1917
f 1508//1918 1823//1918 1900//1918
f 1182//1919 878//1919 877//1919
f 1007//1920 961//1920 1018//1920
f 13//1921 386//1921 1037//1921
f 278//1922 507//1922 351//1922
f 2837//1923 1899//1923 2818//1923
f 625//1924 8//1924 102//1924
f 1126//1925 87//1925 593//1925
f 2140//1926 1242//1926 2082//1926
f 2431//1927 2151//1927 2150//1927
f 1348//1928 1466//1928 1302//1928
f 2261//1929 25//1929 150//1929
f 2118//1930 1345//1930 1344//1930
f 1270//1931 1280//1931 1249//1931
f 626//1932 758//1932 1213//1932
f 2773//1933 2795//1933 2772//1933
f 2140//1934 2094//1934 1242//1934
f 699//1935 462//1935 1266//1935
f 1370//1936 1381//1936 1380//1936
f 1353//1937 1342//1937 1297//1937
f 1796//1938 1802//1938 1639//1938
f 1370//1939 1380//1939 1342//1939
f 1421//1940 1420//1940 1403//1940
f 1381//1941 1403//1941 1380//1941
f 1353//1942 1343//1942 1381//1942
f 626//1943 210//1943 758//1943
f 699//1944 1236//1944 1209//1944
f 102//1945 646//1945 364//1945
f 1297//1946 1342//1946 1328//1946
f 1388//1947 2216//1947 766//1947
f 1823//1948 1824//1948 1941//1948
f 2461//1949 2473//1949 2481//1949
f 1214//1950 697//1950 510//1950
f 2472//1951 2460//1951 2480//1951
f 1366//1952 1384//1952 1371//1952
f 1384//1953 1404//1953 1371//1953
f 1370//1954 1342//1954 1353//1954
f 1329//1955 1353//1955 1297//1955
f 1242//1956 2094//1956 1107//1956
f 1181//1957 1207//1957 1170//1957
f 278//1958 861//1958 507//1958
f 1096//1959 1213//1959 209//1959
f 249//1960 943//1960 215//1960
f 647//1961 900//1961 1212//1961
f 1255//1962 1246//1962 1231//1962
f 2479//1963 2469//1963 2470//1963
f 1856//1964 1861//1964 1846//1964
f 364//1965 422//1965 102//1965
f 1461//1966 1287//1966 1162//1966
f 221//1967 209//1967 1237//1967
f 1305//1968 209//1968 221//1968
f 1382//1969 1410//1969 1381//1969
f 1213//1970 1237//1970 209//1970
f 1899//1971 2323//1971 2818//1971
f 1307//1972 462//1972 699//1972
f 1255//1973 1275//1973 1246//1973
f 1275//1974 1290//1974 1289//1974
f 1797//1975 1790//1975 1791//1975
f 2092//1976 1356//1976 1870//1976
f 2646//1977 2663//1977 2651//1977
f 1288//1978 1297//1978 1273//1978
f 1366//1979 1371//1979 1343//1979
f 1949//1980 497//1980 1950//1980
f 1627//1981 1650//1981 1620//1981
f 2433//1982 1894//1982 1252//1982
f 2065//1983 1844//1983 2042//1983
f 1315//1984 34//1984 571//1984
f 1344//1985 1366//1985 1333//1985
f 1307//1986 699//1986 1209//1986
f 1289//1987 1321//1987 1303//1987
f 1263//1988 1274//1988 1254//1988
f 1381//1989 278//1989 1403//1989
f 82//1990 1505//1990 365//1990
f 1074//1991 1193//1991 1245//1991
f 823//1992 881//1992 1713//1992
f 2313//1993 2341//1993 2350//1993
f 1384//1994 1411//1994 1404//1994
f 776//1995 1613//1995 656//1995
f 1307//1996 1224//1996 462//1996
f 1183//1997 1393//1997 647//1997
f 1900//1998 1823//1998 1149//1998
f 441//1999 1338//1999 641//1999
f 992//2000 1434//2000 1335//2000
f 1181//2001 1170//2001 2432//2001
f 1190//2002 1189//2002 1179//2002
f 1169//2003 1179//2003 2467//2003
f 1297//2004 1328//2004 1313//2004
f 1189//2005 2175//2005 1179//2005
f 278//2006 351//2006 1421//2006
f 1205//2007 1240//2007 1189//2007
f 2149//2008 2121//2008 2432//2008
f 1823//2009 1941//2009 1149//2009
f 870//2010 1011//2010 1006//2010
f 901//2011 859//2011 923//2011
f 966//2012 1315//2012 571//2012
f 1219//2013 1252//2013 1894//2013
f 613//2014 1121//2014 1122//2014
f 746//2015 51//2015 913//2015
f 2569//2016 2588//2016 2520//2016
f 1329//2017 1297//2017 1288//2017
f 1224//2018 333//2018 462//2018
f 1225//2019 1214//2019 1188//2019
f 2149//2020 2150//2020 2154//2020
f 529//2021 1348//2021 598//2021
f 1333//2022 1366//2022 1343//2022
f 413//2023 14//2023 1137//2023
f 1334//2024 1338//2024 1942//2024
f 1321//2025 1333//2025 1303//2025
f 2149//2026 2154//2026 2121//2026
f 2818//2027 1155//2027 1307//2027
f 1129//2028 1386//2028 1136//2028
f 51//2029 160//2029 913//2029
f 1275//2030 1263//2030 1246//2030
f 327//2031 901//2031 923//2031
f 1328//2032 1480//2032 1313//2032
f 1651//2033 1639//2033 1658//2033
f 1401//2034 1508//2034 753//2034
f 1421//2035 351//2035 934//2035
f 510//2036 715//2036 535//2036
f 1199//2037 1228//2037 1218//2037
f 506//2038 1152//2038 333//2038
f 1100//2039 327//2039 1102//2039
f 327//2040 335//2040 901//2040
f 1313//2041 1480//2041 2133//2041
f 1654//2042 998//2042 1618//2042
f 2100//2043 2124//2043 2086//2043
f 1207//2044 1232//2044 1206//2044
f 1183//2045 1161//2045 2093//2045
f 1106//2046 1419//2046 1129//2046
f 1419//2047 84//2047 1129//2047
f 84//2048 1386//2048 1129//2048
f 1517//2049 1525//2049 1497//2049
f 1639//2050 1628//2050 1603//2050
f 987//2051 31//2051 529//2051
f 278//2052 1421//2052 1403//2052
f 1206//2053 1231//2053 1205//2053
f 1316//2054 210//2054 626//2054
f 1387//2055 1222//2055 1227//2055
f 65//2056 849//2056 863//2056
f 84//2057 746//2057 1386//2057
f 82//2058 347//2058 160//2058
f 494//2059 478//2059 1157//2059
f 327//2060 300//2060 335//2060
f 918//2061 2643//2061 2623//2061
f 1215//2062 965//2062 1006//2062
f 1113//2063 1419//2063 1106//2063
f 478//2064 51//2064 746//2064
f 82//2065 160//2065 51//2065
f 1226//2066 715//2066 1115//2066
f 1310//2067 1331//2067 1309//2067
f 2425//2068 1583//2068 2422//2068
f 2837//2069 1307//2069 1209//2069
f 613//2070 612//2070 1121//2070
f 1248//2071 1018//2071 961//2071
f 1024//2072 295//2072 296//2072
f 1342//2073 1380//2073 1379//2073
f 1226//2074 327//2074 1100//2074
f 1226//2075 300//2075 327//2075
f 1397//2076 1408//2076 1113//2076
f 2097//2077 2084//2077 1723//2077
f 1217//2078 1248//2078 918//2078
f 1269//2079 1309//2079 1018//2079
f 1018//2080 1309//2080 1007//2080
f 1309//2081 1054//2081 1007//2081
f 1157//2082 84//2082 1419//2082
f 494//2083 82//2083 478//2083
f 2215//2084 2049//2084 1830//2084
f 869//2085 21//2085 85//2085
f 1226//2086 1100//2086 1267//2086
f 413//2087 61//2087 638//2087
f 327//2088 923//2088 1102//2088
f 1248//2089 1269//2089 1018//2089
f 1028//2090 1307//2090 1155//2090
f 1241//2091 1232//2091 1207//2091
f 1157//2092 746//2092 84//2092
f 478//2093 82//2093 51//2093
f 1280//2094 1310//2094 1309//2094
f 494//2095 252//2095 82//2095
f 1186//2096 1200//2096 1185//2096
f 865//2097 881//2097 2026//2097
f 1583//2098 865//2098 2026//2098
f 1307//2099 1028//2099 1224//2099
f 1116//2100 1202//2100 1316//2100
f 200//2101 1827//2101 199//2101
f 1214//2102 1225//2102 941//2102
f 1993//2103 2006//2103 1975//2103
f 1212//2104 1183//2104 647//2104
f 744//2105 1116//2105 1316//2105
f 2093//2106 1393//2106 1183//2106
f 2422//2107 1583//2107 2026//2107
f 1331//2108 1054//2108 1309//2108
f 2412//2109 1737//2109 2332//2109
f 1157//2110 478//2110 746//2110
f 1408//2111 1157//2111 1113//2111
f 535//2112 1267//2112 72//2112
f 715//2113 1226//2113 1267//2113
f 535//2114 715//2114 1267//2114
f 1226//2115 1115//2115 300//2115
f 1199//2116 1218//2116 1217//2116
f 2580//2117 1199//2117 1217//2117
f 1218//2118 1249//2118 1248//2118
f 1217//2119 1218//2119 1248//2119
f 1248//2120 1280//2120 1269//2120
f 1247//2121 766//2121 941//2121
f 198//2122 423//2122 658//2122
f 501//2123 705//2123 523//2123
f 255//2124 501//2124 627//2124
f 43//2125 123//2125 2//2125
f 328//2126 733//2126 1458//2126
f 1441//2127 1440//2127 1431//2127
f 1429//2128 1431//2128 1196//2128
f 293//2129 554//2129 120//2129
f 1441//2130 1434//2130 1469//2130
f 1648//2131 1530//2131 1507//2131
f 1455//2132 1470//2132 1491//2132
f 1809//2133 1808//2133 2842//2133
f 42//2134 71//2134 674//2134
f 1237//2135 181//2135 221//2135
f 1429//2136 1441//2136 1431//2136
f 75//2137 179//2137 69//2137
f 1512//2138 1507//2138 1530//2138
f 1519//2139 1068//2139 1054//2139
f 320//2140 584//2140 42//2140
f 1369//2141 1460//2141 681//2141
f 139//2142 696//2142 888//2142
f 1961//2143 1968//2143 1949//2143
f 1845//2144 1378//2144 1390//2144
f 398//2145 364//2145 534//2145
f 829//2146 917//2146 385//2146
f 1431//2147 506//2147 1196//2147
f 1717//2148 322//2148 357//2148
f 1326//2149 1361//2149 1360//2149
f 1360//2150 1502//2150 1519//2150
f 1502//2151 1531//2151 1519//2151
f 1531//2152 1068//2152 1519//2152
f 234//2153 175//2153 2675//2153
f 9//2154 753//2154 31//2154
f 1533//2155 1539//2155 186//2155
f 105//2156 1580//2156 1606//2156
f 1361//2157 1502//2157 1360//2157
f 254//2158 80//2158 136//2158
f 1539//2159 185//2159 186//2159
f 1502//2160 1513//2160 1531//2160
f 767//2161 2683//2161 1719//2161
f 1331//2162 1360//2162 1054//2162
f 1486//2163 1502//2163 1361//2163
f 1513//2164 1522//2164 1531//2164
f 44//2165 592//2165 254//2165
f 1486//2166 1361//2166 1362//2166
f 1486//2167 1513//2167 1502//2167
f 1522//2168 461//2168 1531//2168
f 2814//2169 2839//2169 2831//2169
f 122//2170 198//2170 602//2170
f 1482//2171 1486//2171 1362//2171
f 461//2172 1542//2172 391//2172
f 481//2173 592//2173 44//2173
f 658//2174 423//2174 1450//2174
f 1826//2175 1847//2175 1836//2175
f 2076//2176 1482//2176 1362//2176
f 1514//2177 1513//2177 1486//2177
f 1514//2178 1522//2178 1513//2178
f 1514//2179 1523//2179 1522//2179
f 1522//2180 1523//2180 461//2180
f 461//2181 362//2181 397//2181
f 1113//2182 1106//2182 1094//2182
f 1523//2183 1542//2183 461//2183
f 452//2184 425//2184 391//2184
f 538//2185 2411//2185 2022//2185
f 1435//2186 328//2186 272//2186
f 1492//2187 1486//2187 1482//2187
f 1492//2188 1514//2188 1486//2188
f 452//2189 1542//2189 1523//2189
f 452//2190 391//2190 1542//2190
f 501//2191 255//2191 705//2191
f 702//2192 457//2192 1656//2192
f 846//2193 1188//2193 72//2193
f 1812//2194 1811//2194 1790//2194
f 1514//2195 1492//2195 1523//2195
f 1492//2196 1532//2196 1523//2196
f 1083//2197 452//2197 1523//2197
f 1532//2198 1083//2198 1523//2198
f 733//2199 554//2199 293//2199
f 776//2200 1095//2200 688//2200
f 2072//2201 1492//2201 1482//2201
f 451//2202 537//2202 696//2202
f 1438//2203 1443//2203 900//2203
f 979//2204 5//2204 813//2204
f 1113//2205 1083//2205 1532//2205
f 1592//2206 1791//2206 1775//2206
f 1460//2207 192//2207 1327//2207
f 1503//2208 1532//2208 1492//2208
f 407//2209 902//2209 335//2209
f 2415//2210 402//2210 482//2210
f 1460//2211 1327//2211 681//2211
f 2048//2212 1745//2212 1748//2212
f 1503//2213 1397//2213 1532//2213
f 1785//2214 1810//2214 1796//2214
f 1319//2215 895//2215 1961//2215
f 893//2216 1427//2216 1102//2216
f 1811//2217 1668//2217 1837//2217
f 1390//2218 1398//2218 1397//2218
f 1910//2219 1319//2219 1950//2219
f 1074//2220 1300//2220 1193//2220
f 768//2221 789//2221 804//2221
f 1832//2222 1843//2222 1831//2222
f 537//2223 1432//2223 407//2223
f 180//2224 122//2224 182//2224
f 185//2225 180//2225 182//2225
f 1478//2226 1474//2226 1501//2226
f 73//2227 30//2227 496//2227
f 429//2228 1264//2228 468//2228
f 320//2229 42//2229 674//2229
f 2331//2230 2341//2230 2321//2230
f 30//2231 582//2231 496//2231
f 1440//2232 1454//2232 1152//2232
f 1458//2233 293//2233 592//2233
f 29//2234 30//2234 457//2234
f 48//2235 129//2235 1056//2235
f 24//2236 48//2236 1056//2236
f 506//2237 1440//2237 1152//2237
f 704//2238 846//2238 316//2238
f 846//2239 548//2239 316//2239
f 1491//2240 1507//2240 1512//2240
f 975//2241 114//2241 475//2241
f 602//2242 320//2242 639//2242
f 1446//2243 181//2243 639//2243
f 123//2244 136//2244 2//2244
f 1469//2245 1474//2245 1454//2245
f 162//2246 547//2246 548//2246
f 2//2247 136//2247 172//2247
f 272//2248 255//2248 42//2248
f 316//2249 548//2249 583//2249
f 17//2250 316//2250 1504//2250
f 79//2251 583//2251 502//2251
f 48//2252 17//2252 129//2252
f 846//2253 1483//2253 548//2253
f 1431//2254 1440//2254 506//2254
f 627//2255 501//2255 1436//2255
f 745//2256 502//2256 459//2256
f 1715//2257 389//2257 1698//2257
f 2333//2258 2078//2258 2815//2258
f 1435//2259 272//2259 658//2259
f 1504//2260 316//2260 583//2260
f 172//2261 136//2261 41//2261
f 1678//2262 1816//2262 1368//2262
f 1435//2263 733//2263 328//2263
f 36//2264 1493//2264 1494//2264
f 1//2265 1225//2265 846//2265
f 1225//2266 1188//2266 846//2266
f 1428//2267 1434//2267 1430//2267
f 1474//2268 1479//2268 1491//2268
f 307//2269 2//2269 63//2269
f 1504//2270 583//2270 79//2270
f 17//2271 1504//2271 129//2271
f 583//2272 548//2272 502//2272
f 547//2273 887//2273 977//2273
f 523//2274 44//2274 123//2274
f 105//2275 130//2275 1624//2275
f 2136//2276 1428//2276 1429//2276
f 599//2277 1142//2277 624//2277
f 502//2278 548//2278 1449//2278
f 158//2279 292//2279 315//2279
f 1739//2280 1541//2280 164//2280
f 1500//2281 1539//2281 1533//2281
f 1115//2282 888//2282 300//2282
f 687//2283 676//2283 677//2283
f 1801//2284 1650//2284 1822//2284
f 1334//2285 1080//2285 1167//2285
f 1426//2286 1429//2286 1196//2286
f 1493//2287 1436//2287 451//2287
f 501//2288 523//2288 258//2288
f 1483//2289 162//2289 548//2289
f 1483//2290 72//2290 137//2290
f 702//2291 97//2291 1493//2291
f 97//2292 1436//2292 1493//2292
f 536//2293 501//2293 258//2293
f 180//2294 185//2294 1539//2294
f 1469//2295 1479//2295 1474//2295
f 516//2296 73//2296 496//2296
f 384//2297 412//2297 363//2297
f 49//2298 121//2298 1237//2298
f 501//2299 90//2299 1436//2299
f 180//2300 70//2300 122//2300
f 37//2301 73//2301 516//2301
f 407//2302 1432//2302 1445//2302
f 129//2303 1504//2303 163//2303
f 1494//2304 696//2304 139//2304
f 1113//2305 1532//2305 1397//2305
f 1442//2306 258//2306 43//2306
f 122//2307 100//2307 198//2307
f 90//2308 536//2308 1442//2308
f 1264//2309 2102//2309 1400//2309
f 1319//2310 1961//2310 1950//2310
f 1775//2311 1785//2311 1591//2311
f 163//2312 1504//2312 675//2312
f 39//2313 96//2313 95//2313
f 90//2314 1432//2314 451//2314
f 258//2315 123//2315 43//2315
f 1816//2316 1660//2316 554//2316
f 688//2317 1095//2317 954//2317
f 31//2318 688//2318 954//2318
f 182//2319 639//2319 121//2319
f 675//2320 1504//2320 79//2320
f 2//2321 22//2321 63//2321
f 9//2322 954//2322 1301//2322
f 733//2323 1368//2323 554//2323
f 1267//2324 1100//2324 1102//2324
f 1443//2325 1452//2325 1451//2325
f 160//2326 347//2326 385//2326
f 704//2327 316//2327 48//2327
f 299//2328 1236//2328 1172//2328
f 1677//2329 56//2329 1301//2329
f 592//2330 80//2330 254//2330
f 271//2331 179//2331 427//2331
f 1453//2332 1287//2332 1461//2332
f 99//2333 163//2333 432//2333
f 42//2334 255//2334 627//2334
f 47//2335 48//2335 24//2335
f 459//2336 502//2336 237//2336
f 1811//2337 1827//2337 1668//2337
f 1454//2338 1474//2338 1478//2338
f 440//2339 1369//2339 681//2339
f 44//2340 254//2340 123//2340
f 137//2341 547//2341 162//2341
f 548//2342 547//2342 1449//2342
f 1447//2343 745//2343 505//2343
f 64//2344 385//2344 347//2344
f 42//2345 584//2345 272//2345
f 239//2346 273//2346 238//2346
f 523//2347 123//2347 258//2347
f 294//2348 311//2348 260//2348
f 320//2349 602//2349 584//2349
f 502//2350 1449//2350 237//2350
f 601//2351 197//2351 178//2351
f 888//2352 335//2352 300//2352
f 1501//2353 1512//2353 1529//2353
f 1505//2354 1515//2354 365//2354
f 365//2355 1543//2355 347//2355
f 1543//2356 64//2356 347//2356
f 394//2357 47//2357 564//2357
f 70//2358 100//2358 122//2358
f 90//2359 501//2359 536//2359
f 1685//2360 1507//2360 1632//2360
f 1448//2361 502//2361 745//2361
f 9//2362 1401//2362 753//2362
f 398//2363 1505//2363 252//2363
f 64//2364 829//2364 385//2364
f 398//2365 534//2365 1505//2365
f 365//2366 1515//2366 1543//2366
f 48//2367 316//2367 17//2367
f 137//2368 887//2368 547//2368
f 1445//2369 43//2369 307//2369
f 71//2370 627//2370 1436//2370
f 1435//2371 1463//2371 733//2371
f 733//2372 1463//2372 1368//2372
f 1876//2373 2321//2373 2292//2373
f 534//2374 1515//2374 1505//2374
f 1835//2375 1385//2375 1681//2375
f 1445//2376 307//2376 250//2376
f 1458//2377 592//2377 481//2377
f 1441//2378 1469//2378 1440//2378
f 705//2379 1458//2379 481//2379
f 1442//2380 536//2380 258//2380
f 2//2381 172//2381 22//2381
f 333//2382 669//2382 506//2382
f 495//2383 298//2383 253//2383
f 534//2384 1495//2384 1515//2384
f 59//2385 829//2385 64//2385
f 59//2386 983//2386 829//2386
f 2277//2387 2255//2387 2290//2387
f 2829//2388 2843//2388 2826//2388
f 564//2389 47//2389 24//2389
f 547//2390 977//2390 1449//2390
f 178//2391 611//2391 95//2391
f 49//2392 210//2392 186//2392
f 320//2393 674//2393 1446//2393
f 98//2394 71//2394 97//2394
f 1488//2395 98//2395 97//2395
f 1202//2396 1500//2396 1533//2396
f 1483//2397 137//2397 162//2397
f 675//2398 79//2398 1472//2398
f 239//2399 238//2399 225//2399
f 1591//2400 1785//2400 1603//2400
f 36//2401 176//2401 702//2401
f 64//2402 1543//2402 91//2402
f 91//2403 59//2403 64//2403
f 45//2404 393//2404 860//2404
f 178//2405 220//2405 611//2405
f 432//2406 675//2406 1472//2406
f 129//2407 163//2407 336//2407
f 307//2408 43//2408 2//2408
f 1067//2409 213//2409 534//2409
f 364//2410 1067//2410 534//2410
f 534//2411 213//2411 1495//2411
f 818//2412 983//2412 59//2412
f 1534//2413 1539//2413 1500//2413
f 1534//2414 180//2414 1539//2414
f 1790//2415 1786//2415 1775//2415
f 141//2416 59//2416 91//2416
f 141//2417 818//2417 59//2417
f 293//2418 120//2418 592//2418
f 1515//2419 1496//2419 1543//2419
f 1543//2420 1524//2420 91//2420
f 394//2421 704//2421 47//2421
f 704//2422 48//2422 47//2422
f 1491//2423 1470//2423 288//2423
f 1237//2424 121//2424 181//2424
f 100//2425 1703//2425 198//2425
f 696//2426 407//2426 888//2426
f 1432//2427 1442//2427 1445//2427
f 2622//2428 2643//2428 910//2428
f 1495//2429 1496//2429 1515//2429
f 141//2430 617//2430 818//2430
f 451//2431 1432//2431 537//2431
f 2651//2432 2663//2432 2676//2432
f 1445//2433 1442//2433 43//2433
f 1436//2434 90//2434 451//2434
f 966//2435 571//2435 573//2435
f 213//2436 1496//2436 1495//2436
f 1543//2437 1496//2437 1524//2437
f 1524//2438 369//2438 91//2438
f 369//2439 141//2439 91//2439
f 1428//2440 2136//2440 1546//2440
f 1856//2441 1867//2441 1861//2441
f 1867//2442 1880//2442 1861//2442
f 80//2443 592//2443 120//2443
f 36//2444 702//2444 1493//2444
f 72//2445 1267//2445 1427//2445
f 516//2446 39//2446 611//2446
f 1743//2447 2179//2447 331//2447
f 1267//2448 1102//2448 1427//2448
f 2828//2449 1175//2449 2176//2449
f 202//2450 698//2450 149//2450
f 2753//2451 2817//2451 2656//2451
f 307//2452 63//2452 250//2452
f 1786//2453 1811//2453 1810//2453
f 360//2454 377//2454 1520//2454
f 386//2455 13//2455 765//2455
f 97//2456 71//2456 1436//2456
f 787//2457 2827//2457 2814//2457
f 213//2458 1484//2458 1496//2458
f 369//2459 16//2459 141//2459
f 16//2460 617//2460 141//2460
f 1459//2461 1488//2461 97//2461
f 1988//2462 1989//2462 2004//2462
f 656//2463 1677//2463 1095//2463
f 1919//2464 1934//2464 1926//2464
f 1484//2465 1506//2465 1496//2465
f 1496//2466 1506//2466 1524//2466
f 16//2467 45//2467 617//2467
f 1451//2468 900//2468 1443//2468
f 1282//2469 286//2469 1204//2469
f 1202//2470 1415//2470 1500//2470
f 742//2471 729//2471 743//2471
f 729//2472 742//2472 355//2472
f 1524//2473 1521//2473 369//2473
f 16//2474 1437//2474 45//2474
f 19//2475 393//2475 45//2475
f 1//2476 704//2476 394//2476
f 742//2477 480//2477 355//2477
f 2412//2478 1416//2478 766//2478
f 480//2479 149//2479 355//2479
f 355//2480 149//2480 145//2480
f 863//2481 849//2481 877//2481
f 1437//2482 19//2482 45//2482
f 754//2483 742//2483 743//2483
f 123//2484 254//2484 136//2484
f 1756//2485 1506//2485 1484//2485
f 1524//2486 1506//2486 1521//2486
f 287//2487 1437//2487 16//2487
f 1//2488 846//2488 704//2488
f 163//2489 675//2489 432//2489
f 182//2490 122//2490 602//2490
f 369//2491 223//2491 16//2491
f 969//2492 1453//2492 2030//2492
f 742//2493 585//2493 480//2493
f 585//2494 149//2494 480//2494
f 2029//2495 1453//2495 1461//2495
f 1756//2496 1497//2496 1506//2496
f 1521//2497 223//2497 369//2497
f 253//2498 19//2498 1437//2498
f 270//2499 336//2499 99//2499
f 220//2500 37//2500 611//2500
f 2012//2501 2019//2501 2029//2501
f 1497//2502 1521//2502 1506//2502
f 16//2503 223//2503 287//2503
f 399//2504 1437//2504 287//2504
f 399//2505 18//2505 1437//2505
f 18//2506 253//2506 1437//2506
f 611//2507 37//2507 516//2507
f 1451//2508 953//2508 900//2508
f 1921//2509 1464//2509 1792//2509
f 355//2510 145//2510 676//2510
f 1497//2511 1516//2511 1521//2511
f 399//2512 287//2512 223//2512
f 698//2513 526//2513 667//2513
f 1193//2514 114//2514 479//2514
f 1533//2515 186//2515 210//2515
f 13//2516 58//2516 1407//2516
f 1516//2517 1535//2517 1521//2517
f 1521//2518 1535//2518 223//2518
f 526//2519 728//2519 727//2519
f 895//2520 1325//2520 1984//2520
f 582//2521 30//2521 29//2521
f 1534//2522 1529//2522 180//2522
f 1974//2523 1968//2523 1989//2523
f 2449//2524 1170//2524 1180//2524
f 473//2525 223//2525 1535//2525
f 237//2526 379//2526 438//2526
f 1544//2527 1194//2527 386//2527
f 180//2528 1529//2528 70//2528
f 79//2529 502//2529 1448//2529
f 1672//2530 666//2530 526//2530
f 163//2531 99//2531 336//2531
f 223//2532 473//2532 399//2532
f 18//2533 495//2533 253//2533
f 495//2534 282//2534 298//2534
f 2828//2535 2157//2535 1387//2535
f 1483//2536 846//2536 72//2536
f 1434//2537 1455//2537 1469//2537
f 880//2538 799//2538 1376//2538
f 399//2539 68//2539 18//2539
f 68//2540 161//2540 18//2540
f 1418//2541 2838//2541 2179//2541
f 1430//2542 1434//2542 1441//2542
f 496//2543 582//2543 55//2543
f 1880//2544 1867//2544 1749//2544
f 2004//2545 2005//2545 2012//2545
f 2005//2546 2019//2546 2012//2546
f 1302//2547 1407//2547 58//2547
f 1525//2548 1535//2548 1516//2548
f 199//2549 1633//2549 165//2549
f 1662//2550 1673//2550 1653//2550
f 1747//2551 1689//2551 1470//2551
f 1700//2552 1707//2552 334//2552
f 164//2553 1637//2553 1642//2553
f 1743//2554 1418//2554 2179//2554
f 672//2555 691//2555 222//2555
f 640//2556 629//2556 672//2556
f 1299//2557 1498//2557 1499//2557
f 288//2558 1689//2558 1632//2558
f 1616//2559 126//2559 103//2559
f 1739//2560 574//2560 1541//2560
f 1723//2561 2092//2561 464//2561
f 727//2562 728//2562 762//2562
f 184//2563 226//2563 167//2563
f 2815//2564 2078//2564 2812//2564
f 1447//2565 505//2565 319//2565
f 1637//2566 144//2566 1672//2566
f 1561//2567 1573//2567 1594//2567
f 2408//2568 851//2568 492//2568
f 633//2569 644//2569 589//2569
f 1594//2570 124//2570 1633//2570
f 113//2571 1077//2571 1721//2571
f 574//2572 623//2572 1541//2572
f 2176//2573 2157//2573 2828//2573
f 2322//2574 2331//2574 2298//2574
f 187//2575 1624//2575 130//2575
f 1688//2576 589//2576 515//2576
f 119//2577 389//2577 1715//2577
f 1489//2578 1299//2578 1499//2578
f 1615//2579 1634//2579 1640//2579
f 1918//2580 2322//2580 2314//2580
f 1622//2581 706//2581 1869//2581
f 1216//2582 1260//2582 492//2582
f 1698//2583 1692//2583 1715//2583
f 388//2584 1615//2584 1609//2584
f 291//2585 1699//2585 339//2585
f 1662//2586 227//2586 1684//2586
f 648//2587 603//2587 604//2587
f 1459//2588 1485//2588 1488//2588
f 2276//2589 2304//2589 2285//2589
f 1416//2590 2412//2590 2816//2590
f 259//2591 1693//2591 1708//2591
f 1561//2592 1594//2592 1593//2592
f 1575//2593 603//2593 629//2593
f 1564//2594 1581//2594 1563//2594
f 1854//2595 1876//2595 2241//2595
f 2479//2596 2484//2596 2469//2596
f 2827//2597 2839//2597 2814//2597
f 2282//2598 331//2598 2179//2598
f 228//2599 259//2599 240//2599
f 486//2600 388//2600 1727//2600
f 1530//2601 1648//2601 50//2601
f 240//2602 1699//2602 291//2602
f 229//2603 1693//2603 259//2603
f 1616//2604 103//2604 1598//2604
f 1607//2605 1614//2605 1609//2605
f 1693//2606 1717//2606 1708//2606
f 1770//2607 511//2607 73//2607
f 1703//2608 1671//2608 1153//2608
f 1703//2609 50//2609 1671//2609
f 1605//2610 1623//2610 1598//2610
f 1877//2611 1878//2611 1888//2611
f 1561//2612 1396//2612 1573//2612
f 1551//2613 802//2613 787//2613
f 1575//2614 629//2614 614//2614
f 550//2615 1575//2615 614//2615
f 2826//2616 2843//2616 299//2616
f 1653//2617 184//2617 1616//2617
f 124//2618 165//2618 1633//2618
f 1668//2619 224//2619 238//2619
f 2071//2620 1271//2620 1262//2620
f 1690//2621 1703//2621 1153//2621
f 1606//2622 106//2622 105//2622
f 1717//2623 1727//2623 1726//2623
f 1215//2624 1367//2624 2823//2624
f 1699//2625 1726//2625 339//2625
f 1607//2626 1609//2626 450//2626
f 593//2627 1655//2627 1126//2627
f 374//2628 1690//2628 1153//2628
f 1577//2629 1598//2629 103//2629
f 2008//2630 2110//2630 671//2630
f 727//2631 1600//2631 526//2631
f 118//2632 1679//2632 1551//2632
f 574//2633 1739//2633 530//2633
f 311//2634 322//2634 242//2634
f 1663//2635 725//2635 712//2635
f 918//2636 2623//2636 1217//2636
f 965//2637 850//2637 2815//2637
f 257//2638 1691//2638 291//2638
f 1696//2639 1847//2639 1701//2639
f 1696//2640 1701//2640 1707//2640
f 1714//2641 353//2641 1707//2641
f 1701//2642 1714//2642 1707//2642
f 2445//2643 2444//2643 2438//2643
f 285//2644 159//2644 823//2644
f 322//2645 1717//2645 1693//2645
f 778//2646 2408//2646 2323//2646
f 1600//2647 726//2647 725//2647
f 260//2648 311//2648 242//2648
f 921//2649 1223//2649 28//2649
f 1691//2650 240//2650 291//2650
f 543//2651 1640//2651 1688//2651
f 2629//2652 2650//2652 2644//2652
f 1682//2653 1698//2653 1697//2653
f 2842//2654 2656//2654 2817//2654
f 1743//2655 1935//2655 1985//2655
f 1560//2656 1604//2656 1791//2656
f 240//2657 1691//2657 1684//2657
f 1541//2658 623//2658 144//2658
f 1643//2659 1739//2659 1634//2659
f 613//2660 1143//2660 637//2660
f 317//2661 264//2661 600//2661
f 1202//2662 1533//2662 210//2662
f 222//2663 691//2663 748//2663
f 248//2664 236//2664 1647//2664
f 423//2665 198//2665 1690//2665
f 1726//2666 1614//2666 1607//2666
f 1623//2667 187//2667 1662//2667
f 1662//2668 187//2668 227//2668
f 933//2669 234//2669 2675//2669
f 1655//2670 593//2670 317//2670
f 164//2671 1541//2671 144//2671
f 543//2672 515//2672 450//2672
f 318//2673 640//2673 222//2673
f 600//2674 1617//2674 1626//2674
f 357//2675 404//2675 1717//2675
f 728//2676 526//2676 698//2676
f 2677//2677 2743//2677 2707//2677
f 1699//2678 1708//2678 1726//2678
f 1624//2679 1623//2679 1605//2679
f 1679//2680 799//2680 880//2680
f 2378//2681 2022//2681 2411//2681
f 1724//2682 274//2682 390//2682
f 2276//2683 2285//2683 1873//2683
f 2290//2684 2319//2684 2304//2684
f 264//2685 266//2685 1675//2685
f 264//2686 1617//2686 600//2686
f 264//2687 1675//2687 1617//2687
f 274//2688 1724//2688 1692//2688
f 1733//2689 1715//2689 1724//2689
f 633//2690 1637//2690 644//2690
f 199//2691 1827//2691 1812//2691
f 404//2692 1727//2692 1717//2692
f 1564//2693 1606//2693 1581//2693
f 614//2694 305//2694 1631//2694
f 1987//2695 1979//2695 2386//2695
f 118//2696 1211//2696 113//2696
f 614//2697 1631//2697 1638//2697
f 1595//2698 614//2698 1638//2698
f 1655//2699 600//2699 2571//2699
f 803//2700 840//2700 1198//2700
f 1843//2701 2254//2701 2253//2701
f 530//2702 1739//2702 1643//2702
f 2785//2703 88//2703 833//2703
f 1663//2704 1637//2704 725//2704
f 1588//2705 1587//2705 1565//2705
f 236//2706 1584//2706 1585//2706
f 1684//2707 1691//2707 257//2707
f 1585//2708 1584//2708 80//2708
f 600//2709 1626//2709 1618//2709
f 857//2710 1577//2710 78//2710
f 1668//2711 238//2711 1682//2711
f 1719//2712 748//2712 767//2712
f 1645//2713 248//2713 1647//2713
f 1617//2714 1675//2714 1645//2714
f 551//2715 1575//2715 550//2715
f 1657//2716 633//2716 1688//2716
f 1701//2717 1697//2717 1714//2717
f 1367//2718 2821//2718 2831//2718
f 1645//2719 1647//2719 1597//2719
f 2378//2720 2377//2720 2353//2720
f 1630//2721 1626//2721 1664//2721
f 305//2722 318//2722 1625//2722
f 2287//2723 2282//2723 800//2723
f 2026//2724 881//2724 823//2724
f 159//2725 2026//2725 823//2725
f 2044//2726 2115//2726 2042//2726
f 397//2727 1068//2727 461//2727
f 1911//2728 778//2728 2323//2728
f 640//2729 672//2729 222//2729
f 1566//2730 1588//2730 2594//2730
f 1620//2731 1619//2731 1588//2731
f 1836//2732 1847//2732 1696//2732
f 1626//2733 1630//2733 1654//2733
f 240//2734 259//2734 1699//2734
f 2178//2735 2103//2735 2083//2735
f 1675//2736 266//2736 1645//2736
f 2245//2737 1843//2737 1832//2737
f 819//2738 682//2738 1220//2738
f 1726//2739 388//2739 1614//2739
f 1572//2740 1604//2740 1550//2740
f 1566//2741 1620//2741 1588//2741
f 2246//2742 2277//2742 2267//2742
f 1579//2743 1624//2743 1605//2743
f 1647//2744 1596//2744 1597//2744
f 1481//2745 1685//2745 1632//2745
f 725//2746 1672//2746 1600//2746
f 305//2747 629//2747 640//2747
f 1617//2748 1645//2748 1664//2748
f 1578//2749 1579//2749 1605//2749
f 305//2750 1625//2750 1631//2750
f 273//2751 1692//2751 238//2751
f 1663//2752 712//2752 686//2752
f 1642//2753 633//2753 1657//2753
f 1589//2754 1566//2754 1567//2754
f 1589//2755 1620//2755 1566//2755
f 264//2756 265//2756 266//2756
f 1626//2757 1617//2757 1664//2757
f 266//2758 265//2758 138//2758
f 1589//2759 1627//2759 1620//2759
f 1739//2760 164//2760 1634//2760
f 520//2761 15//2761 1414//2761
f 2277//2762 2290//2762 2304//2762
f 1559//2763 1571//2763 2702//2763
f 1697//2764 1698//2764 366//2764
f 266//2765 248//2765 1645//2765
f 1696//2766 1707//2766 1700//2766
f 1616//2767 184//2767 126//2767
f 101//2768 222//2768 748//2768
f 629//2769 305//2769 614//2769
f 2830//2770 2813//2770 2825//2770
f 1609//2771 1640//2771 543//2771
f 1563//2772 1350//2772 1564//2772
f 1699//2773 259//2773 1708//2773
f 585//2774 754//2774 764//2774
f 317//2775 600//2775 1655//2775
f 401//2776 2026//2776 159//2776
f 1618//2777 2571//2777 600//2777
f 2765//2778 827//2778 835//2778
f 2630//2779 2600//2779 2601//2779
f 2669//2780 214//2780 2655//2780
f 1376//2781 732//2781 880//2781
f 1662//2782 1653//2782 1616//2782
f 1549//2783 1560//2783 1559//2783
f 2779//2784 2802//2784 1550//2784
f 1612//2785 1627//2785 1589//2785
f 1573//2786 856//2786 46//2786
f 1891//2787 671//2787 2110//2787
f 1651//2788 1658//2788 1666//2788
f 1666//2789 1681//2789 1680//2789
f 198//2790 1703//2790 1690//2790
f 1601//2791 1674//2791 439//2791
f 439//2792 1674//2792 440//2792
f 1642//2793 1657//2793 1640//2793
f 199//2794 1812//2794 1633//2794
f 305//2795 640//2795 318//2795
f 1556//2796 1568//2796 1567//2796
f 1567//2797 1568//2797 1589//2797
f 1672//2798 526//2798 1600//2798
f 1708//2799 1717//2799 1726//2799
f 1634//2800 1642//2800 1640//2800
f 2330//2801 2370//2801 2369//2801
f 1621//2802 1528//2802 1601//2802
f 1550//2803 1604//2803 1560//2803
f 1673//2804 1662//2804 1684//2804
f 738//2805 725//2805 726//2805
f 1693//2806 241//2806 310//2806
f 1560//2807 1592//2807 1559//2807
f 1635//2808 56//2808 1677//2808
f 1635//2809 1678//2809 56//2809
f 1660//2810 1816//2810 1678//2810
f 1607//2811 339//2811 1726//2811
f 843//2812 856//2812 1396//2812
f 1589//2813 1568//2813 1612//2813
f 1578//2814 1605//2814 1598//2814
f 238//2815 1692//2815 1682//2815
f 1682//2816 1692//2816 1698//2816
f 1966//2817 1953//2817 1947//2817
f 714//2818 1212//2818 1166//2818
f 1227//2819 460//2819 1042//2819
f 1609//2820 1615//2820 1640//2820
f 231//2821 317//2821 593//2821
f 2369//2822 2400//2822 2386//2822
f 848//2823 131//2823 874//2823
f 1626//2824 1654//2824 1618//2824
f 2424//2825 866//2825 2423//2825
f 1647//2826 236//2826 1585//2826
f 1653//2827 1673//2827 226//2827
f 92//2828 231//2828 593//2828
f 889//2829 1468//2829 1499//2829
f 2425//2830 2422//2830 1997//2830
f 2400//2831 2425//2831 1997//2831
f 589//2832 1688//2832 633//2832
f 1578//2833 1598//2833 1577//2833
f 1594//2834 1633//2834 1798//2834
f 222//2835 101//2835 318//2835
f 1685//2836 1687//2836 1648//2836
f 2437//2837 2444//2837 2436//2837
f 2804//2838 845//2838 2803//2838
f 1862//2839 1682//2839 1697//2839
f 1594//2840 1798//2840 1593//2840
f 1637//2841 633//2841 1642//2841
f 1669//2842 1528//2842 1621//2842
f 1636//2843 1674//2843 1601//2843
f 1634//2844 164//2844 1642//2844
f 1679//2845 118//2845 113//2845
f 955//2846 1552//2846 2115//2846
f 1645//2847 1597//2847 1664//2847
f 1660//2848 1678//2848 1635//2848
f 845//2849 844//2849 2803//2849
f 1569//2850 1602//2850 1568//2850
f 1602//2851 1612//2851 1568//2851
f 1598//2852 1623//2852 1616//2852
f 666//2853 144//2853 623//2853
f 1966//2854 1980//2854 2365//2854
f 1656//2855 457//2855 511//2855
f 799//2856 113//2856 1376//2856
f 2253//2857 2276//2857 1873//2857
f 1669//2858 1611//2858 1528//2858
f 1611//2859 1582//2859 1528//2859
f 1528//2860 1582//2860 1601//2860
f 1574//2861 476//2861 1636//2861
f 1653//2862 226//2862 184//2862
f 1684//2863 257//2863 1673//2863
f 1696//2864 1700//2864 346//2864
f 101//2865 748//2865 1719//2865
f 450//2866 1609//2866 543//2866
f 366//2867 1714//2867 1697//2867
f 1650//2868 1665//2868 1822//2868
f 511//2869 30//2869 73//2869
f 1646//2870 1611//2870 1669//2870
f 1582//2871 1636//2871 1601//2871
f 1683//2872 1336//2872 25//2872
f 371//2873 370//2873 311//2873
f 1616//2874 1623//2874 1662//2874
f 2386//2875 1997//2875 1987//2875
f 1048//2876 1054//2876 1068//2876
f 1707//2877 352//2877 334//2877
f 1614//2878 388//2878 1609//2878
f 2649//2879 1557//2879 1556//2879
f 1602//2880 1590//2880 1612//2880
f 1546//2881 597//2881 1412//2881
f 352//2882 1707//2882 353//2882
f 1615//2883 1643//2883 1634//2883
f 1641//2884 1660//2884 1635//2884
f 1716//2885 120//2885 1660//2885
f 1557//2886 1602//2886 1569//2886
f 1452//2887 1443//2887 1438//2887
f 1086//2888 1661//2888 1646//2888
f 1582//2889 1610//2889 1636//2889
f 144//2890 666//2890 1672//2890
f 1579//2891 1580//2891 1624//2891
f 2822//2892 2842//2892 2832//2892
f 101//2893 1719//2893 1610//2893
f 1716//2894 1660//2894 1641//2894
f 176//2895 457//2895 702//2895
f 1350//2896 104//2896 1294//2896
f 1557//2897 1590//2897 1602//2897
f 1590//2898 1628//2898 1612//2898
f 1612//2899 1628//2899 1627//2899
f 1627//2900 1628//2900 1650//2900
f 187//2901 1623//2901 1624//2901
f 1734//2902 2237//2902 800//2902
f 2371//2903 2413//2903 2400//2903
f 2166//2904 437//2904 1738//2904
f 1636//2905 1610//2905 1574//2905
f 1935//2906 578//2906 1985//2906
f 1726//2907 1727//2907 388//2907
f 1791//2908 1592//2908 1560//2908
f 486//2909 1615//2909 388//2909
f 881//2910 1889//2910 2048//2910
f 164//2911 144//2911 1637//2911
f 1637//2912 1663//2912 644//2912
f 1665//2913 1650//2913 1651//2913
f 1680//2914 1856//2914 1665//2914
f 1561//2915 1593//2915 1572//2915
f 2168//2916 2032//2916 2159//2916
f 15//2917 549//2917 1414//2917
f 1803//2918 2079//2918 2427//2918
f 1464//2919 1942//2919 1130//2919
f 1661//2920 1625//2920 1646//2920
f 1646//2921 1625//2921 1611//2921
f 1611//2922 1644//2922 1582//2922
f 1610//2923 1608//2923 1574//2923
f 1724//2924 390//2924 1733//2924
f 1630//2925 561//2925 1683//2925
f 97//2926 702//2926 1459//2926
f 1692//2927 1724//2927 1715//2927
f 1558//2928 1590//2928 1557//2928
f 1628//2929 1651//2929 1650//2929
f 2254//2930 2267//2930 2253//2930
f 2452//2931 2466//2931 2444//2931
f 2416//2932 2415//2932 2402//2932
f 1644//2933 1610//2933 1582//2933
f 1688//2934 1640//2934 1657//2934
f 2408//2935 492//2935 1155//2935
f 1713//2936 881//2936 1748//2936
f 1630//2937 1576//2937 1341//2937
f 1596//2938 1641//2938 1670//2938
f 2174//2939 2175//2939 2182//2939
f 1593//2940 1798//2940 1572//2940
f 1558//2941 1570//2941 1590//2941
f 1219//2942 2426//2942 1252//2942
f 1971//2943 2378//2943 2353//2943
f 1175//2944 2315//2944 2283//2944
f 1611//2945 1625//2945 1644//2945
f 2208//2946 2227//2946 2241//2946
f 1654//2947 1630//2947 1683//2947
f 1596//2948 1613//2948 1576//2948
f 1670//2949 1613//2949 1596//2949
f 1585//2950 1716//2950 1641//2950
f 1709//2951 1986//2951 823//2951
f 1459//2952 702//2952 1656//2952
f 644//2953 1663//2953 686//2953
f 1570//2954 1603//2954 1590//2954
f 1590//2955 1603//2955 1628//2955
f 1385//2956 1835//2956 346//2956
f 402//2957 719//2957 1725//2957
f 1631//2958 1625//2958 1661//2958
f 1610//2959 1719//2959 1608//2959
f 1679//2960 880//2960 802//2960
f 1664//2961 1576//2961 1630//2961
f 1585//2962 80//2962 1716//2962
f 1600//2963 727//2963 726//2963
f 1363//2964 476//2964 1574//2964
f 1550//2965 2802//2965 1358//2965
f 1628//2966 1639//2966 1651//2966
f 2588//2967 2587//2967 2552//2967
f 318//2968 101//2968 1644//2968
f 1625//2969 318//2969 1644//2969
f 101//2970 1610//2970 1644//2970
f 1664//2971 1597//2971 1576//2971
f 1597//2972 1596//2972 1576//2972
f 1647//2973 1641//2973 1596//2973
f 1641//2974 1647//2974 1585//2974
f 1606//2975 1564//2975 874//2975
f 1637//2976 1672//2976 725//2976
f 1581//2977 1606//2977 1580//2977
f 1693//2978 229//2978 241//2978
f 1538//2979 220//2979 1793//2979
f 1570//2980 1591//2980 1603//2980
f 1651//2981 1666//2981 1665//2981
f 1665//2982 1666//2982 1680//2982
f 1631//2983 1661//2983 1638//2983
f 1438//2984 900//2984 1393//2984
f 1425//2985 1928//2985 597//2985
f 1711//2986 682//2986 2183//2986
f 1537//2987 1527//2987 2145//2987
f 1412//2988 778//2988 1763//2988
f 1527//2989 1277//2989 580//2989
f 1324//2990 1763//2990 778//2990
f 1806//2991 2129//2991 2113//2991
f 1412//2992 1244//2992 1546//2992
f 1837//2993 1862//2993 1847//2993
f 1826//2994 1837//2994 1847//2994
f 1244//2995 1335//2995 1546//2995
f 1764//2996 1412//2996 1763//2996
f 1412//2997 1210//2997 1244//2997
f 1813//2998 1324//2998 1394//2998
f 1210//2999 992//2999 1244//2999
f 1079//3000 2812//3000 1163//3000
f 580//3001 1277//3001 1306//3001
f 1324//3002 1813//3002 1763//3002
f 1764//3003 1210//3003 1412//3003
f 1813//3004 1764//3004 1763//3004
f 828//3005 376//3005 992//3005
f 1210//3006 828//3006 992//3006
f 1670//3007 1641//3007 1635//3007
f 522//3008 1813//3008 1394//3008
f 1813//3009 1413//3009 1764//3009
f 376//3010 1747//3010 992//3010
f 1777//3011 1413//3011 1813//3011
f 1413//3012 1210//3012 1764//3012
f 1210//3013 1767//3013 828//3013
f 1777//3014 1813//3014 1347//3014
f 1210//3015 1828//3015 1767//3015
f 1767//3016 1829//3016 828//3016
f 828//3017 1829//3017 376//3017
f 1392//3018 1282//3018 1204//3018
f 1413//3019 1828//3019 1210//3019
f 1829//3020 1747//3020 376//3020
f 1829//3021 1689//3021 1747//3021
f 1744//3022 1777//3022 1347//3022
f 1767//3023 1768//3023 1829//3023
f 1959//3024 1958//3024 1939//3024
f 1487//3025 1777//3025 1744//3025
f 1828//3026 1768//3026 1767//3026
f 275//3027 1632//3027 1829//3027
f 1768//3028 275//3028 1829//3028
f 1848//3029 1776//3029 1828//3029
f 1413//3030 1848//3030 1828//3030
f 1828//3031 1481//3031 1768//3031
f 1768//3032 1481//3032 275//3032
f 1507//3033 1685//3033 1648//3033
f 1676//3034 1487//3034 1744//3034
f 1487//3035 1509//3035 1777//3035
f 1777//3036 1509//3036 1413//3036
f 1776//3037 1481//3037 1828//3037
f 1449//3038 977//3038 964//3038
f 1735//3039 1676//3039 1744//3039
f 1413//3040 1509//3040 1848//3040
f 1559//3041 1766//3041 1571//3041
f 2050//3042 2419//3042 1629//3042
f 1718//3043 1869//3043 1676//3043
f 1481//3044 1632//3044 275//3044
f 2144//3045 2145//3045 2088//3045
f 615//3046 1964//3046 1778//3046
f 2611//3047 1869//3047 1718//3047
f 1023//3048 1487//3048 1676//3048
f 1023//3049 1509//3049 1487//3049
f 1776//3050 1357//3050 1481//3050
f 103//3051 78//3051 1577//3051
f 2085//3052 2038//3052 645//3052
f 565//3053 1357//3053 1776//3053
f 2040//3054 1150//3054 1191//3054
f 1798//3055 1604//3055 1572//3055
f 1848//3056 565//3056 1776//3056
f 1685//3057 1481//3057 1357//3057
f 628//3058 1234//3058 1850//3058
f 2052//3059 2043//3059 1998//3059
f 1971//3060 2022//3060 2378//3060
f 1869//3061 706//3061 1676//3061
f 1923//3062 1938//3062 1943//3062
f 1943//3063 1956//3063 1971//3063
f 2009//3064 2022//3064 1971//3064
f 1956//3065 2009//3065 1971//3065
f 2009//3066 2023//3066 2022//3066
f 2033//3067 538//3067 2022//3067
f 823//3068 1713//3068 1709//3068
f 1023//3069 1676//3069 706//3069
f 1357//3070 1687//3070 1685//3070
f 1695//3071 1680//3071 1681//3071
f 1807//3072 688//3072 1765//3072
f 2142//3073 35//3073 615//3073
f 2040//3074 847//3074 1150//3074
f 1938//3075 1956//3075 1943//3075
f 2023//3076 2033//3076 2022//3076
f 2033//3077 211//3077 538//3077
f 565//3078 1913//3078 1357//3078
f 1357//3079 1913//3079 1687//3079
f 2145//3080 2055//3080 2088//3080
f 1938//3081 1944//3081 1956//3081
f 1546//3082 1335//3082 1428//3082
f 1509//3083 1473//3083 1848//3083
f 1848//3084 1473//3084 565//3084
f 1812//3085 1827//3085 1811//3085
f 1669//3086 1994//3086 1086//3086
f 1884//3087 1892//3087 1923//3087
f 1923//3088 1892//3088 1938//3088
f 1944//3089 1972//3089 1956//3089
f 1972//3090 2009//3090 1956//3090
f 2010//3091 2023//3091 2009//3091
f 304//3092 197//3092 1498//3092
f 195//3093 1635//3093 1677//3093
f 375//3094 1023//3094 706//3094
f 1473//3095 1805//3095 565//3095
f 1345//3096 1354//3096 1344//3096
f 1797//3097 1812//3097 1790//3097
f 1892//3098 1944//3098 1938//3098
f 1944//3099 1957//3099 1972//3099
f 2009//3100 1972//3100 2010//3100
f 2010//3101 2033//3101 2023//3101
f 285//3102 211//3102 2033//3102
f 285//3103 1986//3103 211//3103
f 220//3104 178//3104 1299//3104
f 1023//3105 1473//3105 1509//3105
f 1805//3106 1913//3106 565//3106
f 1913//3107 387//3107 1687//3107
f 1114//3108 301//3108 1765//3108
f 1884//3109 1871//3109 1892//3109
f 1945//3110 1957//3110 1944//3110
f 2011//3111 2025//3111 2010//3111
f 2025//3112 2033//3112 2010//3112
f 1023//3113 375//3113 1473//3113
f 1095//3114 776//3114 656//3114
f 1925//3115 1887//3115 2041//3115
f 768//3116 1373//3116 767//3116
f 1864//3117 1871//3117 1884//3117
f 1871//3118 1893//3118 1892//3118
f 1893//3119 1929//3119 1892//3119
f 1929//3120 1945//3120 1944//3120
f 1892//3121 1929//3121 1944//3121
f 1972//3122 1957//3122 1978//3122
f 1972//3123 2011//3123 2010//3123
f 159//3124 2033//3124 2025//3124
f 1805//3125 1108//3125 1913//3125
f 1108//3126 387//3126 1913//3126
f 1621//3127 2014//3127 1669//3127
f 1751//3128 1771//3128 1757//3128
f 2045//3129 1306//3129 2059//3129
f 1851//3130 1871//3130 1864//3130
f 1893//3131 1904//3131 1929//3131
f 1957//3132 1958//3132 1978//3132
f 1978//3133 2011//3133 1972//3133
f 1364//3134 1636//3134 476//3134
f 1473//3135 1912//3135 1805//3135
f 1912//3136 1108//3136 1805//3136
f 387//3137 1648//3137 1687//3137
f 1751//3138 1758//3138 1771//3138
f 1794//3139 1422//3139 1771//3139
f 1851//3140 1865//3140 1871//3140
f 1871//3141 1865//3141 1893//3141
f 1945//3142 1958//3142 1957//3142
f 1958//3143 1987//3143 1978//3143
f 1987//3144 2011//3144 1978//3144
f 2011//3145 2026//3145 2025//3145
f 1870//3146 1901//3146 1211//3146
f 1621//3147 1601//3147 657//3147
f 2038//3148 2085//3148 1963//3148
f 1621//3149 657//3149 2021//3149
f 1758//3150 1794//3150 1771//3150
f 1851//3151 1852//3151 1865//3151
f 1893//3152 1865//3152 1904//3152
f 1904//3153 1905//3153 1929//3153
f 1929//3154 1905//3154 1945//3154
f 2011//3155 2422//3155 2026//3155
f 482//3156 1725//3156 1969//3156
f 1937//3157 1995//3157 1352//3157
f 1352//3158 1995//3158 706//3158
f 375//3159 1912//3159 1473//3159
f 1912//3160 1433//3160 1108//3160
f 1108//3161 713//3161 387//3161
f 713//3162 1648//3162 387//3162
f 2101//3163 1930//3163 1552//3163
f 2014//3164 2021//3164 1993//3164
f 1772//3165 1794//3165 1758//3165
f 1772//3166 1788//3166 1794//3166
f 1788//3167 1462//3167 1794//3167
f 992//3168 1444//3168 1434//3168
f 1885//3169 1905//3169 1865//3169
f 1865//3170 1905//3170 1904//3170
f 1995//3171 1977//3171 706//3171
f 1977//3172 2007//3172 706//3172
f 2007//3173 375//3173 706//3173
f 2007//3174 1912//3174 375//3174
f 1108//3175 1433//3175 713//3175
f 1752//3176 1772//3176 1758//3176
f 1795//3177 1788//3177 1772//3177
f 1422//3178 1831//3178 1830//3178
f 1831//3179 1841//3179 1830//3179
f 1841//3180 1852//3180 1830//3180
f 1852//3181 1866//3181 1865//3181
f 1905//3182 1939//3182 1945//3182
f 1945//3183 1939//3183 1958//3183
f 1958//3184 1979//3184 1987//3184
f 1959//3185 2386//3185 1979//3185
f 1765//3186 688//3186 31//3186
f 2481//3187 2494//3187 2480//3187
f 1937//3188 1808//3188 1995//3188
f 286//3189 2043//3189 1204//3189
f 2120//3190 538//3190 211//3190
f 1489//3191 2067//3191 1883//3191
f 2430//3192 2429//3192 2152//3192
f 1866//3193 1885//3193 1865//3193
f 1885//3194 1914//3194 1905//3194
f 1905//3195 1914//3195 1939//3195
f 1979//3196 1958//3196 1959//3196
f 954//3197 1677//3197 1301//3197
f 1244//3198 992//3198 1335//3198
f 1912//3199 1991//3199 1433//3199
f 117//3200 1477//3200 1414//3200
f 1814//3201 1462//3201 1788//3201
f 1795//3202 1814//3202 1788//3202
f 1814//3203 1831//3203 1462//3203
f 1842//3204 1841//3204 1831//3204
f 2058//3205 2069//3205 76//3205
f 1790//3206 1811//3206 1786//3206
f 1837//3207 1826//3207 1810//3207
f 1811//3208 1837//3208 1810//3208
f 572//3209 150//3209 975//3209
f 1131//3210 1883//3210 1863//3210
f 1131//3211 1489//3211 1883//3211
f 1759//3212 1772//3212 1753//3212
f 1852//3213 1858//3213 1866//3213
f 1939//3214 1946//3214 1959//3214
f 2055//3215 1306//3215 2045//3215
f 1153//3216 1740//3216 374//3216
f 1022//3217 1221//3217 301//3217
f 1951//3218 2007//3218 1977//3218
f 2007//3219 1991//3219 1912//3219
f 1991//3220 410//3220 1433//3220
f 1433//3221 410//3221 713//3221
f 150//3222 1221//3222 1022//3222
f 2838//3223 2820//3223 2844//3223
f 1780//3224 1772//3224 1759//3224
f 1780//3225 1795//3225 1772//3225
f 1780//3226 1814//3226 1795//3226
f 1858//3227 1852//3227 1841//3227
f 1842//3228 1858//3228 1841//3228
f 1858//3229 1872//3229 1866//3229
f 1866//3230 1872//3230 1885//3230
f 1885//3231 1872//3231 1914//3231
f 1914//3232 2303//3232 1939//3232
f 2303//3233 1946//3233 1939//3233
f 2007//3234 1951//3234 1991//3234
f 410//3235 1153//3235 713//3235
f 713//3236 1153//3236 1671//3236
f 1936//3237 1339//3237 2070//3237
f 2651//3238 2629//3238 2600//3238
f 1872//3239 1906//3239 1914//3239
f 60//3240 1874//3240 1844//3240
f 2124//3241 1732//3241 2086//3241
f 1604//3242 1797//3242 1791//3242
f 1810//3243 1802//3243 1796//3243
f 1363//3244 10//3244 476//3244
f 1363//3245 53//3245 10//3245
f 2321//3246 2313//3246 2292//3246
f 1808//3247 1293//3247 1995//3247
f 1588//3248 1619//3248 1587//3248
f 1599//3249 2070//3249 1339//3249
f 1638//3250 1318//3250 1595//3250
f 1775//3251 1766//3251 1592//3251
f 1754//3252 1759//3252 1753//3252
f 1789//3253 1780//3253 1759//3253
f 1853//3254 1842//3254 1831//3254
f 1843//3255 1853//3255 1831//3255
f 1853//3256 1858//3256 1842//3256
f 1872//3257 1882//3257 1906//3257
f 2074//3258 1931//3258 2053//3258
f 1283//3259 1762//3259 1256//3259
f 150//3260 1336//3260 1221//3260
f 1802//3261 1825//3261 1658//3261
f 1941//3262 1678//3262 1368//3262
f 1022//3263 114//3263 975//3263
f 1389//3264 1293//3264 1808//3264
f 1995//3265 1293//3265 1977//3265
f 1991//3266 1787//3266 410//3266
f 1299//3267 1489//3267 1131//3267
f 1022//3268 1114//3268 114//3268
f 1858//3269 1853//3269 1872//3269
f 1872//3270 1853//3270 1882//3270
f 1234//3271 1745//3271 1850//3271
f 555//3272 1056//3272 129//3272
f 1435//3273 1464//3273 1463//3273
f 1153//3274 410//3274 1787//3274
f 1781//3275 1759//3275 1754//3275
f 1781//3276 1789//3276 1759//3276
f 1815//3277 1814//3277 1780//3277
f 2253//3278 1873//3278 1853//3278
f 1853//3279 1873//3279 1882//3279
f 1882//3280 2285//3280 1906//3280
f 2074//3281 1729//3281 1895//3281
f 2789//3282 1562//3282 2767//3282
f 2592//3283 2605//3283 2591//3283
f 1671//3284 50//3284 713//3284
f 1941//3285 1463//3285 1130//3285
f 268//3286 440//3286 1510//3286
f 978//3287 1508//3287 1900//3287
f 2824//3288 1195//3288 1389//3288
f 1293//3289 853//3289 1977//3289
f 853//3290 1951//3290 1977//3290
f 853//3291 1787//3291 1991//3291
f 1951//3292 853//3292 1991//3292
f 220//3293 1131//3293 1077//3293
f 220//3294 1299//3294 1131//3294
f 1659//3295 1908//3295 445//3295
f 1527//3296 580//3296 2145//3296
f 2047//3297 2034//3297 2129//3297
f 2480//3298 2494//3298 2499//3298
f 1452//3299 1468//3299 1451//3299
f 2388//3300 2000//3300 2418//3300
f 94//3301 2000//3301 2024//3301
f 2024//3302 1476//3302 94//3302
f 1362//3303 2051//3303 2076//3303
f 1778//3304 1964//3304 76//3304
f 1159//3305 905//3305 1194//3305
f 1095//3306 1677//3306 954//3306
f 1389//3307 1804//3307 1293//3307
f 1388//3308 1247//3308 2134//3308
f 31//3309 753//3309 1952//3309
f 1613//3310 1774//3310 1576//3310
f 2388//3311 1980//3311 2000//3311
f 1453//3312 268//3312 1287//3312
f 1993//3313 2021//3313 2006//3313
f 1195//3314 1340//3314 1389//3314
f 1389//3315 1340//3315 1804//3315
f 1804//3316 1158//3316 1293//3316
f 1293//3317 1158//3317 853//3317
f 657//3318 2031//3318 2021//3318
f 2000//3319 2001//3319 2024//3319
f 2024//3320 2027//3320 1476//3320
f 2027//3321 12//3321 1476//3321
f 1989//3322 2005//3322 2004//3322
f 440//3323 1364//3323 1369//3323
f 403//3324 1583//3324 2425//3324
f 853//3325 1740//3325 1787//3325
f 1740//3326 1153//3326 1787//3326
f 301//3327 1807//3327 1765//3327
f 1769//3328 1793//3328 113//3328
f 1275//3329 2231//3329 1290//3329
f 10//3330 1460//3330 476//3330
f 598//3331 1114//3331 987//3331
f 479//3332 1114//3332 598//3332
f 1517//3333 1277//3333 1527//3333
f 1817//3334 1281//3334 381//3334
f 645//3335 2038//3335 1439//3335
f 2001//3336 2027//3336 2024//3336
f 308//3337 2166//3337 1476//3337
f 1639//3338 1802//3338 1658//3338
f 554//3339 1660//3339 120//3339
f 374//3340 423//3340 1690//3340
f 1160//3341 2833//3341 2819//3341
f 1697//3342 1701//3342 1847//3342
f 440//3343 1674//3343 1364//3343
f 1538//3344 37//3344 220//3344
f 1165//3345 192//3345 1460//3345
f 1211//3346 1769//3346 113//3346
f 37//3347 1538//3347 1770//3347
f 2031//3348 657//3348 969//3348
f 2127//3349 1886//3349 1820//3349
f 364//3350 646//3350 2087//3350
f 2040//3351 1965//3351 847//3351
f 1729//3352 1860//3352 1895//3352
f 2027//3353 2028//3353 12//3353
f 308//3354 1476//3354 12//3354
f 308//3355 437//3355 2166//3355
f 2167//3356 1704//3356 812//3356
f 2005//3357 2020//3357 2019//3357
f 493//3358 1804//3358 1340//3358
f 1804//3359 563//3359 1158//3359
f 853//3360 1158//3360 1740//3360
f 561//3361 1341//3361 38//3361
f 656//3362 1613//3362 195//3362
f 10//3363 1165//3363 1460//3363
f 447//3364 2061//3364 2111//3364
f 2115//3365 2056//3365 1820//3365
f 1306//3366 2068//3366 2059//3366
f 1819//3367 1815//3367 1780//3367
f 1966//3368 1992//3368 2001//3368
f 2001//3369 1992//3369 2027//3369
f 2506//3370 2520//3370 2505//3370
f 2829//3371 2611//3371 1718//3371
f 2088//3372 2055//3372 645//3372
f 555//3373 1256//3373 1304//3373
f 1158//3374 1475//3374 1740//3374
f 1770//3375 1793//3375 1769//3375
f 1807//3376 776//3376 688//3376
f 905//3377 1074//3377 1194//3377
f 1194//3378 1074//3378 386//3378
f 1074//3379 1245//3379 386//3379
f 847//3380 2111//3380 1150//3380
f 1876//3381 1854//3381 2298//3381
f 212//3382 1750//3382 2835//3382
f 2630//3383 2651//3383 2600//3383
f 1953//3384 1966//3384 2365//3384
f 2028//3385 2035//3385 12//3385
f 591//3386 12//3386 2035//3386
f 591//3387 308//3387 12//3387
f 1045//3388 437//3388 308//3388
f 1295//3389 1045//3389 308//3389
f 1045//3390 560//3390 437//3390
f 1407//3391 1302//3391 1201//3391
f 2082//3392 1242//3392 1107//3392
f 1722//3393 140//3393 1467//3393
f 2073//3394 628//3394 1850//3394
f 374//3395 1740//3395 1475//3395
f 1793//3396 1770//3396 1538//3396
f 824//3397 1711//3397 838//3397
f 1901//3398 1769//3398 1211//3398
f 322//3399 1693//3399 310//3399
f 2227//3400 1854//3400 2241//3400
f 1085//3401 628//3401 2043//3401
f 1966//3402 1981//3402 1992//3402
f 1477//3403 117//3403 560//3403
f 1257//3404 1833//3404 1154//3404
f 1895//3405 1860//3405 2054//3405
f 493//3406 1743//3406 1985//3406
f 1895//3407 2054//3407 1276//3407
f 1423//3408 563//3408 1804//3408
f 493//3409 1423//3409 1804//3409
f 1475//3410 1158//3410 563//3410
f 1997//3411 2422//3411 2011//3411
f 1901//3412 1770//3412 1769//3412
f 1799//3413 2227//3413 1806//3413
f 2831//3414 2839//3414 2823//3414
f 1967//3415 1981//3415 1966//3415
f 1981//3416 2002//3416 1992//3416
f 1992//3417 2002//3417 2027//3417
f 2027//3418 2002//3418 2028//3418
f 308//3419 591//3419 1295//3419
f 2546//3420 2545//3420 2535//3420
f 1931//3421 1272//3421 2058//3421
f 1349//3422 2079//3422 1803//3422
f 2588//3423 2552//3423 2520//3423
f 493//3424 1985//3424 1423//3424
f 38//3425 1341//3425 1774//3425
f 1356//3426 1901//3426 1870//3426
f 992//3427 1747//3427 1444//3427
f 975//3428 150//3428 1022//3428
f 1854//3429 1878//3429 1877//3429
f 1918//3430 1932//3430 1940//3430
f 1932//3431 1947//3431 1953//3431
f 1940//3432 1932//3432 1953//3432
f 1947//3433 1967//3433 1966//3433
f 1967//3434 1982//3434 1981//3434
f 1981//3435 1982//3435 2002//3435
f 2002//3436 2017//3436 2028//3436
f 2028//3437 2017//3437 2035//3437
f 1409//3438 1045//3438 1295//3438
f 809//3439 560//3439 1045//3439
f 809//3440 1477//3440 560//3440
f 2111//3441 2061//3441 1150//3441
f 1400//3442 1965//3442 2040//3442
f 2109//3443 1400//3443 2102//3443
f 2469//3444 2456//3444 2466//3444
f 578//3445 1990//3445 1985//3445
f 1990//3446 1423//3446 1985//3446
f 1423//3447 1890//3447 1475//3447
f 563//3448 1423//3448 1475//3448
f 1890//3449 1450//3449 374//3449
f 1475//3450 1890//3450 374//3450
f 2101//3451 1925//3451 1924//3451
f 25//3452 1702//3452 1683//3452
f 2135//3453 2101//3453 1924//3453
f 374//3454 1450//3454 423//3454
f 2190//3455 1782//3455 2181//3455
f 1799//3456 1834//3456 2227//3456
f 2227//3457 1834//3457 1854//3457
f 1897//3458 1909//3458 1918//3458
f 1918//3459 1909//3459 1932//3459
f 591//3460 1409//3460 1295//3460
f 809//3461 1045//3461 1409//3461
f 1986//3462 2114//3462 1970//3462
f 1683//3463 561//3463 1336//3463
f 1886//3464 1374//3464 2016//3464
f 1747//3465 1470//3465 1444//3465
f 889//3466 1499//3466 1498//3466
f 1834//3467 1855//3467 1854//3467
f 1854//3468 1855//3468 1878//3468
f 1932//3469 1933//3469 1947//3469
f 1947//3470 1960//3470 1967//3470
f 2003//3471 2018//3471 2017//3471
f 2002//3472 2003//3472 2017//3472
f 2017//3473 2037//3473 2035//3473
f 2037//3474 524//3474 2035//3474
f 524//3475 591//3475 2035//3475
f 219//3476 1755//3476 811//3476
f 1080//3477 1423//3477 1990//3477
f 1518//3478 1890//3478 1423//3478
f 25//3479 1336//3479 150//3479
f 2484//3480 2478//3480 2469//3480
f 1485//3481 1779//3481 1356//3481
f 1779//3482 1901//3482 1356//3482
f 1779//3483 511//3483 1901//3483
f 1901//3484 511//3484 1770//3484
f 656//3485 195//3485 1677//3485
f 1773//3486 2190//3486 1761//3486
f 1836//3487 1696//3487 346//3487
f 1801//3488 1799//3488 1800//3488
f 1801//3489 1834//3489 1799//3489
f 1909//3490 1933//3490 1932//3490
f 1933//3491 1960//3491 1947//3491
f 1967//3492 1960//3492 1982//3492
f 1982//3493 2003//3493 2002//3493
f 524//3475 1409//3475 591//3475
f 1414//3494 1477//3494 809//3494
f 219//3495 217//3495 1755//3495
f 682//3496 1711//3496 1755//3496
f 1220//3497 1990//3497 578//3497
f 1792//3498 1423//3498 1080//3498
f 1792//3499 1518//3499 1423//3499
f 1485//3500 1356//3500 1783//3500
f 1774//3501 1613//3501 776//3501
f 1771//3502 1422//3502 2103//3502
f 1587//3503 1773//3503 1761//3503
f 1801//3504 1800//3504 1782//3504
f 1909//3505 1926//3505 1933//3505
f 1960//3506 1988//3506 1982//3506
f 2017//3507 616//3507 2037//3507
f 2037//3508 616//3508 524//3508
f 1405//3509 1409//3509 524//3509
f 81//3510 809//3510 1409//3510
f 520//3511 1414//3511 809//3511
f 1201//3512 682//3512 1755//3512
f 1990//3513 1220//3513 1080//3513
f 1518//3514 1450//3514 1890//3514
f 1798//3515 1812//3515 1797//3515
f 1619//3516 1773//3516 1587//3516
f 1619//3517 2190//3517 1773//3517
f 1821//3518 1834//3518 1801//3518
f 1846//3519 1855//3519 1834//3519
f 1855//3520 1846//3520 1878//3520
f 1933//3521 1948//3521 1960//3521
f 1948//3522 1974//3522 1960//3522
f 1982//3523 1988//3523 2003//3523
f 2018//3524 2029//3524 2017//3524
f 2029//3525 616//3525 2017//3525
f 571//3526 1409//3526 1405//3526
f 571//3527 81//3527 1409//3527
f 81//3528 1838//3528 809//3528
f 1838//3529 520//3529 809//3529
f 765//3530 217//3530 219//3530
f 1201//3531 1755//3531 217//3531
f 1868//3532 682//3532 1201//3532
f 1334//3533 1792//3533 1080//3533
f 1791//3534 1790//3534 1775//3534
f 1779//3535 1656//3535 511//3535
f 1821//3536 1846//3536 1834//3536
f 1861//3537 1879//3537 1878//3537
f 1846//3538 1861//3538 1878//3538
f 1878//3539 1879//3539 2700//3539
f 2003//3540 2012//3540 2018//3540
f 1162//3541 573//3541 524//3541
f 573//3542 1405//3542 524//3542
f 1407//3543 1201//3543 217//3543
f 509//3544 1167//3544 1220//3544
f 658//3545 1518//3545 1792//3545
f 1459//3546 1779//3546 1485//3546
f 1779//3547 1459//3547 1656//3547
f 1107//3548 2128//3548 445//3548
f 1620//3549 1801//3549 1619//3549
f 578//3550 819//3550 1220//3550
f 1843//3551 2245//3551 2254//3551
f 1933//3552 1120//3552 1948//3552
f 1960//3553 1974//3553 1988//3553
f 616//3554 1461//3554 524//3554
f 524//3555 1461//3555 1162//3555
f 573//3556 571//3556 1405//3556
f 520//3557 1838//3557 15//3557
f 1544//3558 765//3558 219//3558
f 15//3559 1544//3559 219//3559
f 1407//3560 217//3560 765//3560
f 641//3561 682//3561 1868//3561
f 641//3562 509//3562 682//3562
f 1220//3563 1167//3563 1080//3563
f 1604//3564 1798//3564 1797//3564
f 1801//3565 1822//3565 1821//3565
f 1821//3566 1822//3566 1846//3566
f 2116//3567 1737//3567 2216//3567
f 1948//3568 1954//3568 1974//3568
f 1988//3569 2004//3569 2003//3569
f 2003//3570 2004//3570 2012//3570
f 2018//3571 2012//3571 2029//3571
f 1461//3572 616//3572 2029//3572
f 571//3573 34//3573 81//3573
f 34//3574 1838//3574 81//3574
f 1838//3575 1544//3575 15//3575
f 13//3576 1407//3576 765//3576
f 1456//3577 1839//3577 1511//3577
f 1456//3578 1511//3578 1251//3578
f 2109//3579 418//3579 140//3579
f 98//3580 1488//3580 2084//3580
f 1965//3581 2111//3581 847//3581
f 2824//3582 2822//3582 1418//3582
f 1965//3583 2041//3583 2111//3583
f 1067//3584 364//3584 2087//3584
f 2816//3585 2811//3585 2821//3585
f 2119//3586 2008//3586 1849//3586
f 1258//3587 1839//3587 1456//3587
f 2152//3588 2429//3588 1916//3588
f 2840//3589 2834//3589 2812//3589
f 1907//3590 1355//3590 1962//3590
f 2059//3591 1284//3591 2045//3591
f 1281//3592 2099//3592 381//3592
f 1085//3593 1243//3593 1234//3593
f 788//3594 1962//3594 1355//3594
f 669//3595 1920//3595 1425//3595
f 1962//3596 788//3596 381//3596
f 1471//3597 2036//3597 417//3597
f 1272//3598 1931//3598 2074//3598
f 1920//3599 1174//3599 1928//3599
f 128//3600 1283//3600 555//3600
f 1908//3601 1659//3601 1243//3601
f 2142//3602 615//3602 1762//3602
f 1170//3603 2449//3603 2432//3603
f 1174//3604 1216//3604 1928//3604
f 1304//3605 1998//3605 286//3605
f 2059//3606 2068//3606 1817//3606
f 2051//3607 1312//3607 1996//3607
f 1540//3608 2143//3608 35//3608
f 2069//3609 1895//3609 1276//3609
f 1778//3610 2069//3610 1276//3610
f 2824//3611 2842//3611 2822//3611
f 1908//3612 1243//3612 1875//3612
f 2805//3613 845//3613 2804//3613
f 2135//3614 1924//3614 1930//3614
f 645//3615 2055//3615 2085//3615
f 2089//3616 2094//3616 2114//3616
f 1219//3617 2427//3617 2426//3617
f 1903//3618 2104//3618 2063//3618
f 1374//3619 1886//3619 2127//3619
f 1896//3620 1406//3620 463//3620
f 1456//3621 1903//3621 1258//3621
f 1756//3622 1456//3622 1251//3622
f 1365//3623 1480//3623 1328//3623
f 2057//3624 507//3624 861//3624
f 1056//3625 564//3625 24//3625
f 2050//3626 2057//3626 2117//3626
f 2117//3627 2057//3627 1330//3627
f 1874//3628 507//3628 2057//3628
f 1803//3629 1219//3629 1894//3629
f 1860//3630 1875//3630 2054//3630
f 2793//3631 1294//3631 2792//3631
f 1243//3632 1748//3632 1234//3632
f 1393//3633 2093//3633 1438//3633
f 2125//3634 1511//3634 1973//3634
f 1722//3635 801//3635 2053//3635
f 2044//3636 1874//3636 2050//3636
f 1844//3637 1874//3637 2044//3637
f 2688//3638 2706//3638 2696//3638
f 1903//3639 1067//3639 2087//3639
f 1756//3640 1903//3640 1456//3640
f 2063//3641 2065//3641 2099//3641
f 2117//3642 1330//3642 2419//3642
f 2038//3643 1931//3643 1439//3643
f 1845//3644 1457//3644 1365//3644
f 1365//3645 1457//3645 1480//3645
f 1457//3646 1317//3646 1480//3646
f 1973//3647 1839//3647 1281//3647
f 1827//3648 224//3648 1668//3648
f 851//3649 1928//3649 1216//3649
f 2099//3650 2065//3650 381//3650
f 2044//3651 2050//3651 1629//3651
f 1907//3652 2042//3652 2122//3652
f 1839//3653 1973//3653 1511//3653
f 1150//3654 2061//3654 1191//3654
f 1426//3655 1196//3655 1425//3655
f 1404//3656 1075//3656 1410//3656
f 2064//3657 1191//3657 1208//3657
f 1820//3658 1936//3658 2127//3658
f 955//3659 1886//3659 2016//3659
f 1874//3660 625//3660 507//3660
f 1497//3661 1251//3661 2146//3661
f 1457//3662 2046//3662 1317//3662
f 1996//3663 1271//3663 2071//3663
f 1251//3664 2125//3664 2146//3664
f 102//3665 1840//3665 646//3665
f 102//3666 8//3666 1840//3666
f 1629//3667 1599//3667 1339//3667
f 1285//3668 2126//3668 2070//3668
f 2707//3669 2756//3669 2706//3669
f 900//3670 647//3670 1393//3670
f 2142//3671 1762//3671 1283//3671
f 2065//3672 60//3672 1844//3672
f 289//3673 35//3673 2142//3673
f 2836//3674 2833//3674 1197//3674
f 1137//3675 14//3675 102//3675
f 422//3676 1137//3676 102//3676
f 1438//3677 1652//3677 1452//3677
f 1907//3678 2065//3678 2042//3678
f 1962//3679 2065//3679 1907//3679
f 2707//3680 2706//3680 2688//3680
f 1362//3681 1361//3681 1332//3681
f 1390//3682 2072//3682 1845//3682
f 2676//3683 2663//3683 2688//3683
f 1056//3684 555//3684 1282//3684
f 2664//3685 2677//3685 2670//3685
f 2711//3686 2673//3686 2652//3686
f 674//3687 2095//3687 1446//3687
f 2095//3688 181//3688 1446//3688
f 2118//3689 1344//3689 1322//3689
f 2066//3690 1457//3690 1845//3690
f 1925//3691 1917//3691 2109//3691
f 2082//3692 1107//3692 1291//3692
f 1282//3693 555//3693 1304//3693
f 1362//3694 1332//3694 2051//3694
f 1430//3695 1429//3695 1428//3695
f 1874//3696 2057//3696 2050//3696
f 98//3697 2095//3697 674//3697
f 2095//3698 2108//3698 181//3698
f 2108//3699 221//3699 181//3699
f 1924//3700 2109//3700 67//3700
f 2064//3701 2040//3701 1191//3701
f 1264//3702 2040//3702 2064//3702
f 2104//3703 60//3703 2065//3703
f 1154//3704 1833//3704 2052//3704
f 1183//3705 714//3705 1161//3705
f 1922//3706 1973//3706 2068//3706
f 2063//3707 2099//3707 1258//3707
f 1833//3708 1875//3708 2052//3708
f 1970//3709 1208//3709 2120//3709
f 1902//3710 1996//3710 2112//3710
f 1996//3711 2071//3711 2112//3711
f 2143//3712 1964//3712 615//3712
f 1735//3713 1347//3713 1323//3713
f 98//3714 2091//3714 2095//3714
f 2091//3715 2106//3715 2095//3715
f 2106//3716 2108//3716 2095//3716
f 2594//3717 1588//3717 1565//3717
f 1191//3718 2086//3718 1402//3718
f 955//3719 2016//3719 2101//3719
f 1922//3720 2068//3720 1306//3720
f 2054//3721 1875//3721 1833//3721
f 2075//3722 2076//3722 1902//3722
f 2105//3723 1284//3723 2059//3723
f 1277//3724 2125//3724 1306//3724
f 2090//3725 1732//3725 2120//3725
f 458//3726 92//3726 235//3726
f 1844//3727 2044//3727 2042//3727
f 98//3728 2084//3728 2091//3728
f 2107//3729 2106//3729 2091//3729
f 826//3730 2107//3730 2091//3730
f 1439//3731 76//3731 1964//3731
f 1278//3732 1276//3732 1257//3732
f 1755//3733 1694//3733 811//3733
f 2114//3734 2094//3734 1208//3734
f 2083//3735 2103//3735 2049//3735
f 1344//3736 1314//3736 1322//3736
f 788//3737 1355//3737 1545//3737
f 2125//3738 1922//3738 1306//3738
f 1928//3739 1425//3739 1920//3739
f 2097//3740 2091//3740 2084//3740
f 2107//3741 2116//3741 2106//3741
f 2106//3742 2116//3742 212//3742
f 335//3743 902//3743 901//3743
f 1272//3744 1895//3744 2069//3744
f 1075//3745 861//3745 1410//3745
f 1723//3746 2084//3746 1783//3746
f 1931//3747 2058//3747 1439//3747
f 2116//3748 2123//3748 212//3748
f 2123//3749 1750//3749 212//3749
f 1778//3750 76//3750 2069//3750
f 555//3751 1283//3751 1256//3751
f 2283//3752 2333//3752 802//3752
f 2114//3753 1986//3753 2089//3753
f 1503//3754 2072//3754 1390//3754
f 1107//3755 2094//3755 2128//3755
f 1737//3756 2116//3756 2107//3756
f 1762//3757 615//3757 1278//3757
f 1422//3758 1830//3758 2049//3758
f 1256//3759 1257//3759 1154//3759
f 2055//3760 2045//3760 2085//3760
f 1970//3761 2114//3761 1208//3761
f 1402//3762 2086//3762 2090//3762
f 1963//3763 2062//3763 2038//3763
f 2452//3764 2457//3764 2466//3764
f 1860//3765 1291//3765 1875//3765
f 1107//3766 1908//3766 1291//3766
f 2094//3767 1264//3767 2064//3767
f 2051//3768 1996//3768 1902//3768
f 1471//3769 1198//3769 428//3769
f 286//3770 1998//3770 2043//3770
f 801//3771 1722//3771 1467//3771
f 1482//3772 2076//3772 2075//3772
f 2052//3773 1875//3773 1243//3773
f 1400//3774 1917//3774 1965//3774
f 1817//3775 381//3775 1337//3775
f 2066//3776 1818//3776 1457//3776
f 1818//3777 2046//3777 1457//3777
f 1438//3778 2093//3778 1652//3778
f 1056//3779 1282//3779 564//3779
f 2072//3780 1482//3780 2075//3780
f 1963//3781 2105//3781 1704//3781
f 2041//3782 1406//3782 2111//3782
f 289//3783 2142//3783 336//3783
f 1840//3784 8//3784 1203//3784
f 2156//3785 2079//3785 1349//3785
f 2106//3786 212//3786 2108//3786
f 2105//3787 1963//3787 1284//3787
f 2457//3788 2469//3788 2466//3788
f 1208//3789 2090//3789 2120//3789
f 2044//3790 1629//3790 2115//3790
f 2083//3791 2195//3791 2178//3791
f 2098//3792 1265//3792 428//3792
f 628//3793 1085//3793 1234//3793
f 2052//3794 1243//3794 1085//3794
f 351//3795 507//3795 625//3795
f 2117//3796 2419//3796 2050//3796
f 585//3797 202//3797 149//3797
f 2105//3798 1337//3798 1704//3798
f 1297//3799 2270//3799 1273//3799
f 1388//3800 2134//3800 1730//3800
f 1730//3801 2134//3801 821//3801
f 1859//3802 1265//3802 2098//3802
f 1265//3803 2039//3803 2036//3803
f 1282//3804 1304//3804 286//3804
f 425//3805 411//3805 391//3805
f 1794//3806 1462//3806 1422//3806
f 2063//3807 2104//3807 2065//3807
f 1154//3808 2052//3808 1998//3808
f 686//3809 712//3809 711//3809
f 1367//3810 1029//3810 2841//3810
f 1256//3811 1154//3811 1998//3811
f 1859//3812 2039//3812 1265//3812
f 2039//3813 1849//3813 2036//3813
f 1349//3814 1803//3814 2178//3814
f 224//3815 1827//3815 200//3815
f 2410//3816 2120//3816 1732//3816
f 128//3817 2142//3817 1283//3817
f 1321//3818 1344//3818 1333//3818
f 580//3819 1306//3819 2055//3819
f 1067//3820 1903//3820 1756//3820
f 2119//3821 1849//3821 2039//3821
f 1406//3822 1896//3822 2111//3822
f 1917//3823 2041//3823 1965//3823
f 1264//3824 1400//3824 2040//3824
f 213//3825 1067//3825 1756//3825
f 1903//3826 2063//3826 1258//3826
f 1831//3827 1422//3827 1462//3827
f 2134//3828 2147//3828 1741//3828
f 2147//3829 1859//3829 1741//3829
f 1859//3830 2098//3830 1741//3830
f 1859//3831 2081//3831 2039//3831
f 1963//3832 1704//3832 2062//3832
f 2145//3833 580//3833 2055//3833
f 2072//3834 2075//3834 1845//3834
f 1925//3835 2101//3835 1887//3835
f 2101//3836 2016//3836 1887//3836
f 2075//3837 2066//3837 1845//3837
f 1439//3838 2058//3838 76//3838
f 2137//3839 2147//3839 2134//3839
f 2081//3840 380//3840 2039//3840
f 1917//3841 1400//3841 2109//3841
f 1291//3842 1908//3842 1875//3842
f 2065//3843 1962//3843 381//3843
f 2016//3844 2080//3844 1887//3844
f 2125//3845 1973//3845 1922//3845
f 1247//3846 2131//3846 2134//3846
f 2081//3847 1859//3847 2147//3847
f 2119//3848 2039//3848 380//3848
f 1970//3849 2120//3849 211//3849
f 657//3850 1601//3850 439//3850
f 2131//3851 2137//3851 2134//3851
f 1986//3852 1970//3852 211//3852
f 1497//3853 2146//3853 1517//3853
f 1//3854 2132//3854 1225//3854
f 2147//3855 2137//3855 2081//3855
f 2110//3856 2008//3856 2119//3856
f 2087//3857 646//3857 1840//3857
f 2088//3858 1439//3858 1964//3858
f 1304//3859 1256//3859 1998//3859
f 1527//3860 1537//3860 1526//3860
f 2046//3861 2112//3861 2269//3861
f 67//3862 140//3862 1298//3862
f 1762//3863 1278//3863 1256//3863
f 2131//3864 2138//3864 2137//3864
f 2138//3865 2141//3865 2137//3865
f 2137//3866 2141//3866 2081//3866
f 2081//3867 330//3867 380//3867
f 1098//3868 2119//3868 380//3868
f 1903//3869 2087//3869 2104//3869
f 1257//3870 1276//3870 1833//3870
f 1208//3871 1402//3871 2090//3871
f 1783//3872 1356//3872 1723//3872
f 2094//3873 2064//3873 1208//3873
f 371//3874 405//3874 370//3874
f 2057//3875 861//3875 1330//3875
f 2132//3876 2131//3876 1225//3876
f 2132//3877 2138//3877 2131//3877
f 1857//3878 2119//3878 1098//3878
f 1857//3879 2110//3879 2119//3879
f 1986//3880 1709//3880 2089//3880
f 1833//3881 1276//3881 2054//3881
f 2499//3882 2494//3882 2542//3882
f 35//3883 2143//3883 615//3883
f 2094//3884 2089//3884 2128//3884
f 1793//3885 1077//3885 113//3885
f 1077//3886 1793//3886 220//3886
f 1652//3887 1863//3887 1883//3887
f 1722//3888 2053//3888 1931//3888
f 2038//3889 2062//3889 1931//3889
f 2143//3890 2148//3890 1964//3890
f 1760//3891 1411//3891 2126//3891
f 2141//3892 330//3892 2081//3892
f 330//3893 1098//3893 380//3893
f 1857//3894 2077//3894 2110//3894
f 1264//3895 2094//3895 2140//3895
f 21//3896 965//3896 1079//3896
f 491//3897 396//3897 319//3897
f 1492//3898 2072//3898 1503//3898
f 71//3899 98//3899 674//3899
f 1264//3900 2082//3900 468//3900
f 2132//3901 1//3901 2138//3901
f 1//3902 2141//3902 2138//3902
f 1784//3903 2077//3903 1857//3903
f 1208//3904 1191//3904 1402//3904
f 336//3905 2142//3905 128//3905
f 1278//3906 615//3906 1778//3906
f 2102//3907 1264//3907 429//3907
f 1258//3908 2099//3908 1839//3908
f 60//3909 1203//3909 1874//3909
f 1511//3910 2125//3910 1251//3910
f 2141//3911 689//3911 330//3911
f 2683//3912 767//3912 1373//3912
f 1256//3913 1278//3913 1257//3913
f 2148//3914 2088//3914 1964//3914
f 1365//3915 1378//3915 1845//3915
f 74//3916 147//3916 124//3916
f 2144//3917 2088//3917 2148//3917
f 2146//3918 2125//3918 1277//3918
f 2104//3919 1840//3919 60//3919
f 2141//3920 1//3920 394//3920
f 2108//3921 1305//3921 221//3921
f 1784//3922 1857//3922 1098//3922
f 1891//3923 2110//3923 2077//3923
f 354//3924 786//3924 944//3924
f 2058//3925 1272//3925 2069//3925
f 1536//3926 1537//3926 2144//3926
f 1839//3927 2099//3927 1281//3927
f 1517//3928 2146//3928 1277//3928
f 1800//3929 1806//3929 1782//3929
f 645//3930 1439//3930 2088//3930
f 2115//3931 1820//3931 955//3931
f 1840//3932 1203//3932 60//3932
f 1536//3933 2144//3933 2148//3933
f 1278//3934 1778//3934 1276//3934
f 689//3935 1372//3935 330//3935
f 330//3936 1372//3936 1098//3936
f 1999//3937 1784//3937 1098//3937
f 2053//3938 801//3938 2074//3938
f 2113//3939 2181//3939 1806//3939
f 461//3940 1068//3940 1531//3940
f 1545//3941 1355//3941 1930//3941
f 1540//3942 1536//3942 2143//3942
f 2075//3943 1902//3943 1818//3943
f 1468//3944 1452//3944 2067//3944
f 1372//3945 1999//3945 1098//3945
f 1999//3946 1891//3946 1784//3946
f 1891//3947 2077//3947 1784//3947
f 2074//3948 1895//3948 1272//3948
f 1537//3949 2145//3949 2144//3949
f 1817//3950 2105//3950 2059//3950
f 2209//3951 1230//3951 1200//3951
f 1756//3952 1484//3952 213//3952
f 2105//3953 1817//3953 1337//3953
f 2629//3954 2651//3954 2645//3954
f 1896//3955 447//3955 2111//3955
f 1425//3956 1196//3956 669//3956
f 1902//3957 2112//3957 1818//3957
f 1282//3958 1346//3958 564//3958
f 2087//3959 1840//3959 2104//3959
f 2835//3960 2838//3960 2844//3960
f 394//3961 564//3961 2141//3961
f 2141//3962 564//3962 689//3962
f 2238//3963 1891//3963 1999//3963
f 1545//3964 1930//3964 1924//3964
f 2600//3965 2629//3965 2599//3965
f 2043//3966 628//3966 2073//3966
f 1756//3967 1251//3967 1497//3967
f 2043//3968 2073//3968 1204//3968
f 1800//3969 1799//3969 1806//3969
f 2060//3970 2096//3970 2113//3970
f 2061//3971 2086//3971 1191//3971
f 309//3972 1540//3972 35//3972
f 1629//3973 1339//3973 2056//3973
f 2052//3974 1085//3974 2043//3974
f 1346//3975 1372//3975 689//3975
f 1204//3976 1999//3976 1372//3976
f 1204//3977 1286//3977 1999//3977
f 1286//3978 2238//3978 1999//3978
f 2811//3979 2366//3979 1742//3979
f 2066//3980 2075//3980 1818//3980
f 2016//3981 1374//3981 2080//3981
f 1686//3982 1374//3982 2127//3982
f 2034//3983 2060//3983 2129//3983
f 2034//3984 2130//3984 2060//3984
f 564//3985 1346//3985 689//3985
f 2409//3986 2124//3986 2100//3986
f 2045//3987 1284//3987 2085//3987
f 2112//3988 2046//3988 1818//3988
f 2129//3989 2060//3989 2113//3989
f 1489//3990 1499//3990 2067//3990
f 1452//3991 1652//3991 1883//3991
f 1973//3992 1817//3992 2068//3992
f 1820//3993 1339//3993 1936//3993
f 1282//3994 1392//3994 1346//3994
f 1392//3995 1372//3995 1346//3995
f 1372//3996 1392//3996 1204//3996
f 1850//3997 2238//3997 1286//3997
f 2073//3998 1850//3998 1286//3998
f 2076//3999 2051//3999 1902//3999
f 2086//4000 2061//4000 2100//4000
f 2085//4001 1284//4001 1963//4001
f 2115//4002 1629//4002 2056//4002
f 2067//4003 1452//4003 1883//4003
f 801//4004 1729//4004 2074//4004
f 1281//4005 1817//4005 1973//4005
f 2056//4006 1339//4006 1820//4006
f 1204//4007 2073//4007 1286//4007
f 1536//4008 2148//4008 2143//4008
f 2224//4009 1184//4009 446//4009
f 2430//4010 2438//4010 2437//4010
f 1889//4011 815//4011 2139//4011
f 1738//4012 560//4012 400//4012
f 2645//4013 2651//4013 2676//4013
f 867//4014 2228//4014 1141//4014
f 1649//4015 94//4015 93//4015
f 2423//4016 1667//4016 2416//4016
f 400//4017 446//4017 803//4017
f 2416//4018 1667//4018 2415//4018
f 1803//4019 2427//4019 1219//4019
f 1471//4020 400//4020 803//4020
f 824//4021 2165//4021 2224//4021
f 446//4022 840//4022 803//4022
f 1262//4023 2262//4023 2071//4023
f 2262//4024 2112//4024 2071//4024
f 2306//4025 2298//4025 1888//4025
f 2676//4026 2688//4026 2687//4026
f 463//4027 2080//4027 1686//4027
f 333//4028 1152//4028 462//4028
f 1734//4029 800//4029 1184//4029
f 1262//4030 1239//4030 2262//4030
f 2262//4031 2269//4031 2112//4031
f 2109//4032 140//4032 67//4032
f 1927//4033 819//4033 1935//4033
f 1077//4034 1131//4034 1863//4034
f 1667//4035 416//4035 841//4035
f 1239//4036 2229//4036 2262//4036
f 2229//4037 2269//4037 2262//4037
f 2811//4038 1742//4038 787//4038
f 1937//4039 1352//4039 1173//4039
f 1207//4040 1233//4040 1241//4040
f 1230//4041 2229//4041 1239//4041
f 403//4042 810//4042 1583//4042
f 894//4043 417//4043 1849//4043
f 1750//4044 1730//4044 2179//4044
f 2418//4045 94//4045 1649//4045
f 2256//4046 2269//4046 2229//4046
f 1394//4047 1417//4047 522//4047
f 465//4048 1927//4048 2287//4048
f 2237//4049 465//4049 2287//4049
f 1980//4050 2388//4050 2365//4050
f 866//4051 2164//4051 416//4051
f 2164//4052 2158//4052 416//4052
f 1953//4053 2365//4053 1940//4053
f 2165//4054 465//4054 1734//4054
f 2396//4055 2395//4055 2380//4055
f 1720//4056 1551//4056 787//4056
f 2298//4057 2331//4057 2321//4057
f 1736//4058 2307//4058 2184//4058
f 2079//4059 2429//4059 2428//4059
f 817//4060 841//4060 2158//4060
f 2209//4061 2210//4061 1230//4061
f 1230//4062 2210//4062 2229//4062
f 2270//4063 2133//4063 2256//4063
f 2256//4064 2133//4064 1317//4064
f 2427//4065 2079//4065 2428//4065
f 2083//4066 2049//4066 2215//4066
f 1916//4067 2429//4067 2079//4067
f 2287//4068 1927//4068 331//4068
f 1186//4069 1187//4069 2209//4069
f 2210//4070 2247//4070 2229//4070
f 2247//4071 2256//4071 2229//4071
f 2256//4072 2247//4072 2270//4072
f 2469//4073 2478//4073 2456//4073
f 811//4074 15//4074 219//4074
f 1918//4075 2314//4075 1897//4075
f 824//4076 2224//4076 1712//4076
f 2209//4077 2191//4077 2210//4077
f 1918//4078 2364//4078 2351//4078
f 800//4079 2282//4079 821//4079
f 1553//4080 800//4080 821//4080
f 1471//4081 803//4081 1198//4081
f 2439//4082 2445//4082 2438//4082
f 840//4083 1184//4083 1198//4083
f 2486//4084 2554//4084 2485//4084
f 2169//4085 1761//4085 2181//4085
f 2181//4086 1761//4086 2190//4086
f 2164//4087 2217//4087 2158//4087
f 1184//4088 840//4088 446//4088
f 1187//4089 2191//4089 2209//4089
f 2191//4090 2197//4090 2210//4090
f 1349//4091 2178//4091 2173//4091
f 838//4092 465//4092 2165//4092
f 811//4093 1694//4093 824//4093
f 2184//4094 894//4094 1849//4094
f 428//4095 1553//4095 2098//4095
f 866//4096 416//4096 2423//4096
f 2388//4097 2381//4097 2356//4097
f 838//4098 2183//4098 1927//4098
f 465//4099 838//4099 1927//4099
f 2494//4100 2543//4100 2542//4100
f 2340//4101 2305//4101 2313//4101
f 2178//4102 1803//4102 2103//4102
f 1927//4103 2183//4103 819//4103
f 2197//4104 2230//4104 2210//4104
f 2210//4105 2230//4105 2247//4105
f 1808//4106 1809//4106 1389//4106
f 2247//4107 1273//4107 2270//4107
f 2196//4108 1738//4108 400//4108
f 2248//4109 1322//4109 1314//4109
f 549//4110 811//4110 824//4110
f 865//4111 810//4111 820//4111
f 2155//4112 2158//4112 1736//4112
f 817//4113 2158//4113 2155//4113
f 93//4114 867//4114 868//4114
f 1649//4115 93//4115 868//4115
f 2230//4116 1273//4116 2247//4116
f 2417//4117 1649//4117 868//4117
f 1730//4118 1750//4118 2123//4118
f 1667//4119 841//4119 402//4119
f 2387//4120 2395//4120 2394//4120
f 2756//4121 2804//4121 2766//4121
f 1877//4122 2298//4122 1854//4122
f 2168//4123 2181//4123 2113//4123
f 2298//4124 2321//4124 1876//4124
f 2354//4125 2379//4125 2387//4125
f 819//4126 578//4126 1935//4126
f 2197//4127 2192//4127 2230//4127
f 1299//4128 178//4128 304//4128
f 1667//4129 402//4129 2415//4129
f 2506//4130 2478//4130 2484//4130
f 597//4131 851//4131 778//4131
f 402//4132 817//4132 719//4132
f 817//4133 816//4133 719//4133
f 482//4134 2414//4134 2402//4134
f 1187//4135 2174//4135 2191//4135
f 2191//4136 2192//4136 2197//4136
f 1925//4137 2109//4137 1924//4137
f 2379//4138 2395//4138 2387//4138
f 2214//4139 1851//4139 1864//4139
f 178//4140 197//4140 304//4140
f 2174//4141 1187//4141 2502//4141
f 2230//4142 1253//4142 1273//4142
f 1141//4143 2228//4143 2196//4143
f 2349//4144 2379//4144 2354//4144
f 2116//4145 2216//4145 2123//4145
f 671//4146 1296//4146 2008//4146
f 93//4147 2166//4147 2228//4147
f 2174//4148 2192//4148 2191//4148
f 2192//4149 1253//4149 2230//4149
f 2364//4150 2356//4150 2351//4150
f 2363//4151 2380//4151 2379//4151
f 2767//4152 1562//4152 2756//4152
f 444//4153 415//4153 2238//4153
f 1760//4154 1075//4154 1411//4154
f 1075//4155 1760//4155 1330//4155
f 2672//4156 2697//4156 2678//4156
f 2418//4157 1649//4157 2417//4157
f 2174//4158 2182//4158 2192//4158
f 117//4159 1712//4159 446//4159
f 400//4160 117//4160 446//4160
f 2688//4161 2696//4161 2687//4161
f 1760//4162 2419//4162 1330//4162
f 1743//4163 493//4163 1340//4163
f 2394//4164 2414//4164 2413//4164
f 2401//4165 2394//4165 2413//4165
f 2305//4166 2320//4166 2291//4166
f 597//4167 1546//4167 1426//4167
f 2196//4168 400//4168 1471//4168
f 2240//4169 2255//4169 2246//4169
f 2413//4170 2425//4170 2400//4170
f 1391//4171 1411//4171 1384//4171
f 2226//4172 2240//4172 1819//4172
f 2260//4173 2268//4173 2240//4173
f 2226//4174 2260//4174 2240//4174
f 2305//4175 2291//4175 2286//4175
f 2418//4176 2417//4176 2381//4176
f 2388//4177 2418//4177 2381//4177
f 1240//4178 1253//4178 2192//4178
f 2182//4179 1240//4179 2192//4179
f 80//4180 120//4180 1716//4180
f 2396//4181 2416//4181 2402//4181
f 1388//4182 2123//4182 2216//4182
f 418//4183 1467//4183 140//4183
f 1760//4184 1285//4184 2419//4184
f 1789//4185 2208//4185 1819//4185
f 2342//4186 2363//4186 2341//4186
f 816//4187 817//4187 2155//4187
f 2113//4188 2096//4188 2032//4188
f 2231//4189 2248//4189 1314//4189
f 2209//4190 1200//4190 1186//4190
f 1198//4191 1184//4191 800//4191
f 2364//4192 2388//4192 2356//4192
f 2351//4193 2356//4193 2342//4193
f 690//4194 719//4194 816//4194
f 1300//4195 2242//4195 475//4195
f 1285//4196 1599//4196 2419//4196
f 1599//4197 1629//4197 2419//4197
f 2394//4198 2401//4198 2371//4198
f 2354//4199 2394//4199 2371//4199
f 2260//4200 2286//4200 2268//4200
f 2092//4201 1720//4201 464//4201
f 2394//4202 2402//4202 2414//4202
f 2182//4203 2175//4203 1240//4203
f 1255//4204 1206//4204 1232//4204
f 2175//4205 1178//4205 1179//4205
f 1727//4206 404//4206 486//4206
f 1751//4207 1757//4207 2433//4207
f 468//4208 2082//4208 1291//4208
f 1354//4209 1345//4209 1391//4209
f 2374//4210 2126//4210 1391//4210
f 2285//4211 1915//4211 1906//4211
f 2240//4212 2268//4212 2255//4212
f 159//4213 285//4213 2033//4213
f 2354//4214 2371//4214 2319//4214
f 2790//4215 2806//4215 2781//4215
f 1725//4216 719//4216 690//4216
f 1345//4217 2316//4217 1391//4217
f 2335//4218 2374//4218 1391//4218
f 2506//4219 2505//4219 2478//4219
f 94//4220 2166//4220 93//4220
f 2170//4221 1178//4221 2175//4221
f 140//4222 1722//4222 1298//4222
f 2489//4223 2474//4223 2467//4223
f 2118//4224 2316//4224 1345//4224
f 2316//4225 2335//4225 1391//4225
f 2070//4226 2126//4226 2374//4226
f 1819//4227 2239//4227 1815//4227
f 464//4228 1720//4228 787//4228
f 2354//4229 2319//4229 2320//4229
f 1394//4230 1324//4230 1911//4230
f 2365//4231 2364//4231 1940//4231
f 1888//4232 2298//4232 1877//4232
f 1232//4233 1241//4233 1255//4233
f 1255//4234 1241//4234 2231//4234
f 2367//4235 2374//4235 2335//4235
f 2268//4236 2291//4236 2290//4236
f 2370//4237 2371//4237 2369//4237
f 2320//4238 2290//4238 2291//4238
f 2255//4239 2268//4239 2290//4239
f 826//4240 2091//4240 2097//4240
f 2751//4241 2796//4241 2764//4241
f 2231//4242 2232//4242 2248//4242
f 2278//4243 2118//4243 1322//4243
f 2316//4244 2301//4244 2335//4244
f 2389//4245 2374//4245 2367//4245
f 2374//4246 1936//4246 2070//4246
f 2139//4247 2153//4247 415//4247
f 2000//4248 94//4248 2418//4248
f 482//4249 1969//4249 2414//4249
f 2314//4250 2298//4250 2306//4250
f 467//4251 2357//4251 483//4251
f 2397//4252 2424//4252 2396//4252
f 1780//4253 1789//4253 1819//4253
f 1241//4254 2232//4254 2231//4254
f 2248//4255 2249//4255 1322//4255
f 2118//4256 2278//4256 2316//4256
f 2317//4257 2335//4257 2301//4257
f 810//4258 403//4258 2425//4258
f 2092//4259 1870//4259 1211//4259
f 2208//4260 1806//4260 2227//4260
f 2314//4261 2322//4261 2298//4261
f 800//4262 2237//4262 2287//4262
f 2417//4263 2372//4263 2381//4263
f 1241//4264 2211//4264 2232//4264
f 2232//4265 2249//4265 2248//4265
f 2279//4266 2278//4266 1322//4266
f 2263//4267 2279//4267 1322//4267
f 2278//4268 2301//4268 2316//4268
f 2317//4269 2358//4269 2335//4269
f 2358//4270 2367//4270 2335//4270
f 2367//4271 2358//4271 2389//4271
f 2389//4272 1936//4272 2374//4272
f 658//4273 1450//4273 1518//4273
f 1969//4274 810//4274 2425//4274
f 2153//4275 671//4275 415//4275
f 2189//4276 1806//4276 2208//4276
f 1735//4277 2830//4277 2829//4277
f 2249//4278 2263//4278 1322//4278
f 2279//4279 2301//4279 2278//4279
f 1552//4280 2122//4280 2115//4280
f 2322//4281 2342//4281 2331//4281
f 2246//4282 2255//4282 2277//4282
f 1233//4283 2211//4283 1241//4283
f 2211//4284 2233//4284 2232//4284
f 2232//4285 2233//4285 2249//4285
f 1969//4286 2425//4286 2413//4286
f 357//4287 322//4287 370//4287
f 1412//4288 597//4288 778//4288
f 2395//4289 2402//4289 2394//4289
f 2158//4290 2307//4290 1736//4290
f 1181//4291 2185//4291 1233//4291
f 1233//4292 2204//4292 2211//4292
f 2279//4293 2293//4293 2301//4293
f 2301//4294 2308//4294 2317//4294
f 2358//4295 2382//4295 2389//4295
f 2371//4296 2370//4296 2319//4296
f 2126//4297 1285//4297 1760//4297
f 2319//4298 2370//4298 2330//4298
f 1781//4299 2189//4299 1789//4299
f 2129//4300 1806//4300 2189//4300
f 1737//4301 2299//4301 2332//4301
f 2204//4302 2218//4302 2211//4302
f 2211//4303 2218//4303 2233//4303
f 2293//4304 2308//4304 2301//4304
f 2308//4305 2336//4305 2317//4305
f 2403//4306 1936//4306 2389//4306
f 2382//4307 2403//4307 2389//4307
f 2403//4308 2127//4308 1936//4308
f 2401//4309 2413//4309 2371//4309
f 1552//4310 955//4310 2101//4310
f 1734//4311 465//4311 2237//4311
f 415//4312 1891//4312 2238//4312
f 2355//4313 2363//4313 2342//4313
f 1181//4314 2171//4314 2185//4314
f 1233//4315 2185//4315 2204//4315
f 2233//4316 2250//4316 2249//4316
f 2249//4317 2250//4317 2263//4317
f 2250//4318 2279//4318 2263//4318
f 2336//4319 2359//4319 2317//4319
f 2359//4320 2358//4320 2317//4320
f 2358//4321 2359//4321 2382//4321
f 1265//4322 2036//4322 1471//4322
f 1545//4323 1337//4323 788//4323
f 1789//4324 2189//4324 2208//4324
f 597//4325 1928//4325 851//4325
f 2355//4326 2372//4326 2363//4326
f 1414//4327 1712//4327 117//4327
f 2121//4328 2171//4328 1181//4328
f 2293//4329 2309//4329 2308//4329
f 2359//4330 2383//4330 2382//4330
f 2775//4331 2765//4331 835//4331
f 820//4332 815//4332 1889//4332
f 2402//4333 2415//4333 482//4333
f 549//4334 824//4334 1712//4334
f 2185//4335 2198//4335 2204//4335
f 2382//4336 2404//4336 2403//4336
f 2404//4337 1686//4337 2127//4337
f 2403//4338 2404//4338 2127//4338
f 1720//4339 2092//4339 118//4339
f 2092//4340 1211//4340 118//4340
f 415//4341 671//4341 1891//4341
f 2837//4342 1417//4342 1899//4342
f 1704//4343 1337//4343 1545//4343
f 2000//4344 1980//4344 2001//4344
f 1976//4345 1984//4345 1325//4345
f 2198//4346 2212//4346 2204//4346
f 2204//4347 2212//4347 2218//4347
f 2218//4348 2212//4348 2233//4348
f 2233//4349 2212//4349 2250//4349
f 2250//4350 2271//4350 2279//4350
f 2279//4351 2271//4351 2293//4351
f 2293//4352 2294//4352 2309//4352
f 2309//4353 2324//4353 2308//4353
f 2308//4354 2324//4354 2336//4354
f 2343//4355 2359//4355 2336//4355
f 2212//4356 2234//4356 2250//4356
f 2234//4357 2271//4357 2250//4357
f 2271//4358 2294//4358 2293//4358
f 2294//4359 2295//4359 2309//4359
f 2324//4360 2343//4360 2336//4360
f 2343//4361 2383//4361 2359//4361
f 2383//4362 2404//4362 2382//4362
f 2320//4363 2319//4363 2290//4363
f 812//4364 1704//4364 1545//4364
f 1356//4365 2092//4365 1723//4365
f 2369//4366 2371//4366 2400//4366
f 2172//4367 2185//4367 2171//4367
f 2198//4368 2213//4368 2212//4368
f 2343//4369 2360//4369 2383//4369
f 2383//4370 2405//4370 2404//4370
f 2405//4371 1686//4371 2404//4371
f 690//4372 815//4372 820//4372
f 810//4373 690//4373 820//4373
f 469//4374 1733//4374 448//4374
f 1757//4375 1771//4375 1894//4375
f 824//4376 838//4376 2165//4376
f 2161//4377 2172//4377 2171//4377
f 2121//4378 2161//4378 2171//4378
f 2198//4379 2193//4379 2213//4379
f 2213//4380 2234//4380 2212//4380
f 2271//4381 2272//4381 2294//4381
f 2360//4382 2390//4382 2383//4382
f 2390//4383 2405//4383 2383//4383
f 2405//4384 463//4384 1686//4384
f 2756//4385 2766//4385 2741//4385
f 67//4386 1545//4386 1924//4386
f 67//4387 812//4387 1545//4387
f 418//4388 2102//4388 429//4388
f 1164//4389 1223//4389 1387//4389
f 2193//4390 2185//4390 2172//4390
f 2193//4391 2198//4391 2185//4391
f 2213//4392 2219//4392 2234//4392
f 2272//4393 2271//4393 2234//4393
f 2295//4394 2325//4394 2324//4394
f 2309//4395 2295//4395 2324//4395
f 2324//4396 2325//4396 2343//4396
f 2343//4397 2337//4397 2360//4397
f 1722//4398 1931//4398 2062//4398
f 2224//4399 1734//4399 1184//4399
f 894//4400 2196//4400 417//4400
f 2123//4401 1388//4401 1730//4401
f 1741//4402 2098//4402 1553//4402
f 2396//4403 2423//4403 2416//4403
f 2272//4404 2295//4404 2294//4404
f 2384//4405 2390//4405 2360//4405
f 2157//4406 1222//4406 1387//4406
f 2268//4407 2286//4407 2291//4407
f 2060//4408 2511//4408 2096//4408
f 2097//4409 464//4409 1742//4409
f 2097//4410 1723//4410 464//4410
f 2121//4411 2154//4411 2161//4411
f 2177//4412 2172//4412 2161//4412
f 2172//4413 2177//4413 2193//4413
f 2193//4414 2205//4414 2213//4414
f 2219//4415 2257//4415 2234//4415
f 2257//4416 2272//4416 2234//4416
f 2295//4417 2318//4417 2325//4417
f 2318//4418 2337//4418 2325//4418
f 2325//4419 2337//4419 2343//4419
f 2208//4420 2226//4420 1819//4420
f 2166//4421 1738//4421 2228//4421
f 2292//4422 2305//4422 2286//4422
f 2299//4423 1742//4423 2366//4423
f 2424//4424 2423//4424 2396//4424
f 2213//4425 2205//4425 2219//4425
f 2420//4426 2405//4426 2390//4426
f 2420//4427 463//4427 2405//4427
f 1298//4428 812//4428 67//4428
f 812//4429 1298//4429 2167//4429
f 2270//4430 1297//4430 1313//4430
f 2282//4431 1730//4431 821//4431
f 2205//4432 2220//4432 2219//4432
f 2257//4433 2258//4433 2272//4433
f 2337//4434 2318//4434 2344//4434
f 2344//4435 2361//4435 2360//4435
f 2337//4436 2344//4436 2360//4436
f 2384//4437 2406//4437 2390//4437
f 2406//4438 2420//4438 2390//4438
f 2420//4439 1896//4439 463//4439
f 816//4440 2153//4440 815//4440
f 690//4441 816//4441 815//4441
f 1781//4442 1754//4442 2047//4442
f 2167//4443 2062//4443 1704//4443
f 2241//4444 2260//4444 2226//4444
f 2300//4445 2155//4445 1296//4445
f 2219//4446 2243//4446 2257//4446
f 2243//4447 2258//4447 2257//4447
f 2272//4448 2258//4448 2295//4448
f 2296//4449 2318//4449 2295//4449
f 2385//4450 2384//4450 2360//4450
f 447//4451 1896//4451 2420//4451
f 1742//4452 464//4452 787//4452
f 1107//4453 445//4453 1908//4453
f 2256//4454 2046//4454 2269//4454
f 2292//4455 2286//4455 2260//4455
f 15//4456 811//4456 549//4456
f 2155//4457 1736//4457 1296//4457
f 2177//4458 2194//4458 2193//4458
f 2194//4459 2199//4459 2205//4459
f 2193//4460 2194//4460 2205//4460
f 2243//4461 2219//4461 2220//4461
f 2258//4462 2296//4462 2295//4462
f 2384//4463 2385//4463 2406//4463
f 2421//4464 2420//4464 2406//4464
f 2354//4465 2387//4465 2394//4465
f 1377//4466 212//4466 2835//4466
f 2126//4467 1411//4467 1391//4467
f 1722//4468 2167//4468 1298//4468
f 509//4469 1220//4469 682//4469
f 2208//4470 2241//4470 2226//4470
f 2107//4471 826//4471 2299//4471
f 2154//4472 2162//4472 2161//4472
f 2162//4473 2177//4473 2161//4473
f 2205//4474 2199//4474 2220//4474
f 2273//4475 2296//4475 2258//4475
f 2361//4476 2385//4476 2360//4476
f 2385//4477 2398//4477 2406//4477
f 2398//4478 2421//4478 2406//4478
f 447//4479 2420//4479 2421//4479
f 867//4480 1141//4480 2164//4480
f 2167//4481 1722//4481 2062//4481
f 2396//4482 2402//4482 2395//4482
f 331//4483 1935//4483 1743//4483
f 2150//4484 2151//4484 2154//4484
f 2154//4485 2151//4485 2162//4485
f 2220//4486 2235//4486 2243//4486
f 2243//4487 2251//4487 2258//4487
f 2251//4488 2273//4488 2258//4488
f 2273//4489 2310//4489 2296//4489
f 2310//4490 2318//4490 2296//4490
f 2318//4491 2310//4491 2344//4491
f 1599//4492 1285//4492 2070//4492
f 1876//4493 2260//4493 2241//4493
f 2542//4494 2543//4494 2576//4494
f 1876//4495 2292//4495 2260//4495
f 2162//4496 2186//4496 2177//4496
f 2177//4497 2186//4497 2194//4497
f 2310//4498 2345//4498 2344//4498
f 2344//4499 2345//4499 2361//4499
f 2361//4500 2345//4500 2385//4500
f 2356//4501 2355//4501 2342//4501
f 2351//4502 2342//4502 2322//4502
f 2381//4503 2372//4503 2355//4503
f 2356//4504 2381//4504 2355//4504
f 2107//4505 2299//4505 1737//4505
f 2194//4506 2186//4506 2199//4506
f 2235//4507 2251//4507 2243//4507
f 2251//4508 2259//4508 2273//4508
f 2280//4509 2311//4509 2273//4509
f 2273//4510 2311//4510 2310//4510
f 2345//4511 2368//4511 2385//4511
f 2385//4512 2391//4512 2398//4512
f 2391//4513 2407//4513 2398//4513
f 2407//4514 2421//4514 2398//4514
f 826//4515 2097//4515 2299//4515
f 1694//4516 1755//4516 1711//4516
f 311//4517 370//4517 322//4517
f 2287//4518 331//4518 2282//4518
f 841//4519 416//4519 2158//4519
f 2186//4520 2200//4520 2199//4520
f 2235//4521 2220//4521 2199//4521
f 2259//4522 2280//4522 2273//4522
f 2311//4523 2326//4523 2310//4523
f 2310//4524 2326//4524 2345//4524
f 2368//4525 2391//4525 2385//4525
f 2061//4526 447//4526 2421//4526
f 1553//4527 821//4527 1741//4527
f 821//4528 2134//4528 1741//4528
f 2304//4529 2319//4529 2330//4529
f 2600//4530 2585//4530 2586//4530
f 418//4531 429//4531 1467//4531
f 2413//4532 2414//4532 1969//4532
f 2259//4533 2274//4533 2280//4533
f 2327//4534 2368//4534 2345//4534
f 1169//4535 2449//4535 1180//4535
f 2349//4536 2320//4536 2305//4536
f 2340//4537 2349//4537 2305//4537
f 2199//4538 2221//4538 2235//4538
f 2235//4539 2236//4539 2251//4539
f 2251//4540 2236//4540 2259//4540
f 2326//4541 2327//4541 2345//4541
f 2368//4542 2362//4542 2391//4542
f 2409//4543 2100//4543 2407//4543
f 2100//4544 2421//4544 2407//4544
f 2313//4545 2305//4545 2292//4545
f 429//4546 801//4546 1467//4546
f 1725//4547 810//4547 1969//4547
f 2349//4548 2354//4548 2320//4548
f 2200//4549 2201//4549 2199//4549
f 2199//4550 2201//4550 2221//4550
f 2221//4551 2236//4551 2235//4551
f 2327//4552 2362//4552 2368//4552
f 2391//4553 2409//4553 2407//4553
f 2061//4554 2421//4554 2100//4554
f 1712//4555 2224//4555 446//4555
f 2521//4556 2520//4556 2506//4556
f 1916//4557 2079//4557 2156//4557
f 2162//4558 2187//4558 2186//4558
f 2186//4559 2201//4559 2200//4559
f 2236//4560 2244//4560 2259//4560
f 2264//4561 2274//4561 2259//4561
f 2288//4562 2311//4562 2280//4562
f 2311//4563 2312//4563 2326//4563
f 1725//4564 690//4564 810//4564
f 1761//4565 2169//4565 1261//4565
f 2163//4566 2187//4566 2162//4566
f 2187//4567 2201//4567 2186//4567
f 2244//4568 2264//4568 2259//4568
f 2288//4569 2280//4569 2274//4569
f 2264//4570 2288//4570 2274//4570
f 2312//4571 2311//4571 2288//4571
f 2312//4572 2327//4572 2326//4572
f 2327//4573 2346//4573 2362//4573
f 2346//4574 2375//4574 2362//4574
f 2362//4575 2375//4575 2391//4575
f 2391//4576 2375//4576 2409//4576
f 429//4577 468//4577 801//4577
f 468//4578 1729//4578 801//4578
f 2036//4579 1849//4579 417//4579
f 788//4580 1337//4580 381//4580
f 2569//4581 2616//4581 2588//4581
f 2217//4582 2307//4582 2158//4582
f 2184//4583 2307//4583 894//4583
f 2221//4584 2244//4584 2236//4584
f 2327//4585 2312//4585 2346//4585
f 2080//4586 1374//4586 1686//4586
f 2503//4587 2060//4587 2130//4587
f 1259//4588 2163//4588 2162//4588
f 2244//4589 2252//4589 2264//4589
f 2346//4590 2347//4590 2375//4590
f 800//4591 1553//4591 428//4591
f 1488//4592 1485//4592 2084//4592
f 2034//4593 2497//4593 2130//4593
f 1754//4594 1753//4594 2482//4594
f 1888//4595 1878//4595 2700//4595
f 2663//4596 2707//4596 2688//4596
f 1549//4597 2779//4597 1550//4597
f 1930//4598 1355//4598 2122//4598
f 2252//4599 2281//4599 2288//4599
f 2264//4600 2252//4600 2288//4600
f 2281//4601 2297//4601 2288//4601
f 2288//4602 2297//4602 2312//4602
f 2312//4603 2328//4603 2346//4603
f 2328//4604 2347//4604 2346//4604
f 2347//4605 2376//4605 2375//4605
f 2375//4606 2392//4606 2409//4606
f 2409//4607 2392//4607 2124//4607
f 810//4608 865//4608 1583//4608
f 2228//4609 1738//4609 2196//4609
f 2103//4610 1894//4610 1771//4610
f 1667//4611 2423//4611 416//4611
f 2342//4612 2341//4612 2331//4612
f 475//4613 2242//4613 975//4613
f 2283//4614 2078//4614 2333//4614
f 2202//4615 2201//4615 2187//4615
f 2202//4616 2206//4616 2201//4616
f 2201//4617 2206//4617 2221//4617
f 2221//4618 2252//4618 2244//4618
f 2297//4619 2328//4619 2312//4619
f 2376//4620 2392//4620 2375//4620
f 1736//4621 2184//4621 1296//4621
f 2444//4622 2445//4622 2452//4622
f 147//4623 165//4623 124//4623
f 815//4624 2153//4624 2139//4624
f 2313//4625 2350//4625 2340//4625
f 2350//4626 2349//4626 2340//4626
f 2181//4627 1782//4627 1806//4627
f 93//4628 2228//4628 867//4628
f 1720//4629 118//4629 1551//4629
f 1659//4630 1192//4630 1243//4630
f 2664//4631 2708//4631 2677//4631
f 1028//4632 1155//4632 492//4632
f 1243//4633 1192//4633 1748//4633
f 2206//4634 2222//4634 2221//4634
f 2297//4635 2347//4635 2328//4635
f 2392//4636 1732//4636 2124//4636
f 1813//4637 522//4637 1347//4637
f 1296//4638 2184//4638 1849//4638
f 1819//4639 2240//4639 2246//4639
f 1815//4640 2239//4640 1832//4640
f 2159//4641 2160//4641 2168//4641
f 825//4642 1161//4642 714//4642
f 2284//4643 1652//4643 1161//4643
f 2163//4644 2188//4644 2187//4644
f 2187//4645 2188//4645 2202//4645
f 2221//4646 2222//4646 2252//4646
f 2252//4647 2265//4647 2281//4647
f 2302//4648 2329//4648 2297//4648
f 2297//4649 2329//4649 2347//4649
f 94//4650 1476//4650 2166//4650
f 2397//4651 2396//4651 2380//4651
f 1296//4652 1849//4652 2008//4652
f 463//4653 1406//4653 2080//4653
f 2372//4654 2397//4654 2380//4654
f 2562//4655 1565//4655 1761//4655
f 2708//4656 2743//4656 2677//4656
f 825//4657 714//4657 2157//4657
f 825//4658 2284//4658 1161//4658
f 2252//4659 2222//4659 2265//4659
f 2302//4660 2297//4660 2281//4660
f 2329//4661 2376//4661 2347//4661
f 549//4662 1712//4662 1414//4662
f 2507//4663 2500//4663 2495//4663
f 1746//4664 2284//4664 825//4664
f 2152//4665 1916//4665 2156//4665
f 2202//4666 2222//4666 2206//4666
f 2289//4667 2281//4667 2265//4667
f 2302//4668 2338//4668 2329//4668
f 2338//4669 2348//4669 2329//4669
f 2393//4670 2392//4670 2376//4670
f 2025//4671 2026//4671 401//4671
f 1499//4672 1468//4672 2067//4672
f 1587//4673 1761//4673 1565//4673
f 1930//4674 2101//4674 2135//4674
f 2156//4675 2173//4675 2163//4675
f 2163//4676 2173//4676 2188//4676
f 2207//4677 2222//4677 2202//4677
f 2223//4678 2265//4678 2222//4678
f 2289//4679 2302//4679 2281//4679
f 1313//4680 2133//4680 2270//4680
f 2133//4681 1480//4681 1317//4681
f 2372//4682 2417//4682 2397//4682
f 2139//4683 415//4683 444//4683
f 560//4684 117//4684 400//4684
f 2417//4685 2424//4685 2397//4685
f 2684//4686 2702//4686 1570//4686
f 1570//4687 1558//4687 2684//4687
f 1746//4688 1863//4688 2284//4688
f 2284//4689 1863//4689 1652//4689
f 838//4690 1711//4690 2183//4690
f 2275//4691 2265//4691 2223//4691
f 2275//4692 2289//4692 2265//4692
f 2392//4693 2393//4693 1732//4693
f 1732//4694 2090//4694 2086//4694
f 1355//4695 1907//4695 2122//4695
f 2153//4696 2155//4696 2300//4696
f 1766//4697 1775//4697 1591//4697
f 2438//4698 2444//4698 2437//4698
f 2430//4699 2437//4699 2429//4699
f 1940//4700 2364//4700 1918//4700
f 2207//4701 2202//4701 2188//4701
f 2223//4702 2222//4702 2207//4702
f 2329//4703 2348//4703 2376//4703
f 2348//4704 2393//4704 2376//4704
f 2097//4705 1742//4705 2299//4705
f 1259//4706 2162//4706 2151//4706
f 816//4707 2155//4707 2153//4707
f 2282//4708 2179//4708 1730//4708
f 2470//4709 2469//4709 2457//4709
f 1619//4710 1801//4710 2190//4710
f 2180//4711 825//4711 2176//4711
f 2180//4712 1746//4712 825//4712
f 2289//4713 2338//4713 2302//4713
f 2393//4714 2348//4714 2399//4714
f 2399//4715 2410//4715 2393//4715
f 2393//4716 2410//4716 1732//4716
f 2165//4717 1734//4717 2224//4717
f 2001//4718 1980//4718 1966//4718
f 866//4719 867//4719 2164//4719
f 2300//4720 1296//4720 2153//4720
f 2153//4721 1296//4721 671//4721
f 1394//4722 1911//4722 1899//4722
f 1694//4723 1711//4723 824//4723
f 1175//4724 2180//4724 2176//4724
f 2433//4725 1757//4725 1894//4725
f 2217//4726 1141//4726 894//4726
f 2173//4727 2207//4727 2188//4727
f 2338//4728 2353//4728 2348//4728
f 1659//4729 445//4729 2128//4729
f 1141//4730 2217//4730 2164//4730
f 2702//4731 1571//4731 1766//4731
f 2640//4732 2665//4732 2652//4732
f 2180//4733 2203//4733 1746//4733
f 1766//4734 1570//4734 2702//4734
f 894//4735 1141//4735 2196//4735
f 2214//4736 2223//4736 2207//4736
f 1864//4737 2275//4737 2223//4737
f 2275//4738 1923//4738 2289//4738
f 1987//4739 1997//4739 2011//4739
f 2365//4740 2388//4740 2364//4740
f 402//4741 841//4741 817//4741
f 2315//4742 1175//4742 2828//4742
f 732//4743 2180//4743 1175//4743
f 2203//4744 1863//4744 1746//4744
f 1884//4745 2275//4745 1864//4745
f 1884//4746 1923//4746 2275//4746
f 1923//4747 1943//4747 2289//4747
f 1943//4748 2338//4748 2289//4748
f 418//4749 2109//4749 2102//4749
f 2032//4750 2168//4750 2113//4750
f 714//4751 1183//4751 1212//4751
f 128//4752 555//4752 129//4752
f 2417//4753 868//4753 2424//4753
f 1591//4754 1570//4754 1766//4754
f 2447//4755 2460//4755 2459//4755
f 732//4756 2203//4756 2180//4756
f 2173//4757 2195//4757 2207//4757
f 2195//4758 2215//4758 2214//4758
f 2207//4759 2195//4759 2214//4759
f 2214//4760 1864//4760 2223//4760
f 1943//4761 2353//4761 2338//4761
f 2377//4762 2348//4762 2353//4762
f 2377//4763 2378//4763 2348//4763
f 2378//4764 2399//4764 2348//4764
f 2399//4765 2411//4765 2410//4765
f 868//4766 867//4766 866//4766
f 2547//4767 1176//4767 1199//4767
f 2128//4768 1192//4768 1659//4768
f 2819//4769 2826//4769 1172//4769
f 482//4770 402//4770 1725//4770
f 1783//4771 2084//4771 1485//4771
f 2156//4772 1349//4772 2173//4772
f 2178//4773 2195//4773 2173//4773
f 2411//4774 538//4774 2410//4774
f 2410//4775 538//4775 2120//4775
f 1709//4776 1192//4776 2128//4776
f 1347//4777 522//4777 1323//4777
f 1161//4778 1652//4778 2093//4778
f 2203//4779 1721//4779 1863//4779
f 1863//4780 1721//4780 1077//4780
f 2215//4781 1851//4781 2214//4781
f 1971//4782 2353//4782 1943//4782
f 2378//4783 2411//4783 2399//4783
f 865//4784 820//4784 1889//4784
f 713//4785 50//4785 1648//4785
f 1265//4786 1471//4786 428//4786
f 2726//4787 2716//4787 2680//4787
f 2578//4788 2620//4788 2609//4788
f 2559//4789 2578//4789 2577//4789
f 2734//4790 2764//4790 2750//4790
f 2666//4791 2653//4791 2632//4791
f 2445//4792 2453//4792 2452//4792
f 2769//4793 2780//4793 2768//4793
f 2502//4794 2501//4794 2170//4794
f 2174//4795 2502//4795 2170//4795
f 2691//4796 2806//4796 1351//4796
f 831//4797 2807//4797 2808//4797
f 2637//4798 2636//4798 2569//4798
f 2602//4799 2553//4799 2554//4799
f 2747//4800 2731//4800 2697//4800
f 2534//4801 2560//4801 2559//4801
f 1567//4802 1554//4802 1555//4802
f 2560//4803 2578//4803 2559//4803
f 2667//4804 2654//4804 2690//4804
f 77//4805 857//4805 78//4805
f 1744//4806 1347//4806 1735//4806
f 2642//4807 2654//4807 2667//4807
f 2609//4808 2642//4808 2619//4808
f 2620//4809 2668//4809 2654//4809
f 2717//4810 2726//4810 2680//4810
f 2525//4811 2533//4811 2532//4811
f 2509//4812 2510//4812 2525//4812
f 2507//4813 2522//4813 2500//4813
f 2510//4814 2509//4814 2496//4814
f 1735//4815 2829//4815 1718//4815
f 2752//4816 2765//4816 2726//4816
f 1199//4817 2580//4817 2547//4817
f 2501//4818 2496//4818 2170//4818
f 2501//4819 2510//4819 2496//4819
f 2577//4820 2578//4820 2609//4820
f 2534//4821 2559//4821 2558//4821
f 2665//4822 2640//4822 2631//4822
f 2526//4823 2534//4823 2510//4823
f 2611//4824 1173//4824 1622//4824
f 2646//4825 2664//4825 2670//4825
f 2449//4826 2448//4826 2432//4826
f 2689//4827 2713//4827 2665//4827
f 2753//4828 2611//4828 2826//4828
f 2753//4829 1173//4829 2611//4829
f 2459//4830 2460//4830 2472//4830
f 1772//4831 1752//4831 1753//4831
f 2534//4832 2526//4832 2560//4832
f 2656//4833 1173//4833 2753//4833
f 2333//4834 2827//4834 802//4834
f 1173//4835 2656//4835 1937//4835
f 2484//4836 2521//4836 2506//4836
f 2668//4837 2680//4837 2654//4837
f 2717//4838 2752//4838 2726//4838
f 2752//4839 827//4839 2765//4839
f 2716//4840 2738//4840 2737//4840
f 2170//4841 2496//4841 1178//4841
f 2523//4842 2522//4842 2507//4842
f 2795//4843 2784//4843 2771//4843
f 2653//4844 2631//4844 2632//4844
f 2738//4845 2751//4845 2737//4845
f 2832//4846 2817//4846 2833//4846
f 2526//4847 2510//4847 2501//4847
f 2557//4848 2570//4848 2556//4848
f 2556//4849 2604//4849 2590//4849
f 2738//4850 2775//4850 2751//4850
f 2807//4851 1350//4851 1294//4851
f 2667//4852 2690//4852 2679//4852
f 2711//4853 2710//4853 2673//4853
f 2711//4854 2722//4854 2710//4854
f 2749//4855 2764//4855 2763//4855
f 2452//4856 2453//4856 2457//4856
f 905//4857 192//4857 1300//4857
f 53//4858 521//4858 1320//4858
f 2774//4859 2773//4859 2761//4859
f 2544//4860 2557//4860 2556//4860
f 2589//4861 2632//4861 2631//4861
f 2487//4862 2471//4862 2472//4862
f 2756//4863 2741//4863 2706//4863
f 2796//4864 2809//4864 2774//4864
f 2502//4865 2526//4865 2501//4865
f 2610//4866 2578//4866 2560//4866
f 2610//4867 2620//4867 2578//4867
f 2648//4868 2675//4868 175//4868
f 879//4869 946//4869 925//4869
f 2748//4870 2747//4870 2672//4870
f 1363//4871 1608//4871 1719//4871
f 2738//4872 2765//4872 2775//4872
f 2726//4873 2765//4873 2738//4873
f 1937//4874 2656//4874 1808//4874
f 2745//4875 2770//4875 2744//4875
f 2809//4876 2808//4876 2774//4876
f 2772//4877 2795//4877 2771//4877
f 2590//4878 2555//4878 2556//4878
f 2690//4879 2716//4879 2715//4879
f 2745//4880 2744//4880 2709//4880
f 2805//4881 1562//4881 1577//4881
f 192//4882 1165//4882 1300//4882
f 2462//4883 2461//4883 2448//4883
f 1300//4884 1165//4884 2242//4884
f 572//4885 975//4885 2242//4885
f 22//4886 23//4886 173//4886
f 2516//4887 2545//4887 2526//4887
f 2561//4888 2560//4888 2526//4888
f 2545//4889 2561//4889 2526//4889
f 2642//4890 2667//4890 2647//4890
f 2716//4891 2737//4891 2715//4891
f 2561//4892 2610//4892 2560//4892
f 2547//4893 2546//4893 1176//4893
f 2576//4894 2589//4894 2603//4894
f 2781//4895 2806//4895 2789//4895
f 2531//4896 2639//4896 2602//4896
f 2709//4897 2744//4897 2730//4897
f 2717//4898 2680//4898 2668//4898
f 2496//4899 2509//4899 2489//4899
f 2727//4900 2752//4900 2717//4900
f 2652//4901 2732//4901 2711//4901
f 1869//4902 2611//4902 1622//4902
f 351//4903 625//4903 350//4903
f 2242//4904 1320//4904 572//4904
f 2543//4905 2589//4905 2576//4905
f 1350//4906 1898//4906 1564//4906
f 2762//4907 2774//4907 2761//4907
f 2488//4908 2507//4908 2495//4908
f 1320//4909 2681//4909 572//4909
f 572//4910 2681//4910 150//4910
f 1714//4911 366//4911 2701//4911
f 2691//4912 1578//4912 1562//4912
f 2516//4913 2526//4913 2502//4913
f 2629//4914 2645//4914 2650//4914
f 2242//4915 1165//4915 1320//4915
f 2807//4916 1294//4916 2793//4916
f 2674//4917 2679//4917 2699//4917
f 2647//4918 2667//4918 2674//4918
f 2768//4919 2789//4919 2767//4919
f 2514//4920 2523//4920 2507//4920
f 2460//4921 2461//4921 2481//4921
f 2499//4922 2493//4922 2487//4922
f 2499//4923 2531//4923 2493//4923
f 2488//4924 2495//4924 2462//4924
f 2604//4925 2556//4925 2570//4925
f 2712//4926 2733//4926 2723//4926
f 2332//4927 2366//4927 2816//4927
f 2261//4928 1292//4928 25//4928
f 1292//4929 1702//4929 25//4929
f 2665//4930 2712//4930 2652//4930
f 2509//4931 2525//4931 2515//4931
f 2667//4932 2679//4932 2674//4932
f 2487//4933 2480//4933 2499//4933
f 2751//4934 2775//4934 2785//4934
f 2796//4935 2800//4935 2809//4935
f 2489//4936 2509//4936 2515//4936
f 872//4937 976//4937 911//4937
f 1320//4938 521//4938 2681//4938
f 2681//4939 2225//4939 2261//4939
f 353//4940 1714//4940 2701//4940
f 2712//4941 2723//4941 2652//4941
f 2496//4942 2489//4942 1168//4942
f 2546//4943 2535//4943 1176//4943
f 2530//4944 2554//4944 2486//4944
f 2576//4945 2639//4945 2531//4945
f 2525//4946 2524//4946 2515//4946
f 521//4947 2225//4947 2681//4947
f 2622//4948 2593//4948 2580//4948
f 2603//4949 2631//4949 2640//4949
f 2593//4950 2648//4950 2621//4950
f 2547//4951 2580//4951 2546//4951
f 2471//4952 2486//4952 2479//4952
f 2593//4953 2621//4953 2579//4953
f 2580//4954 2593//4954 2546//4954
f 2225//4955 1292//4955 2261//4955
f 2459//4956 2472//4956 2458//4956
f 2796//4957 2774//4957 2764//4957
f 2673//4958 2672//4958 2639//4958
f 2471//4959 2479//4959 2470//4959
f 2782//4960 2747//4960 2748//4960
f 2225//4961 1235//4961 1292//4961
f 232//4962 998//4962 1702//4962
f 2736//4963 2764//4963 2735//4963
f 2808//4964 2807//4964 2795//4964
f 2488//4965 2508//4965 2514//4965
f 2510//4966 2534//4966 2533//4966
f 2461//4967 2462//4967 2473//4967
f 2495//4968 2500//4968 2473//4968
f 2546//4969 2579//4969 2545//4969
f 1299//4970 304//4970 1498//4970
f 2554//4971 2553//4971 2492//4971
f 2735//4972 2764//4972 2734//4972
f 521//4973 2339//4973 2225//4973
f 1292//4974 232//4974 1702//4974
f 998//4975 1654//4975 1702//4975
f 2806//4976 2691//4976 2789//4976
f 2639//4977 2638//4977 2602//4977
f 1120//4978 1933//4978 1934//4978
f 1177//4979 2502//4979 1187//4979
f 1898//4980 831//4980 830//4980
f 2606//4981 2605//4981 2592//4981
f 2794//4982 2807//4982 2793//4982
f 53//4983 1363//4983 521//4983
f 1235//4984 232//4984 1292//4984
f 1491//4985 288//4985 1507//4985
f 1177//4986 2516//4986 2502//4986
f 831//4987 1898//4987 2807//4987
f 1559//4988 1548//4988 1549//4988
f 1294//4989 2806//4989 2790//4989
f 2553//4990 2637//4990 2569//4990
f 2431//4991 2438//4991 2430//4991
f 1898//4992 830//4992 1564//4992
f 2655//4993 214//4993 864//4993
f 498//4994 483//4994 512//4994
f 1919//4995 2810//4995 1934//4995
f 1319//4996 1325//4996 895//4996
f 2553//4997 2521//4997 2492//4997
f 947//4998 521//4998 1363//4998
f 521//4999 947//4999 2339//4999
f 2339//5000 2624//5000 2225//5000
f 2225//5001 2624//5001 1235//5001
f 998//5002 2571//5002 1618//5002
f 2492//5003 2484//5003 2479//5003
f 2636//5004 2664//5004 2616//5004
f 2781//5005 2789//5005 2780//5005
f 1910//5006 466//5006 1319//5006
f 1572//5007 1550//5007 1561//5007
f 2261//5008 150//5008 2681//5008
f 554//5009 1368//5009 1816//5009
f 2339//5010 947//5010 2624//5010
f 232//5011 2571//5011 998//5011
f 167//5012 126//5012 184//5012
f 2636//5013 2709//5013 2664//5013
f 2709//5014 2708//5014 2664//5014
f 2522//5015 2544//5015 2500//5015
f 2752//5016 836//5016 827//5016
f 1934//5017 2810//5017 1120//5017
f 1120//5018 2810//5018 497//5018
f 2637//5019 2709//5019 2636//5019
f 1268//5020 1976//5020 1325//5020
f 1976//5021 1268//5021 1086//5021
f 2808//5022 2809//5022 831//5022
f 1235//5023 2334//5023 232//5023
f 2334//5024 2571//5024 232//5024
f 2671//5025 2709//5025 2637//5025
f 2445//5026 2454//5026 2453//5026
f 2633//5027 2610//5027 2561//5027
f 2633//5028 2620//5028 2610//5028
f 2768//5029 2767//5029 2742//5029
f 2650//5030 2645//5030 2662//5030
f 1975//5031 1961//5031 895//5031
f 1120//5032 497//5032 1949//5032
f 1319//5033 466//5033 1325//5033
f 2672//5034 2747//5034 2697//5034
f 1719//5035 947//5035 1363//5035
f 839//5036 1235//5036 2624//5036
f 839//5037 2334//5037 1235//5037
f 2334//5038 1126//5038 2571//5038
f 2493//5039 2531//5039 2486//5039
f 2531//5040 2602//5040 2530//5040
f 2633//5041 2668//5041 2620//5041
f 2633//5042 1171//5042 2668//5042
f 1171//5043 2717//5043 2668//5043
f 1567//5044 1555//5044 1556//5044
f 2810//5045 988//5045 497//5045
f 2639//5046 2672//5046 2638//5046
f 2231//5047 1275//5047 1255//5047
f 2492//5048 2521//5048 2484//5048
f 2648//5049 2655//5049 2621//5049
f 1719//5050 2683//5050 947//5050
f 2683//5051 1373//5051 947//5051
f 839//5052 2624//5052 947//5052
f 1373//5053 839//5053 947//5053
f 23//5054 22//5054 172//5054
f 1171//5055 2727//5055 2717//5055
f 2739//5056 1926//5056 1909//5056
f 2457//5057 2471//5057 2470//5057
f 497//5058 988//5058 1910//5058
f 1268//5059 1661//5059 1086//5059
f 2486//5060 2531//5060 2530//5060
f 2697//5061 2731//5061 2709//5061
f 2652//5062 2639//5062 2576//5062
f 2640//5063 2652//5063 2576//5063
f 2603//5064 2640//5064 2576//5064
f 562//5065 1126//5065 2334//5065
f 2689//5066 2665//5066 2666//5066
f 2774//5067 2795//5067 2773//5067
f 2555//5068 2590//5068 2589//5068
f 2589//5069 2590//5069 2632//5069
f 2727//5070 1171//5070 849//5070
f 1926//5071 2739//5071 1919//5071
f 2797//5072 988//5072 2810//5072
f 988//5073 1140//5073 1910//5073
f 1910//5074 1140//5074 466//5074
f 466//5075 1279//5075 1325//5075
f 1279//5076 1268//5076 1325//5076
f 87//5077 1126//5077 562//5077
f 1910//5078 1950//5078 497//5078
f 2493//5079 2486//5079 2471//5079
f 1579//5080 1351//5080 1580//5080
f 1782//5081 2190//5081 1801//5081
f 2739//5082 2797//5082 1919//5082
f 2797//5083 2801//5083 988//5083
f 2455//5084 2448//5084 2449//5084
f 1375//5085 839//5085 1373//5085
f 2352//5086 2334//5086 839//5086
f 2334//5087 2352//5087 562//5087
f 2715//5088 2737//5088 2714//5088
f 2494//5089 2500//5089 2543//5089
f 2553//5090 2569//5090 2521//5090
f 1919//5091 2797//5091 2810//5091
f 2739//5092 2776//5092 2797//5092
f 988//5093 1308//5093 1140//5093
f 1140//5094 1710//5094 466//5094
f 1318//5095 1268//5095 1279//5095
f 1638//5096 1661//5096 1268//5096
f 1169//5097 2455//5097 2449//5097
f 2726//5098 2738//5098 2716//5098
f 2642//5099 2647//5099 2605//5099
f 593//5100 87//5100 92//5100
f 1375//5101 2352//5101 839//5101
f 2352//5102 2373//5102 562//5102
f 562//5103 2373//5103 87//5103
f 2764//5104 2774//5104 2762//5104
f 2619//5105 2605//5105 2618//5105
f 2763//5106 2764//5106 2762//5106
f 1897//5107 2718//5107 1909//5107
f 1909//5108 2718//5108 2739//5108
f 2776//5109 2801//5109 2797//5109
f 2801//5110 1308//5110 988//5110
f 1140//5111 2658//5111 1710//5111
f 466//5112 1710//5112 1279//5112
f 2672//5113 2678//5113 2638//5113
f 1373//5114 768//5114 804//5114
f 2844//5115 1096//5115 1377//5115
f 1569//5116 1568//5116 1556//5116
f 2455//5117 2488//5117 2462//5117
f 2619//5118 2642//5118 2605//5118
f 2623//5119 2622//5119 2580//5119
f 2809//5120 2800//5120 832//5120
f 2306//5121 2718//5121 1897//5121
f 1547//5122 1557//5122 2649//5122
f 2658//5123 1140//5123 1308//5123
f 1710//5124 1318//5124 1279//5124
f 1318//5125 1638//5125 1268//5125
f 1375//5126 2373//5126 2352//5126
f 2562//5127 2594//5127 1565//5127
f 1682//5128 1837//5128 1668//5128
f 2718//5129 2719//5129 2739//5129
f 2719//5130 2728//5130 2739//5130
f 2739//5131 2728//5131 2776//5131
f 409//5132 2658//5132 1308//5132
f 2658//5133 1359//5133 1710//5133
f 1294//5134 104//5134 2806//5134
f 2488//5135 2514//5135 2507//5135
f 2591//5136 2604//5136 2570//5136
f 1138//5137 1373//5137 804//5137
f 1138//5138 1375//5138 1373//5138
f 2657//5139 2373//5139 1375//5139
f 2373//5140 2657//5140 87//5140
f 1261//5141 2160//5141 2562//5141
f 2562//5142 2581//5142 2594//5142
f 2581//5143 1554//5143 2594//5143
f 833//5144 2800//5144 2785//5144
f 1837//5145 1682//5145 1862//5145
f 2306//5146 2719//5146 2718//5146
f 2776//5147 2777//5147 2801//5147
f 2777//5148 409//5148 1308//5148
f 2801//5149 2777//5149 1308//5149
f 2791//5150 1294//5150 2790//5150
f 2149//5151 2439//5151 2431//5151
f 2666//5152 2665//5152 2653//5152
f 2657//5153 235//5153 87//5153
f 2563//5154 2562//5154 2160//5154
f 2563//5155 2581//5155 2562//5155
f 1579//5156 1578//5156 2691//5156
f 1359//5157 1728//5157 1710//5157
f 1710//5158 1728//5158 1318//5158
f 2638//5159 2637//5159 2553//5159
f 1182//5160 1171//5160 2633//5160
f 925//5161 1375//5161 1138//5161
f 925//5162 2657//5162 1375//5162
f 925//5163 951//5163 2657//5163
f 2460//5164 2481//5164 2480//5164
f 2641//5165 2632//5165 2590//5165
f 2824//5166 1809//5166 2842//5166
f 2306//5167 2700//5167 2719//5167
f 2777//5168 1084//5168 409//5168
f 2266//5169 1318//5169 1728//5169
f 2266//5170 1595//5170 1318//5170
f 2447//5171 2446//5171 2439//5171
f 2440//5172 2439//5172 2149//5172
f 1566//5173 1554//5173 1567//5173
f 879//5174 925//5174 1138//5174
f 2657//5175 951//5175 235//5175
f 1351//5176 104//5176 1580//5176
f 2604//5177 2641//5177 2590//5177
f 2563//5178 2595//5178 2581//5178
f 2595//5179 1555//5179 2581//5179
f 1323//5180 522//5180 1417//5180
f 2727//5181 65//5181 2752//5181
f 2306//5182 1888//5182 2700//5182
f 2700//5183 2728//5183 2719//5183
f 2728//5184 2754//5184 2776//5184
f 2754//5185 2777//5185 2776//5185
f 2777//5186 2798//5186 1084//5186
f 409//5187 1359//5187 2658//5187
f 2485//5188 2554//5188 2492//5188
f 2447//5189 2459//5189 2446//5189
f 2440//5190 2447//5190 2439//5190
f 2521//5191 2569//5191 2520//5191
f 755//5192 785//5192 808//5192
f 2713//5193 2712//5193 2665//5193
f 2490//5194 2497//5194 2034//5194
f 2047//5195 2490//5195 2034//5195
f 2563//5196 2160//5196 2159//5196
f 1555//5197 2595//5197 1556//5197
f 2700//5198 2729//5198 2728//5198
f 2729//5199 2754//5199 2728//5199
f 1084//5200 1359//5200 409//5200
f 2461//5201 2460//5201 2447//5201
f 910//5202 2648//5202 2622//5202
f 2709//5203 2730//5203 2708//5203
f 2511//5204 2159//5204 2096//5204
f 2511//5205 2563//5205 2159//5205
f 1084//5206 1069//5206 1359//5206
f 2266//5207 1731//5207 1595//5207
f 2826//5208 2611//5208 2829//5208
f 1579//5209 2691//5209 1351//5209
f 2750//5210 2764//5210 2749//5210
f 2678//5211 2671//5211 2637//5211
f 1546//5212 2136//5212 1426//5212
f 2605//5213 2641//5213 2604//5213
f 2621//5214 2633//5214 2561//5214
f 1860//5215 1729//5215 1291//5215
f 2789//5216 2691//5216 1562//5216
f 2432//5217 2440//5217 2149//5217
f 2751//5218 2764//5218 2736//5218
f 2737//5219 2751//5219 2736//5219
f 2714//5220 2737//5220 2725//5220
f 2060//5221 2503//5221 2511//5221
f 2511//5222 2536//5222 2563//5222
f 1879//5223 1880//5223 2729//5223
f 2700//5224 1879//5224 2729//5224
f 2798//5225 1586//5225 1084//5225
f 1084//5226 1586//5226 1069//5226
f 1728//5227 1395//5227 2266//5227
f 1395//5228 1731//5228 2266//5228
f 1731//5229 550//5229 1595//5229
f 2723//5230 2732//5230 2652//5230
f 2525//5231 2510//5231 2533//5231
f 2582//5232 2595//5232 2563//5232
f 2649//5233 1556//5233 2595//5233
f 2680//5234 2716//5234 2654//5234
f 1069//5235 1156//5235 1359//5235
f 1359//5236 1156//5236 1728//5236
f 2618//5237 2605//5237 2617//5237
f 2674//5238 2699//5238 2698//5238
f 2508//5239 2489//5239 2515//5239
f 2536//5240 2511//5240 2503//5240
f 2536//5241 2582//5241 2563//5241
f 2582//5242 2649//5242 2595//5242
f 1217//5243 2623//5243 2580//5243
f 2754//5244 2778//5244 2777//5244
f 2777//5245 2778//5245 2798//5245
f 1156//5246 1395//5246 1728//5246
f 1556//5247 1557//5247 1569//5247
f 2480//5248 2487//5248 2472//5248
f 2169//5249 2160//5249 1261//5249
f 2497//5250 2498//5250 2130//5250
f 2498//5251 2503//5251 2130//5251
f 910//5252 2675//5252 2648//5252
f 2602//5253 2638//5253 2553//5253
f 1880//5254 1749//5254 2754//5254
f 2729//5255 1880//5255 2754//5255
f 1749//5256 2778//5256 2754//5256
f 2778//5257 2799//5257 2798//5257
f 2799//5258 1586//5258 2798//5258
f 2498//5259 2536//5259 2503//5259
f 2596//5260 2582//5260 2536//5260
f 2169//5261 2168//5261 2160//5261
f 1706//5262 1586//5262 2799//5262
f 352//5263 353//5263 1586//5263
f 353//5264 1069//5264 1586//5264
f 1731//5265 498//5265 550//5265
f 2780//5266 2789//5266 2768//5266
f 2593//5267 2579//5267 2546//5267
f 2579//5268 2561//5268 2545//5268
f 2490//5269 2498//5269 2497//5269
f 2537//5270 2536//5270 2498//5270
f 1547//5271 2649//5271 2582//5271
f 1655//5272 2571//5272 1126//5272
f 303//5273 52//5273 359//5273
f 1706//5274 352//5274 1586//5274
f 2701//5275 1069//5275 353//5275
f 2701//5276 1156//5276 1069//5276
f 2621//5277 2655//5277 2633//5277
f 1429//5278 1426//5278 2136//5278
f 2701//5279 718//5279 1156//5279
f 718//5280 1395//5280 1156//5280
f 1395//5281 2682//5281 1731//5281
f 2682//5282 498//5282 1731//5282
f 2489//5283 2488//5283 2474//5283
f 2472//5284 2471//5284 2458//5284
f 2152//5285 1259//5285 2430//5285
f 1320//5286 1165//5286 10//5286
f 2482//5287 2498//5287 2490//5287
f 2537//5288 2583//5288 2536//5288
f 2583//5289 2596//5289 2536//5289
f 2596//5290 1547//5290 2582//5290
f 2596//5291 2659//5291 1547//5291
f 1547//5292 2684//5292 1558//5292
f 2684//5293 1548//5293 2702//5293
f 1559//5294 2702//5294 1548//5294
f 2653//5295 2665//5295 2631//5295
f 1074//5296 905//5296 1300//5296
f 718//5297 2682//5297 1395//5297
f 2314//5298 2306//5298 1897//5298
f 2433//5299 2442//5299 1751//5299
f 1751//5300 2442//5300 1752//5300
f 1752//5301 2442//5301 1753//5301
f 1753//5302 2442//5302 2482//5302
f 2659//5303 2684//5303 1547//5303
f 962//5304 2841//5304 1029//5304
f 2755//5305 2779//5305 1549//5305
f 1548//5306 2755//5306 1549//5306
f 2620//5307 2654//5307 2642//5307
f 2678//5308 2697//5308 2671//5308
f 2499//5309 2542//5309 2531//5309
f 2543//5310 2555//5310 2589//5310
f 2483//5311 2482//5311 2442//5311
f 2483//5312 2498//5312 2482//5312
f 2703//5313 1548//5313 2684//5313
f 2659//5314 2703//5314 2684//5314
f 2703//5315 2755//5315 1548//5315
f 2500//5316 2555//5316 2543//5316
f 2446//5317 2445//5317 2439//5317
f 2638//5318 2678//5318 2637//5318
f 2544//5319 2556//5319 2500//5319
f 2434//5320 2433//5320 1252//5320
f 2434//5321 2442//5321 2433//5321
f 2498//5322 2527//5322 2537//5322
f 2612//5323 2596//5323 2583//5323
f 2685//5324 2703//5324 2659//5324
f 804//5325 789//5325 1138//5325
f 2447//5326 2448//5326 2461//5326
f 1557//5327 1547//5327 1558//5327
f 1955//5328 498//5328 2682//5328
f 2542//5329 2576//5329 2531//5329
f 2443//5330 2442//5330 2434//5330
f 2475//5331 2483//5331 2442//5331
f 2483//5332 2527//5332 2498//5332
f 2572//5333 2583//5333 2537//5333
f 2612//5334 2659//5334 2596//5334
f 2786//5335 2779//5335 2755//5335
f 2779//5336 2786//5336 2802//5336
f 2806//5337 104//5337 1351//5337
f 2577//5338 2609//5338 2608//5338
f 366//5339 718//5339 2701//5339
f 718//5340 1955//5340 2682//5340
f 498//5341 467//5341 483//5341
f 2454//5342 2446//5342 2458//5342
f 2654//5343 2716//5343 2690//5343
f 2426//5344 2434//5344 1252//5344
f 2527//5345 2572//5345 2537//5345
f 2583//5346 2634//5346 2612//5346
f 2703//5347 2786//5347 2755//5347
f 1955//5348 467//5348 498//5348
f 1396//5349 1358//5349 508//5349
f 2445//5350 2446//5350 2454//5350
f 2475//5351 2442//5351 2443//5351
f 2475//5352 2527//5352 2483//5352
f 2625//5353 2634//5353 2583//5353
f 2660//5354 2659//5354 2612//5354
f 2787//5355 2786//5355 2703//5355
f 2802//5356 2786//5356 1358//5356
f 389//5357 718//5357 366//5357
f 2752//5358 65//5358 836//5358
f 1683//5359 1702//5359 1654//5359
f 2446//5360 2459//5360 2458//5360
f 2620//5361 2642//5361 2609//5361
f 2468//5362 2475//5362 2443//5362
f 2527//5363 2564//5363 2572//5363
f 2572//5364 2625//5364 2583//5364
f 2661//5365 2660//5365 2612//5365
f 2685//5366 2659//5366 2660//5366
f 2569//5367 2636//5367 2616//5367
f 718//5368 389//5368 1955//5368
f 2757//5369 2768//5369 2742//5369
f 1177//5370 1176//5370 2516//5370
f 2435//5371 2434//5371 2426//5371
f 2427//5372 2435//5372 2426//5372
f 2626//5373 2625//5373 2572//5373
f 508//5374 1358//5374 2786//5374
f 389//5375 119//5375 1955//5375
f 2669//5376 2648//5376 175//5376
f 2774//5377 2808//5377 2795//5377
f 2435//5378 2443//5378 2434//5378
f 2463//5379 2468//5379 2443//5379
f 2468//5380 2504//5380 2475//5380
f 2597//5381 2572//5381 2564//5381
f 2597//5382 2626//5382 2572//5382
f 2661//5383 2686//5383 2685//5383
f 2660//5384 2661//5384 2685//5384
f 2786//5385 2787//5385 508//5385
f 2579//5386 2621//5386 2561//5386
f 1561//5387 1358//5387 1396//5387
f 119//5388 1424//5388 467//5388
f 1955//5389 119//5389 467//5389
f 467//5390 1424//5390 2357//5390
f 1173//5391 1352//5391 1622//5391
f 2796//5392 2785//5392 2800//5392
f 864//5393 2633//5393 2655//5393
f 864//5394 1182//5394 2633//5394
f 2435//5395 2463//5395 2443//5395
f 2476//5396 2468//5396 2463//5396
f 2476//5397 2491//5397 2468//5397
f 2468//5398 2512//5398 2504//5398
f 2528//5399 2527//5399 2475//5399
f 2564//5400 2598//5400 2597//5400
f 2686//5401 2740//5401 2685//5401
f 2685//5402 2740//5402 2703//5402
f 2740//5403 2787//5403 2703//5403
f 2740//5404 2788//5404 2787//5404
f 2643//5405 2622//5405 2623//5405
f 2491//5406 2512//5406 2468//5406
f 2491//5407 2517//5407 2512//5407
f 2528//5408 2475//5408 2504//5408
f 2538//5409 2527//5409 2528//5409
f 2538//5410 2564//5410 2527//5410
f 2564//5411 2584//5411 2598//5411
f 2692//5412 2686//5412 2661//5412
f 2788//5413 508//5413 2787//5413
f 2788//5414 1396//5414 508//5414
f 1424//5415 484//5415 2357//5415
f 2785//5416 2796//5416 2751//5416
f 2428//5417 2435//5417 2427//5417
f 2464//5418 2476//5418 2463//5418
f 2529//5419 2538//5419 2528//5419
f 2693//5420 2686//5420 2692//5420
f 2440//5421 2448//5421 2447//5421
f 2605//5422 2604//5422 2591//5422
f 2725//5423 2737//5423 2724//5423
f 2467//5424 2455//5424 1169//5424
f 1733//5425 119//5425 1715//5425
f 1733//5426 1424//5426 119//5426
f 2464//5427 2463//5427 2435//5427
f 2450//5428 2464//5428 2435//5428
f 2464//5429 2491//5429 2476//5429
f 2518//5430 2517//5430 2491//5430
f 2565//5431 2564//5431 2538//5431
f 2565//5432 2584//5432 2564//5432
f 2704//5433 2686//5433 2693//5433
f 2534//5434 2558//5434 2533//5434
f 2467//5435 2474//5435 2455//5435
f 1550//5436 1358//5436 1561//5436
f 1733//5437 469//5437 1424//5437
f 2710//5438 2748//5438 2672//5438
f 2474//5439 2488//5439 2455//5439
f 2737//5440 2736//5440 2724//5440
f 1898//5441 1350//5441 2807//5441
f 2462//5442 2495//5442 2473//5442
f 2648//5443 2669//5443 2655//5443
f 2441//5444 2435//5444 2428//5444
f 2441//5445 2450//5445 2435//5445
f 2450//5446 2465//5446 2464//5446
f 2464//5447 2513//5447 2491//5447
f 2513//5448 2518//5448 2491//5448
f 2539//5449 2548//5449 2538//5449
f 2548//5450 2565//5450 2538//5450
f 2584//5451 2613//5451 2598//5451
f 2720//5452 2686//5452 2704//5452
f 2453//5453 2454//5453 2457//5453
f 2535//5454 2516//5454 1176//5454
f 2535//5455 2545//5455 2516//5455
f 2477//5456 2464//5456 2465//5456
f 2464//5457 2519//5457 2513//5457
f 2519//5458 2540//5458 2513//5458
f 2720//5459 2740//5459 2686//5459
f 2803//5460 2788//5460 2740//5460
f 843//5461 1396//5461 2788//5461
f 2647//5462 2632//5462 2641//5462
f 2710//5463 2672//5463 2673//5463
f 2448//5464 2440//5464 2432//5464
f 2647//5465 2674//5465 2632//5465
f 2450//5466 2451//5466 2465//5466
f 2549//5467 2565//5467 2548//5467
f 2584//5468 2565//5468 2613//5468
f 2803//5469 1705//5469 2788//5469
f 1705//5470 843//5470 2788//5470
f 1168//5471 2489//5471 2467//5471
f 2605//5472 2647//5472 2641//5472
f 2795//5473 2807//5473 2794//5473
f 1317//5474 2046//5474 2256//5474
f 2436//5475 2441//5475 2428//5475
f 2436//5476 2450//5476 2441//5476
f 2505//5477 2464//5477 2477//5477
f 2505//5478 2519//5478 2464//5478
f 2566//5479 2565//5479 2549//5479
f 2565//5480 2614//5480 2613//5480
f 2721//5481 2720//5481 2704//5481
f 1751//5482 1752//5482 1758//5482
f 1182//5483 864//5483 878//5483
f 2473//5484 2500//5484 2494//5484
f 2674//5485 2666//5485 2632//5485
f 2617//5486 2605//5486 2607//5486
f 2481//5487 2473//5487 2494//5487
f 2436//5488 2428//5488 2429//5488
f 2451//5489 2456//5489 2465//5489
f 2721//5490 2704//5490 2705//5490
f 2766//5491 2720//5491 2721//5491
f 2766//5492 2740//5492 2720//5492
f 1948//5493 1120//5493 1954//5493
f 2487//5494 2493//5494 2471//5494
f 2454//5495 2458//5495 2457//5495
f 2697//5496 2709//5496 2671//5496
f 2760//5497 2748//5497 2710//5497
f 2436//5498 2451//5498 2450//5498
f 2456//5499 2477//5499 2465//5499
f 2541//5500 2519//5500 2505//5500
f 2541//5501 2550//5501 2519//5501
f 2567//5502 2565//5502 2566//5502
f 2615//5503 2614//5503 2565//5503
f 2766//5504 2803//5504 2740//5504
f 2803//5505 843//5505 1705//5505
f 2622//5506 2648//5506 2593//5506
f 2607//5507 2605//5507 2606//5507
f 1555//5508 1554//5508 2581//5508
f 2530//5509 2602//5509 2554//5509
f 2795//5510 2794//5510 2783//5510
f 2784//5511 2795//5511 2783//5511
f 2652//5512 2673//5512 2639//5512
f 2478//5513 2477//5513 2456//5513
f 2573//5514 2565//5514 2567//5514
f 2565//5515 2599//5515 2615//5515
f 2599//5516 2627//5516 2615//5516
f 2741//5517 2766//5517 2721//5517
f 2731//5518 2746//5518 2709//5518
f 2486//5519 2485//5519 2479//5519
f 2437//5520 2436//5520 2429//5520
f 2451//5521 2444//5521 2456//5521
f 2505//5522 2477//5522 2478//5522
f 2551//5523 2541//5523 2505//5523
f 2551//5524 2568//5524 2541//5524
f 2599//5525 2565//5525 2573//5525
f 2628//5526 2627//5526 2599//5526
f 2706//5527 2705//5527 2694//5527
f 2695//5528 2706//5528 2694//5528
f 2706//5529 2721//5529 2705//5529
f 2804//5530 2803//5530 2766//5530
f 2556//5531 2555//5531 2500//5531
f 2439//5532 2438//5532 2431//5532
f 2731//5533 2759//5533 2746//5533
f 2457//5534 2458//5534 2471//5534
f 2455//5535 2462//5535 2448//5535
f 2436//5536 2444//5536 2451//5536
f 2444//5537 2466//5537 2456//5537
f 2552//5538 2551//5538 2505//5538
f 2585//5539 2573//5539 2574//5539
f 2585//5540 2599//5540 2573//5540
f 2599//5541 2629//5541 2628//5541
f 2629//5542 2644//5542 2628//5542
f 2696//5543 2706//5543 2695//5543
f 2706//5544 2741//5544 2721//5544
f 1560//5545 1549//5545 1550//5545
